feature,importance
stability_index,0.3696455270114589
severe_offences,0.1327516093418676
suspension_proximity,0.12579962508764048
current_points,0.08507470902112071
days_since_last_offence,0.06664177485282995
offences_last_12m,0.057753963130388664
avg_days_between_offences,0.05707704366865033
years_since_licence_issue,0.041340987598456
moderate_offences,0.02995833462354764
trend_encoded,0.018765627270183192
minor_offences,0.015190798393856701
