feature,importance
stability_index,0.37497121681623635
severe_offences,0.14122039850761428
suspension_proximity,0.12544937119656158
current_points,0.09152397363640527
days_since_last_offence,0.059896202965224465
offences_last_12m,0.05824825040766927
avg_days_between_offences,0.04912823667633434
years_since_licence_issue,0.03528932891577482
moderate_offences,0.035243546384506975
trend_encoded,0.014564772670457206
minor_offences,0.014464701823215428
