feature,importance
stability_index,0.36424474756151565
severe_offences,0.13987518279867647
suspension_proximity,0.12400880757293159
current_points,0.09234987451179306
days_since_last_offence,0.06290247837381514
offences_last_12m,0.061804134982642096
avg_days_between_offences,0.05223651440382014
moderate_offences,0.03586359841151969
years_since_licence_issue,0.035620677359720986
minor_offences,0.016454143743618914
trend_encoded,0.014639840279946213
