feature,importance
stability_index,0.36846670054517977
severe_offences,0.1400737714458885
suspension_proximity,0.12798988577919704
current_points,0.09281023985728971
days_since_last_offence,0.061657119016548974
offences_last_12m,0.06009883106997875
avg_days_between_offences,0.048031728924835565
years_since_licence_issue,0.03555135648281747
moderate_offences,0.03170567872231587
trend_encoded,0.01856633960082715
minor_offences,0.01504834855512132
