feature,importance
stability_index,0.3612723859007548
severe_offences,0.1412555876562252
suspension_proximity,0.12257630218775731
current_points,0.0932145197578178
days_since_last_offence,0.06584713282289953
offences_last_12m,0.0573030235341622
avg_days_between_offences,0.05384185290405295
years_since_licence_issue,0.040179655742309243
moderate_offences,0.02850372651299652
trend_encoded,0.019182773151442012
minor_offences,0.016823039829582453
