feature,importance
stability_index,0.3669206052559653
severe_offences,0.14778578343772292
suspension_proximity,0.12344555910681301
current_points,0.09435699634487912
days_since_last_offence,0.06207629656323663
offences_last_12m,0.05708197309625897
avg_days_between_offences,0.049081460471370304
moderate_offences,0.0347993638405199
years_since_licence_issue,0.03352307580042807
trend_encoded,0.017176299386329218
minor_offences,0.013752586696476624
