feature,importance
stability_index,0.3696278331038344
suspension_proximity,0.13917288946908685
severe_offences,0.12442353474027516
current_points,0.09213353806386024
days_since_last_offence,0.060655869396078234
offences_last_12m,0.05821560705073559
avg_days_between_offences,0.051230483229032744
moderate_offences,0.03769082942759659
years_since_licence_issue,0.036633051530306264
trend_encoded,0.01611641129416485
minor_offences,0.014099952695028856
