feature,importance
stability_index,0.3678624259790967
suspension_proximity,0.1410072253056289
severe_offences,0.11778978283466497
current_points,0.10021852572867265
days_since_last_offence,0.05941631101136231
offences_last_12m,0.05758980928886666
avg_days_between_offences,0.0515051262513148
years_since_licence_issue,0.036109061826157515
moderate_offences,0.03225929926044079
trend_encoded,0.02078237278035393
minor_offences,0.015460059733440817
