current_points,offences_last_12m,minor_offences,moderate_offences,severe_offences,days_since_last_offence,avg_days_between_offences,years_since_licence_issue,suspension_proximity,stability_index,trend_encoded,label
1.0,0,0,0,0,183.0,55.0,1.0,0.0666666666666666,97.33333333333331,0,0
6.0,4,1,1,1,30.0,105.0,17.0,0.4,72.0,1,1
4.0,1,0,0,0,331.0,72.0,20.0,0.2666666666666666,89.33333333333333,0,0
4.0,1,1,0,0,150.0,54.0,19.0,0.2666666666666666,87.33333333333333,1,0
8.0,0,0,0,0,186.0,90.0,2.0,0.5333333333333333,78.66666666666667,0,0
6.0,3,2,0,1,0.0,73.0,14.0,0.4,74.0,1,1
12.0,2,0,0,2,60.0,72.0,9.0,0.8,56.0,1,1
5.0,1,0,0,0,328.0,98.0,25.0,0.3333333333333333,86.66666666666667,0,0
10.0,1,0,0,1,90.0,120.0,13.0,0.6666666666666666,67.33333333333334,1,1
1.0,0,0,0,0,334.0,86.0,8.0,0.0666666666666666,97.33333333333331,0,0
3.0,0,1,0,0,120.0,51.0,6.0,0.2,90.0,1,0
3.0,0,0,0,0,272.0,90.0,13.0,0.2,92.0,0,0
4.0,1,1,0,0,60.0,70.0,13.0,0.2666666666666666,87.33333333333333,1,0
5.0,1,0,0,0,233.0,128.0,8.0,0.3333333333333333,86.66666666666667,0,0
6.0,0,0,0,0,285.0,79.0,11.0,0.4,84.0,0,0
14.0,0,0,0,1,60.0,122.0,1.0,0.9333333333333332,56.66666666666666,1,0
3.0,0,0,0,0,191.0,126.0,4.0,0.2,92.0,0,0
4.0,1,0,0,0,256.0,104.0,24.0,0.2666666666666666,89.33333333333333,0,0
10.0,5,2,0,2,30.0,97.0,14.0,0.6666666666666666,57.33333333333334,1,1
0.0,1,0,1,0,30.0,53.0,5.0,0.0,96.0,1,0
2.0,0,0,0,0,253.0,59.0,17.0,0.1333333333333333,94.66666666666669,0,0
6.0,0,0,0,0,195.0,70.0,15.0,0.4,84.0,0,0
2.0,0,0,0,0,246.0,84.0,6.0,0.1333333333333333,94.66666666666669,0,0
2.0,0,0,0,0,359.0,122.0,13.0,0.1333333333333333,94.66666666666669,0,0
12.0,4,1,3,0,0.0,86.0,16.0,0.8,54.0,1,1
12.0,1,0,1,1,30.0,102.0,8.0,0.8,58.0,1,1
6.0,1,1,0,0,120.0,62.0,5.0,0.4,82.0,1,0
3.0,0,0,0,0,358.0,55.0,20.0,0.2,92.0,0,0
12.0,2,0,0,1,30.0,75.0,25.0,0.8,62.0,1,1
1.0,1,1,0,0,90.0,49.0,12.0,0.0666666666666666,95.33333333333331,1,0
4.0,0,0,0,0,257.0,121.0,3.0,0.2666666666666666,89.33333333333333,0,0
1.0,0,0,0,0,357.0,85.0,20.0,0.0666666666666666,97.33333333333331,0,0
4.0,1,0,0,0,282.0,122.0,6.0,0.2666666666666666,89.33333333333333,0,0
3.0,1,0,0,0,203.0,67.0,14.0,0.2,92.0,0,0
4.0,1,0,2,0,30.0,38.0,24.0,0.2666666666666666,81.33333333333333,1,0
6.0,1,1,0,0,60.0,123.0,19.0,0.4,82.0,1,0
4.0,1,2,0,0,0.0,77.0,18.0,0.2666666666666666,85.33333333333333,1,0
10.0,2,0,2,1,30.0,60.0,23.0,0.6666666666666666,59.33333333333334,1,1
0.0,0,0,0,0,344.0,123.0,19.0,0.0,100.0,0,0
1.0,0,0,0,0,278.0,85.0,14.0,0.0666666666666666,97.33333333333331,0,0
1.0,0,0,0,0,241.0,66.0,20.0,0.0666666666666666,97.33333333333331,0,0
11.0,2,0,1,1,120.0,34.0,10.0,0.7333333333333333,60.66666666666667,1,1
7.0,4,0,2,2,0.0,86.0,7.0,0.4666666666666667,61.33333333333333,1,1
3.0,0,0,0,0,360.0,124.0,2.0,0.2,92.0,0,0
11.0,2,1,1,0,0.0,39.0,8.0,0.7333333333333333,64.66666666666667,1,1
0.0,0,0,0,0,231.0,92.0,11.0,0.0,100.0,0,0
5.0,1,1,0,0,90.0,48.0,11.0,0.3333333333333333,84.66666666666667,1,0
11.0,4,1,3,0,0.0,85.0,19.0,0.7333333333333333,56.66666666666667,1,1
8.0,2,1,1,0,30.0,54.0,3.0,0.5333333333333333,72.66666666666667,1,1
1.0,0,0,0,0,300.0,52.0,11.0,0.0666666666666666,97.33333333333331,0,0
4.0,0,0,0,0,357.0,125.0,10.0,0.2666666666666666,89.33333333333333,0,0
13.0,5,1,1,3,30.0,10.0,16.0,0.8666666666666667,41.33333333333333,1,1
14.0,4,0,1,2,0.0,70.0,2.0,0.9333333333333332,46.66666666666666,1,0
2.0,0,0,0,0,268.0,53.0,23.0,0.1333333333333333,94.66666666666669,0,0
8.0,0,0,0,0,320.0,90.0,3.0,0.5333333333333333,78.66666666666667,0,0
10.0,4,2,1,1,30.0,76.0,2.0,0.6666666666666666,59.33333333333334,1,1
12.0,3,1,1,1,0.0,69.0,6.0,0.8,56.0,1,1
2.0,0,0,0,0,330.0,57.0,9.0,0.1333333333333333,94.66666666666669,0,0
13.0,3,1,0,2,60.0,50.0,16.0,0.8666666666666667,51.33333333333333,1,1
6.0,1,2,0,0,60.0,87.0,17.0,0.4,80.0,1,0
8.0,2,1,1,0,0.0,72.0,1.0,0.5333333333333333,72.66666666666667,1,1
12.0,4,2,1,0,30.0,73.0,4.0,0.8,60.0,1,1
0.0,0,0,0,0,277.0,76.0,22.0,0.0,100.0,0,0
7.0,0,0,0,0,279.0,108.0,13.0,0.4666666666666667,81.33333333333333,0,0
6.0,0,1,0,0,150.0,89.0,22.0,0.4,82.0,1,0
0.0,0,0,0,0,286.0,90.0,21.0,0.0,100.0,0,0
4.0,0,0,0,0,301.0,129.0,12.0,0.2666666666666666,89.33333333333333,0,0
5.0,2,0,0,1,30.0,47.0,24.0,0.3333333333333333,80.66666666666667,1,0
11.0,5,0,2,2,0.0,72.0,25.0,0.7333333333333333,50.66666666666667,1,1
4.0,0,1,0,0,150.0,72.0,16.0,0.2666666666666666,87.33333333333333,1,0
4.0,0,1,0,0,150.0,63.0,20.0,0.2666666666666666,87.33333333333333,1,0
3.0,0,0,0,0,321.0,52.0,3.0,0.2,92.0,0,0
0.0,0,0,0,0,330.0,98.0,15.0,0.0,100.0,0,0
3.0,0,0,0,0,229.0,106.0,13.0,0.2,92.0,0,0
6.0,2,1,1,0,30.0,76.0,15.0,0.4,78.0,1,0
5.0,1,0,0,0,194.0,89.0,23.0,0.3333333333333333,86.66666666666667,0,0
4.0,0,0,0,0,304.0,106.0,24.0,0.2666666666666666,89.33333333333333,0,0
5.0,0,0,0,0,252.0,115.0,11.0,0.3333333333333333,86.66666666666667,0,0
0.0,0,0,0,0,195.0,118.0,1.0,0.0,100.0,0,0
1.0,0,0,0,0,277.0,138.0,3.0,0.0666666666666666,97.33333333333331,0,0
7.0,2,0,1,0,150.0,43.0,23.0,0.4666666666666667,77.33333333333333,1,0
4.0,0,0,0,0,277.0,104.0,9.0,0.2666666666666666,89.33333333333333,0,0
3.0,0,0,0,0,235.0,48.0,14.0,0.2,92.0,0,0
8.0,1,0,0,1,150.0,85.0,14.0,0.5333333333333333,72.66666666666667,1,1
4.0,0,0,0,0,236.0,46.0,8.0,0.2666666666666666,89.33333333333333,0,0
0.0,0,0,0,0,355.0,100.0,24.0,0.0,100.0,0,0
0.0,0,0,0,0,180.0,71.0,6.0,0.0,100.0,0,0
4.0,1,0,0,0,197.0,80.0,17.0,0.2666666666666666,89.33333333333333,0,0
5.0,0,0,1,0,120.0,75.0,11.0,0.3333333333333333,82.66666666666667,1,0
6.0,4,3,0,1,0.0,90.0,3.0,0.4,72.0,1,1
5.0,2,2,0,1,0.0,56.0,22.0,0.3333333333333333,76.66666666666667,1,1
0.0,1,1,0,0,30.0,79.0,4.0,0.0,98.0,1,0
3.0,0,0,0,0,358.0,114.0,24.0,0.2,92.0,0,0
3.0,1,0,0,0,313.0,55.0,14.0,0.2,92.0,0,0
0.0,1,0,0,0,352.0,66.0,11.0,0.0,100.0,0,0
0.0,1,1,0,0,60.0,89.0,16.0,0.0,98.0,1,0
8.0,0,0,0,1,150.0,102.0,9.0,0.5333333333333333,72.66666666666667,1,1
3.0,0,0,0,0,312.0,132.0,22.0,0.2,92.0,0,0
0.0,0,0,0,0,336.0,86.0,5.0,0.0,100.0,0,0
1.0,1,0,0,0,287.0,66.0,16.0,0.0666666666666666,97.33333333333331,0,0
4.0,2,2,0,0,60.0,112.0,17.0,0.2666666666666666,85.33333333333333,1,0
7.0,3,1,0,1,90.0,80.0,10.0,0.4666666666666667,73.33333333333333,1,1
4.0,3,0,2,0,30.0,98.0,5.0,0.2666666666666666,81.33333333333333,1,0
0.0,2,0,1,0,150.0,114.0,17.0,0.0,96.0,1,0
3.0,0,0,1,0,60.0,77.0,4.0,0.2,88.0,1,0
2.0,3,1,1,0,0.0,52.0,18.0,0.1333333333333333,88.66666666666667,1,0
8.0,2,0,1,0,90.0,50.0,22.0,0.5333333333333333,74.66666666666667,1,0
1.0,0,0,0,0,208.0,107.0,21.0,0.0666666666666666,97.33333333333331,0,0
4.0,1,0,0,0,299.0,92.0,1.0,0.2666666666666666,89.33333333333333,0,0
0.0,1,0,0,0,273.0,94.0,8.0,0.0,100.0,0,0
3.0,0,0,0,0,281.0,72.0,21.0,0.2,92.0,0,0
3.0,1,0,0,1,30.0,95.0,22.0,0.2,86.0,1,0
12.0,3,1,1,1,90.0,39.0,5.0,0.8,56.0,1,1
3.0,0,0,0,0,311.0,126.0,7.0,0.2,92.0,0,0
2.0,0,1,0,0,0.0,69.0,17.0,0.1333333333333333,92.66666666666669,1,0
4.0,0,0,0,0,298.0,94.0,4.0,0.2666666666666666,89.33333333333333,0,0
10.0,2,2,0,1,0.0,64.0,25.0,0.6666666666666666,63.33333333333334,1,1
4.0,1,1,0,0,90.0,78.0,9.0,0.2666666666666666,87.33333333333333,1,0
8.0,1,1,0,0,150.0,100.0,12.0,0.5333333333333333,76.66666666666667,1,0
1.0,1,0,0,0,267.0,117.0,18.0,0.0666666666666666,97.33333333333331,0,0
0.0,1,0,0,0,249.0,61.0,11.0,0.0,100.0,0,0
14.0,2,1,0,1,0.0,73.0,13.0,0.9333333333333332,54.66666666666666,1,1
3.0,0,0,0,0,231.0,48.0,6.0,0.2,92.0,0,0
4.0,2,2,0,0,0.0,36.0,9.0,0.2666666666666666,85.33333333333333,1,0
11.0,2,0,0,3,0.0,64.0,23.0,0.7333333333333333,52.66666666666667,1,1
7.0,1,1,0,0,0.0,67.0,14.0,0.4666666666666667,79.33333333333333,1,0
12.0,2,0,1,2,0.0,53.0,4.0,0.8,52.0,1,1
1.0,0,0,0,0,359.0,84.0,9.0,0.0666666666666666,97.33333333333331,0,0
7.0,2,1,0,0,30.0,48.0,7.0,0.4666666666666667,79.33333333333333,1,1
0.0,1,0,0,0,213.0,60.0,21.0,0.0,100.0,0,0
8.0,0,0,0,0,198.0,91.0,12.0,0.5333333333333333,78.66666666666667,0,0
1.0,2,1,0,0,90.0,62.0,17.0,0.0666666666666666,95.33333333333331,1,0
3.0,0,1,0,0,60.0,33.0,2.0,0.2,90.0,1,0
2.0,0,0,0,0,245.0,59.0,9.0,0.1333333333333333,94.66666666666669,0,0
13.0,4,1,0,2,0.0,21.0,15.0,0.8666666666666667,51.33333333333333,1,1
9.0,4,1,1,1,0.0,65.0,6.0,0.6,64.0,1,1
14.0,2,0,1,2,60.0,62.0,17.0,0.9333333333333332,46.66666666666666,1,0
4.0,2,1,0,1,0.0,78.0,19.0,0.2666666666666666,81.33333333333333,1,1
0.0,0,0,0,0,308.0,140.0,22.0,0.0,100.0,0,0
2.0,0,0,0,0,328.0,135.0,18.0,0.1333333333333333,94.66666666666669,0,0
4.0,1,0,0,0,223.0,125.0,25.0,0.2666666666666666,89.33333333333333,0,0
5.0,1,1,0,0,30.0,68.0,14.0,0.3333333333333333,84.66666666666667,1,0
8.0,1,0,0,0,210.0,63.0,5.0,0.5333333333333333,78.66666666666667,0,0
5.0,0,0,0,0,231.0,108.0,3.0,0.3333333333333333,86.66666666666667,0,0
7.0,0,1,0,0,0.0,110.0,3.0,0.4666666666666667,79.33333333333333,1,0
1.0,1,0,0,0,328.0,92.0,3.0,0.0666666666666666,97.33333333333331,0,0
8.0,2,0,1,1,0.0,35.0,10.0,0.5333333333333333,68.66666666666667,1,1
11.0,2,1,1,0,30.0,47.0,24.0,0.7333333333333333,64.66666666666667,1,1
1.0,1,0,0,0,293.0,116.0,16.0,0.0666666666666666,97.33333333333331,0,0
4.0,0,0,0,0,275.0,62.0,2.0,0.2666666666666666,89.33333333333333,0,0
4.0,0,0,0,0,241.0,78.0,17.0,0.2666666666666666,89.33333333333333,0,0
10.0,3,0,0,4,0.0,48.0,15.0,0.6666666666666666,49.33333333333334,1,1
11.0,5,1,2,2,30.0,58.0,7.0,0.7333333333333333,48.66666666666667,1,1
14.0,1,0,0,1,60.0,58.0,14.0,0.9333333333333332,56.66666666666666,1,1
1.0,0,0,0,0,289.0,140.0,19.0,0.0666666666666666,97.33333333333331,0,0
3.0,1,0,1,1,30.0,107.0,14.0,0.2,82.0,1,1
12.0,1,1,0,0,120.0,39.0,17.0,0.8,66.0,1,1
4.0,1,2,0,0,0.0,96.0,18.0,0.2666666666666666,85.33333333333333,1,0
3.0,0,0,0,0,248.0,99.0,11.0,0.2,92.0,0,0
14.0,2,1,0,1,30.0,37.0,21.0,0.9333333333333332,54.66666666666666,1,1
6.0,2,1,0,0,90.0,86.0,9.0,0.4,82.0,1,0
1.0,0,0,0,0,291.0,68.0,6.0,0.0666666666666666,97.33333333333331,0,0
1.0,1,0,0,0,280.0,91.0,11.0,0.0666666666666666,97.33333333333331,0,0
2.0,1,0,0,0,228.0,104.0,15.0,0.1333333333333333,94.66666666666669,0,0
7.0,0,0,0,0,293.0,108.0,16.0,0.4666666666666667,81.33333333333333,0,0
6.0,1,1,0,0,30.0,126.0,4.0,0.4,82.0,1,0
5.0,0,0,0,0,264.0,88.0,13.0,0.3333333333333333,86.66666666666667,0,0
8.0,3,0,1,1,60.0,78.0,23.0,0.5333333333333333,68.66666666666667,1,1
3.0,2,1,2,0,30.0,94.0,12.0,0.2,82.0,1,1
11.0,2,1,1,0,60.0,34.0,15.0,0.7333333333333333,64.66666666666667,1,1
14.0,1,2,0,0,0.0,39.0,7.0,0.9333333333333332,58.66666666666666,1,1
4.0,0,0,0,0,200.0,121.0,15.0,0.2666666666666666,89.33333333333333,0,0
4.0,1,1,0,0,120.0,47.0,19.0,0.2666666666666666,87.33333333333333,1,0
6.0,0,0,0,0,323.0,111.0,21.0,0.4,84.0,0,0
2.0,0,0,0,0,341.0,128.0,10.0,0.1333333333333333,94.66666666666669,0,0
0.0,1,1,0,0,120.0,116.0,22.0,0.0,98.0,1,0
2.0,0,0,0,0,329.0,55.0,24.0,0.1333333333333333,94.66666666666669,0,0
4.0,0,0,0,0,315.0,101.0,24.0,0.2666666666666666,89.33333333333333,0,0
6.0,0,0,0,0,208.0,87.0,21.0,0.4,84.0,0,0
7.0,2,1,0,0,60.0,109.0,8.0,0.4666666666666667,79.33333333333333,1,0
6.0,0,0,0,0,280.0,58.0,11.0,0.4,84.0,0,0
3.0,0,0,0,0,311.0,138.0,2.0,0.2,92.0,0,0
4.0,1,0,0,0,190.0,89.0,5.0,0.2666666666666666,89.33333333333333,0,0
2.0,1,0,0,0,205.0,122.0,24.0,0.1333333333333333,94.66666666666669,0,0
2.0,0,0,0,0,255.0,88.0,13.0,0.1333333333333333,94.66666666666669,0,0
0.0,0,0,0,0,234.0,108.0,24.0,0.0,100.0,0,0
6.0,4,1,3,0,0.0,97.0,3.0,0.4,70.0,1,1
3.0,0,0,0,0,307.0,85.0,10.0,0.2,92.0,0,0
9.0,1,1,0,0,60.0,67.0,10.0,0.6,74.0,1,0
11.0,3,0,2,1,0.0,100.0,13.0,0.7333333333333333,56.66666666666667,1,1
4.0,0,0,0,0,296.0,89.0,25.0,0.2666666666666666,89.33333333333333,0,0
8.0,1,0,1,1,0.0,65.0,11.0,0.5333333333333333,68.66666666666667,1,1
7.0,1,0,1,0,120.0,96.0,17.0,0.4666666666666667,77.33333333333333,1,0
3.0,1,0,0,1,120.0,113.0,6.0,0.2,86.0,1,0
8.0,0,0,1,0,30.0,73.0,23.0,0.5333333333333333,74.66666666666667,1,0
4.0,1,1,0,0,30.0,54.0,12.0,0.2666666666666666,87.33333333333333,1,0
12.0,6,2,0,4,0.0,70.0,22.0,0.8,40.0,1,1
3.0,2,2,0,0,30.0,37.0,3.0,0.2,88.0,1,0
4.0,1,0,1,0,90.0,84.0,11.0,0.2666666666666666,85.33333333333333,1,0
7.0,0,0,0,0,252.0,62.0,14.0,0.4666666666666667,81.33333333333333,0,0
8.0,3,0,1,1,60.0,92.0,25.0,0.5333333333333333,68.66666666666667,1,1
6.0,0,0,0,0,220.0,60.0,24.0,0.4,84.0,0,0
2.0,1,0,0,0,282.0,88.0,23.0,0.1333333333333333,94.66666666666669,0,0
2.0,0,1,0,0,60.0,49.0,4.0,0.1333333333333333,92.66666666666669,1,0
2.0,0,0,0,0,256.0,58.0,20.0,0.1333333333333333,94.66666666666669,0,0
7.0,2,0,1,0,60.0,104.0,13.0,0.4666666666666667,77.33333333333333,1,0
6.0,1,0,0,0,220.0,78.0,14.0,0.4,84.0,0,0
13.0,3,1,0,1,30.0,91.0,22.0,0.8666666666666667,57.33333333333333,1,1
7.0,0,1,0,0,120.0,60.0,24.0,0.4666666666666667,79.33333333333333,1,0
10.0,2,0,1,1,30.0,44.0,4.0,0.6666666666666666,63.33333333333334,1,1
7.0,0,0,0,0,309.0,77.0,17.0,0.4666666666666667,81.33333333333333,0,0
10.0,4,0,2,2,0.0,50.0,5.0,0.6666666666666666,53.33333333333334,1,1
5.0,2,0,0,1,150.0,73.0,18.0,0.3333333333333333,80.66666666666667,1,0
12.0,2,1,1,0,30.0,65.0,2.0,0.8,62.0,1,1
9.0,2,1,0,0,60.0,122.0,8.0,0.6,74.0,1,0
9.0,1,1,0,0,120.0,51.0,8.0,0.6,74.0,1,0
8.0,2,0,0,2,0.0,56.0,17.0,0.5333333333333333,66.66666666666667,1,1
13.0,3,0,1,2,0.0,32.0,17.0,0.8666666666666667,49.33333333333333,1,1
3.0,0,0,1,0,120.0,72.0,23.0,0.2,88.0,1,0
4.0,0,0,0,0,223.0,121.0,16.0,0.2666666666666666,89.33333333333333,0,0
4.0,1,0,1,0,60.0,43.0,6.0,0.2666666666666666,85.33333333333333,1,0
2.0,2,2,0,0,90.0,45.0,3.0,0.1333333333333333,90.66666666666669,1,0
9.0,2,0,1,0,30.0,75.0,15.0,0.6,72.0,1,0
7.0,4,0,2,2,0.0,30.0,8.0,0.4666666666666667,61.33333333333333,1,1
3.0,0,1,0,0,0.0,65.0,8.0,0.2,90.0,1,0
11.0,0,0,1,0,30.0,102.0,13.0,0.7333333333333333,66.66666666666667,1,1
8.0,1,1,0,0,30.0,73.0,4.0,0.5333333333333333,76.66666666666667,1,0
10.0,3,1,1,1,30.0,87.0,22.0,0.6666666666666666,61.33333333333334,1,1
0.0,1,0,0,0,225.0,74.0,6.0,0.0,100.0,0,1
5.0,0,0,0,0,231.0,90.0,13.0,0.3333333333333333,86.66666666666667,0,0
7.0,3,1,1,0,0.0,67.0,2.0,0.4666666666666667,75.33333333333333,1,1
3.0,0,0,0,0,187.0,59.0,22.0,0.2,92.0,0,0
6.0,1,0,0,1,60.0,73.0,17.0,0.4,78.0,1,1
11.0,2,0,1,0,0.0,76.0,9.0,0.7333333333333333,66.66666666666667,1,1
3.0,0,0,0,0,303.0,67.0,18.0,0.2,92.0,0,0
10.0,2,2,0,0,30.0,47.0,4.0,0.6666666666666666,69.33333333333334,1,1
4.0,1,0,0,0,251.0,79.0,18.0,0.2666666666666666,89.33333333333333,0,0
4.0,0,0,0,0,264.0,118.0,20.0,0.2666666666666666,89.33333333333333,0,0
4.0,0,0,0,0,265.0,137.0,10.0,0.2666666666666666,89.33333333333333,0,0
11.0,2,0,2,0,30.0,107.0,15.0,0.7333333333333333,62.66666666666667,1,1
9.0,3,1,2,0,0.0,38.0,21.0,0.6,66.0,1,1
9.0,0,0,0,0,197.0,93.0,1.0,0.6,76.0,0,0
1.0,0,0,0,0,352.0,58.0,21.0,0.0666666666666666,97.33333333333331,0,0
6.0,0,0,0,0,307.0,94.0,9.0,0.4,84.0,0,0
10.0,4,1,2,1,60.0,40.0,5.0,0.6666666666666666,57.33333333333334,1,1
7.0,2,0,2,0,120.0,74.0,5.0,0.4666666666666667,73.33333333333333,1,1
6.0,1,0,0,1,0.0,46.0,10.0,0.4,78.0,1,1
8.0,0,0,0,0,344.0,80.0,2.0,0.5333333333333333,78.66666666666667,0,0
7.0,2,1,0,1,0.0,54.0,6.0,0.4666666666666667,73.33333333333333,1,1
8.0,4,3,0,1,0.0,65.0,7.0,0.5333333333333333,66.66666666666667,1,1
8.0,4,1,2,0,0.0,88.0,17.0,0.5333333333333333,68.66666666666667,1,1
4.0,0,0,0,0,305.0,124.0,18.0,0.2666666666666666,89.33333333333333,0,0
1.0,1,0,0,0,346.0,120.0,23.0,0.0666666666666666,97.33333333333331,0,0
1.0,1,1,0,0,90.0,83.0,20.0,0.0666666666666666,95.33333333333331,1,0
3.0,0,0,0,0,322.0,80.0,10.0,0.2,92.0,0,0
10.0,4,1,1,2,0.0,30.0,17.0,0.6666666666666666,55.33333333333334,1,1
4.0,0,0,0,0,327.0,89.0,22.0,0.2666666666666666,89.33333333333333,0,0
1.0,0,0,0,0,242.0,97.0,8.0,0.0666666666666666,97.33333333333331,0,0
1.0,2,2,0,0,0.0,114.0,4.0,0.0666666666666666,93.33333333333331,1,0
5.0,0,0,0,0,326.0,82.0,5.0,0.3333333333333333,86.66666666666667,0,0
11.0,4,0,1,2,0.0,93.0,19.0,0.7333333333333333,54.66666666666667,1,1
6.0,0,0,0,0,337.0,95.0,20.0,0.4,84.0,0,0
1.0,0,0,0,0,339.0,124.0,18.0,0.0666666666666666,97.33333333333331,0,0
4.0,0,0,0,0,201.0,103.0,10.0,0.2666666666666666,89.33333333333333,0,0
7.0,3,2,0,0,0.0,92.0,17.0,0.4666666666666667,77.33333333333333,1,0
5.0,1,0,0,0,189.0,115.0,7.0,0.3333333333333333,86.66666666666667,0,0
4.0,0,0,0,0,190.0,78.0,15.0,0.2666666666666666,89.33333333333333,0,0
4.0,1,1,0,0,90.0,36.0,8.0,0.2666666666666666,87.33333333333333,1,0
5.0,0,0,0,0,212.0,43.0,3.0,0.3333333333333333,86.66666666666667,0,0
3.0,0,1,0,0,150.0,57.0,25.0,0.2,90.0,1,0
2.0,0,0,0,0,232.0,59.0,16.0,0.1333333333333333,94.66666666666669,0,0
4.0,1,0,0,0,274.0,97.0,24.0,0.2666666666666666,89.33333333333333,0,0
7.0,2,0,1,1,30.0,51.0,21.0,0.4666666666666667,71.33333333333333,1,1
3.0,0,0,0,0,274.0,67.0,9.0,0.2,92.0,0,0
8.0,5,1,2,1,0.0,91.0,20.0,0.5333333333333333,62.66666666666667,1,1
10.0,2,0,1,1,90.0,63.0,12.0,0.6666666666666666,63.33333333333334,1,1
6.0,1,1,0,0,120.0,67.0,8.0,0.4,82.0,1,0
7.0,2,0,0,2,30.0,35.0,11.0,0.4666666666666667,69.33333333333333,1,1
13.0,2,0,0,3,60.0,20.0,19.0,0.8666666666666667,47.33333333333333,1,1
6.0,2,1,0,0,90.0,73.0,20.0,0.4,82.0,1,0
7.0,0,0,0,0,250.0,49.0,21.0,0.4666666666666667,81.33333333333333,0,0
10.0,3,1,0,1,60.0,33.0,18.0,0.6666666666666666,65.33333333333334,1,1
2.0,1,1,0,0,90.0,54.0,21.0,0.1333333333333333,92.66666666666669,1,0
6.0,1,1,0,0,60.0,99.0,11.0,0.4,82.0,1,0
5.0,0,1,0,0,0.0,50.0,16.0,0.3333333333333333,84.66666666666667,1,0
7.0,0,0,0,0,195.0,125.0,22.0,0.4666666666666667,81.33333333333333,0,0
14.0,4,0,3,0,0.0,19.0,10.0,0.9333333333333332,50.66666666666666,1,1
6.0,1,0,0,0,222.0,105.0,1.0,0.4,84.0,0,0
12.0,2,0,2,0,0.0,22.0,19.0,0.8,60.0,1,1
2.0,0,0,0,0,352.0,93.0,11.0,0.1333333333333333,94.66666666666669,0,0
2.0,0,0,0,0,294.0,92.0,5.0,0.1333333333333333,94.66666666666669,0,0
5.0,1,0,0,1,60.0,62.0,6.0,0.3333333333333333,80.66666666666667,1,1
9.0,1,1,1,0,30.0,103.0,21.0,0.6,70.0,1,1
6.0,3,0,1,1,120.0,26.0,15.0,0.4,74.0,1,1
8.0,1,1,0,0,0.0,87.0,8.0,0.5333333333333333,76.66666666666667,1,0
2.0,1,1,0,0,150.0,85.0,8.0,0.1333333333333333,92.66666666666669,1,0
1.0,1,0,0,0,293.0,61.0,2.0,0.0666666666666666,97.33333333333331,0,0
8.0,1,0,1,0,60.0,71.0,6.0,0.5333333333333333,74.66666666666667,1,0
7.0,2,0,0,1,60.0,93.0,10.0,0.4666666666666667,75.33333333333333,1,1
1.0,0,0,0,0,359.0,121.0,7.0,0.0666666666666666,97.33333333333331,0,0
11.0,6,1,1,3,0.0,54.0,8.0,0.7333333333333333,46.66666666666667,1,1
8.0,0,0,0,0,295.0,128.0,25.0,0.5333333333333333,78.66666666666667,0,0
3.0,0,1,0,0,120.0,64.0,20.0,0.2,90.0,1,0
3.0,1,0,0,1,90.0,99.0,25.0,0.2,86.0,1,0
12.0,1,0,1,1,0.0,42.0,1.0,0.8,58.0,1,1
2.0,1,0,0,0,328.0,106.0,18.0,0.1333333333333333,94.66666666666669,0,0
4.0,0,0,0,0,337.0,102.0,7.0,0.2666666666666666,89.33333333333333,0,0
3.0,1,1,0,0,90.0,45.0,13.0,0.2,90.0,1,0
0.0,1,0,0,0,183.0,92.0,11.0,0.0,100.0,0,0
6.0,3,1,2,0,0.0,15.0,6.0,0.4,74.0,1,1
3.0,1,1,0,0,120.0,94.0,1.0,0.2,90.0,1,0
0.0,1,0,0,0,256.0,79.0,14.0,0.0,100.0,0,0
7.0,0,1,0,0,60.0,59.0,24.0,0.4666666666666667,79.33333333333333,1,0
2.0,0,1,0,0,60.0,41.0,24.0,0.1333333333333333,92.66666666666669,1,0
0.0,0,0,0,0,241.0,59.0,4.0,0.0,100.0,0,0
5.0,2,2,0,0,120.0,85.0,13.0,0.3333333333333333,82.66666666666667,1,0
7.0,2,1,0,0,90.0,67.0,10.0,0.4666666666666667,79.33333333333333,1,0
0.0,1,0,0,0,323.0,73.0,11.0,0.0,100.0,0,0
3.0,1,1,0,0,120.0,39.0,11.0,0.2,90.0,1,0
11.0,0,1,0,0,120.0,44.0,2.0,0.7333333333333333,68.66666666666667,1,0
8.0,1,0,0,0,348.0,63.0,2.0,0.5333333333333333,78.66666666666667,0,0
12.0,2,1,1,0,0.0,32.0,7.0,0.8,62.0,1,1
3.0,1,1,0,0,90.0,86.0,10.0,0.2,90.0,1,0
11.0,2,0,1,0,150.0,60.0,22.0,0.7333333333333333,66.66666666666667,1,1
8.0,1,1,0,0,0.0,129.0,17.0,0.5333333333333333,76.66666666666667,1,0
14.0,2,0,0,1,30.0,64.0,20.0,0.9333333333333332,56.66666666666666,1,1
0.0,0,0,0,0,300.0,67.0,3.0,0.0,100.0,0,0
10.0,3,2,0,1,0.0,85.0,3.0,0.6666666666666666,63.33333333333334,1,1
4.0,0,0,0,0,225.0,74.0,10.0,0.2666666666666666,89.33333333333333,0,0
4.0,1,0,0,0,211.0,131.0,15.0,0.2666666666666666,89.33333333333333,0,0
11.0,3,0,2,1,0.0,43.0,21.0,0.7333333333333333,56.66666666666667,1,1
3.0,0,1,0,0,60.0,121.0,13.0,0.2,90.0,1,0
11.0,3,0,0,3,60.0,76.0,12.0,0.7333333333333333,52.66666666666667,1,1
5.0,1,1,0,0,30.0,79.0,19.0,0.3333333333333333,84.66666666666667,1,0
4.0,1,0,0,0,242.0,142.0,20.0,0.2666666666666666,89.33333333333333,0,0
4.0,0,0,1,0,60.0,54.0,22.0,0.2666666666666666,85.33333333333333,1,0
7.0,1,1,0,1,0.0,42.0,16.0,0.4666666666666667,73.33333333333333,1,1
12.0,2,0,3,0,30.0,94.0,11.0,0.8,56.0,1,1
12.0,4,1,2,0,0.0,97.0,8.0,0.8,58.0,1,1
9.0,3,1,1,1,30.0,91.0,4.0,0.6,64.0,1,1
7.0,0,0,0,0,344.0,87.0,11.0,0.4666666666666667,81.33333333333333,0,0
2.0,0,0,0,0,308.0,55.0,17.0,0.1333333333333333,94.66666666666669,0,0
1.0,0,0,0,0,326.0,130.0,24.0,0.0666666666666666,97.33333333333331,0,0
5.0,2,1,0,0,60.0,101.0,21.0,0.3333333333333333,84.66666666666667,1,0
4.0,1,0,0,0,359.0,91.0,2.0,0.2666666666666666,89.33333333333333,0,0
5.0,2,0,1,1,0.0,72.0,4.0,0.3333333333333333,76.66666666666667,1,1
6.0,0,0,0,0,301.0,142.0,16.0,0.4,84.0,0,0
8.0,3,0,2,1,0.0,76.0,16.0,0.5333333333333333,64.66666666666667,1,1
3.0,0,1,0,0,60.0,93.0,17.0,0.2,90.0,1,0
2.0,0,0,0,0,232.0,87.0,25.0,0.1333333333333333,94.66666666666669,0,0
12.0,2,0,0,2,0.0,54.0,12.0,0.8,56.0,1,1
5.0,1,1,1,0,0.0,93.0,7.0,0.3333333333333333,80.66666666666667,1,0
8.0,1,1,0,0,90.0,78.0,18.0,0.5333333333333333,76.66666666666667,1,0
9.0,5,1,2,1,0.0,50.0,22.0,0.6,60.0,1,1
8.0,3,1,2,0,30.0,50.0,17.0,0.5333333333333333,68.66666666666667,1,1
6.0,2,0,2,0,0.0,27.0,2.0,0.4,76.0,1,1
7.0,1,1,0,0,60.0,108.0,23.0,0.4666666666666667,79.33333333333333,1,0
14.0,5,1,0,4,0.0,54.0,16.0,0.9333333333333332,36.66666666666666,1,1
2.0,1,1,0,0,60.0,87.0,3.0,0.1333333333333333,92.66666666666669,1,0
8.0,2,2,0,0,0.0,78.0,2.0,0.5333333333333333,74.66666666666667,1,0
10.0,5,1,0,3,30.0,85.0,7.0,0.6666666666666666,53.33333333333334,1,1
14.0,3,0,1,1,0.0,66.0,22.0,0.9333333333333332,52.66666666666666,1,1
1.0,0,0,0,0,352.0,90.0,20.0,0.0666666666666666,97.33333333333331,0,0
3.0,0,0,0,0,205.0,46.0,4.0,0.2,92.0,0,0
5.0,0,0,0,0,326.0,104.0,2.0,0.3333333333333333,86.66666666666667,0,0
8.0,1,0,1,0,60.0,40.0,1.0,0.5333333333333333,74.66666666666667,1,0
12.0,3,1,0,1,60.0,76.0,21.0,0.8,60.0,1,1
4.0,0,0,0,0,247.0,137.0,10.0,0.2666666666666666,89.33333333333333,0,0
3.0,1,0,0,0,207.0,68.0,2.0,0.2,92.0,0,0
11.0,4,1,2,1,30.0,79.0,8.0,0.7333333333333333,54.66666666666667,1,1
6.0,0,0,0,0,322.0,82.0,7.0,0.4,84.0,0,0
4.0,0,1,0,0,150.0,42.0,16.0,0.2666666666666666,87.33333333333333,1,0
3.0,1,0,0,0,213.0,66.0,12.0,0.2,92.0,0,0
11.0,3,0,2,1,30.0,85.0,8.0,0.7333333333333333,56.66666666666667,1,1
12.0,3,0,2,2,0.0,51.0,24.0,0.8,48.0,1,1
7.0,1,0,0,1,150.0,30.0,4.0,0.4666666666666667,75.33333333333333,1,1
3.0,2,0,1,0,60.0,28.0,14.0,0.2,88.0,1,0
8.0,1,0,0,1,150.0,76.0,5.0,0.5333333333333333,72.66666666666667,1,1
10.0,5,1,1,2,0.0,90.0,2.0,0.6666666666666666,55.33333333333334,1,1
4.0,1,1,0,0,30.0,64.0,2.0,0.2666666666666666,87.33333333333333,1,0
3.0,1,1,0,0,60.0,57.0,19.0,0.2,90.0,1,0
5.0,1,0,0,0,246.0,63.0,16.0,0.3333333333333333,86.66666666666667,0,0
4.0,0,0,0,0,205.0,53.0,22.0,0.2666666666666666,89.33333333333333,0,0
7.0,0,1,0,0,90.0,107.0,24.0,0.4666666666666667,79.33333333333333,1,0
8.0,1,0,0,0,257.0,99.0,9.0,0.5333333333333333,78.66666666666667,0,0
12.0,4,0,1,3,0.0,40.0,21.0,0.8,46.0,1,1
4.0,1,0,0,0,292.0,133.0,15.0,0.2666666666666666,89.33333333333333,0,0
8.0,2,1,0,0,0.0,115.0,20.0,0.5333333333333333,76.66666666666667,1,0
3.0,0,0,0,0,257.0,73.0,15.0,0.2,92.0,0,0
0.0,0,0,0,0,274.0,56.0,16.0,0.0,100.0,0,0
10.0,1,1,0,1,120.0,108.0,24.0,0.6666666666666666,65.33333333333334,1,1
3.0,2,0,1,0,30.0,68.0,10.0,0.2,88.0,1,1
8.0,5,0,2,2,0.0,13.0,5.0,0.5333333333333333,58.66666666666667,1,1
2.0,0,0,0,0,243.0,66.0,16.0,0.1333333333333333,94.66666666666669,0,0
11.0,1,0,1,0,150.0,54.0,23.0,0.7333333333333333,66.66666666666667,1,1
4.0,0,0,0,0,360.0,133.0,24.0,0.2666666666666666,89.33333333333333,0,0
12.0,3,0,0,2,90.0,65.0,13.0,0.8,56.0,1,1
0.0,0,0,0,0,221.0,103.0,8.0,0.0,100.0,0,0
3.0,1,0,0,0,265.0,95.0,7.0,0.2,92.0,0,0
3.0,1,0,1,0,60.0,57.0,4.0,0.2,88.0,1,0
14.0,5,0,1,4,0.0,10.0,9.0,0.9333333333333332,34.666666666666664,1,1
1.0,0,0,0,0,248.0,129.0,5.0,0.0666666666666666,97.33333333333331,0,0
1.0,0,0,0,0,252.0,123.0,4.0,0.0666666666666666,97.33333333333331,0,0
4.0,1,0,1,0,90.0,33.0,20.0,0.2666666666666666,85.33333333333333,1,0
6.0,1,0,0,1,30.0,76.0,8.0,0.4,78.0,1,1
12.0,1,1,0,1,0.0,90.0,23.0,0.8,60.0,1,1
0.0,1,1,0,0,150.0,92.0,4.0,0.0,98.0,1,0
4.0,1,0,0,0,243.0,136.0,18.0,0.2666666666666666,89.33333333333333,0,0
14.0,3,0,1,2,30.0,69.0,12.0,0.9333333333333332,46.66666666666666,1,1
1.0,0,0,0,0,182.0,113.0,16.0,0.0666666666666666,97.33333333333331,0,0
3.0,0,0,0,0,283.0,131.0,9.0,0.2,92.0,0,0
2.0,0,0,0,0,183.0,88.0,9.0,0.1333333333333333,94.66666666666669,0,0
7.0,0,0,0,0,340.0,110.0,6.0,0.4666666666666667,81.33333333333333,0,1
4.0,1,0,0,0,186.0,87.0,10.0,0.2666666666666666,89.33333333333333,0,0
1.0,0,0,0,0,349.0,102.0,5.0,0.0666666666666666,97.33333333333331,0,0
9.0,2,1,1,0,60.0,96.0,10.0,0.6,70.0,1,1
3.0,0,0,0,0,301.0,115.0,23.0,0.2,92.0,0,0
3.0,0,0,0,0,286.0,75.0,18.0,0.2,92.0,0,0
6.0,4,2,1,1,0.0,54.0,17.0,0.4,70.0,1,1
3.0,0,0,0,0,281.0,63.0,1.0,0.2,92.0,0,1
0.0,0,0,0,0,248.0,119.0,6.0,0.0,100.0,0,0
13.0,5,2,1,2,0.0,10.0,14.0,0.8666666666666667,45.33333333333333,1,1
4.0,1,2,0,0,0.0,78.0,4.0,0.2666666666666666,85.33333333333333,1,0
13.0,5,1,1,2,0.0,11.0,4.0,0.8666666666666667,47.33333333333333,1,0
3.0,0,0,0,0,358.0,71.0,11.0,0.2,92.0,0,0
6.0,2,0,1,0,30.0,88.0,19.0,0.4,80.0,1,0
10.0,2,2,0,1,60.0,104.0,23.0,0.6666666666666666,63.33333333333334,1,1
10.0,4,1,1,1,0.0,62.0,20.0,0.6666666666666666,61.33333333333334,1,1
0.0,2,1,0,0,120.0,81.0,24.0,0.0,98.0,1,0
3.0,0,0,0,0,247.0,86.0,18.0,0.2,92.0,0,0
3.0,1,0,0,1,0.0,56.0,6.0,0.2,86.0,1,0
5.0,1,0,0,0,309.0,50.0,3.0,0.3333333333333333,86.66666666666667,0,0
12.0,0,1,0,0,150.0,106.0,13.0,0.8,66.0,1,1
13.0,3,0,0,2,60.0,42.0,24.0,0.8666666666666667,53.33333333333333,1,1
14.0,3,0,0,4,0.0,75.0,7.0,0.9333333333333332,38.66666666666666,1,1
1.0,0,0,0,0,296.0,85.0,11.0,0.0666666666666666,97.33333333333331,0,0
5.0,0,0,0,0,327.0,126.0,16.0,0.3333333333333333,86.66666666666667,0,0
3.0,1,1,0,0,150.0,65.0,2.0,0.2,90.0,1,0
3.0,0,0,0,0,287.0,58.0,5.0,0.2,92.0,0,0
1.0,0,0,0,0,349.0,118.0,3.0,0.0666666666666666,97.33333333333331,0,0
1.0,0,0,0,0,181.0,112.0,2.0,0.0666666666666666,97.33333333333331,0,0
10.0,2,0,2,0,0.0,92.0,8.0,0.6666666666666666,65.33333333333334,1,1
6.0,1,1,0,0,150.0,36.0,7.0,0.4,82.0,1,0
9.0,3,0,3,0,60.0,25.0,20.0,0.6,64.0,1,1
7.0,3,4,0,0,0.0,94.0,4.0,0.4666666666666667,73.33333333333333,1,1
10.0,3,1,1,0,0.0,109.0,5.0,0.6666666666666666,67.33333333333334,1,1
10.0,3,2,1,1,30.0,65.0,3.0,0.6666666666666666,59.33333333333334,1,1
1.0,1,0,0,0,262.0,131.0,16.0,0.0666666666666666,97.33333333333331,0,0
4.0,0,0,0,0,197.0,48.0,16.0,0.2666666666666666,89.33333333333333,0,0
4.0,0,0,0,0,301.0,63.0,3.0,0.2666666666666666,89.33333333333333,0,0
7.0,0,0,0,0,313.0,55.0,16.0,0.4666666666666667,81.33333333333333,0,0
3.0,0,1,0,0,150.0,99.0,12.0,0.2,90.0,1,0
4.0,0,0,0,0,247.0,112.0,23.0,0.2666666666666666,89.33333333333333,0,0
1.0,0,0,0,0,330.0,89.0,5.0,0.0666666666666666,97.33333333333331,0,0
6.0,1,0,1,0,30.0,91.0,25.0,0.4,80.0,1,0
5.0,0,0,0,0,339.0,99.0,7.0,0.3333333333333333,86.66666666666667,0,0
8.0,1,0,1,0,150.0,54.0,2.0,0.5333333333333333,74.66666666666667,1,0
8.0,1,0,0,1,60.0,87.0,5.0,0.5333333333333333,72.66666666666667,1,1
1.0,0,0,0,0,303.0,55.0,1.0,0.0666666666666666,97.33333333333331,0,1
4.0,0,0,0,0,224.0,99.0,9.0,0.2666666666666666,89.33333333333333,0,0
5.0,2,0,1,1,30.0,61.0,7.0,0.3333333333333333,76.66666666666667,1,1
3.0,0,0,0,0,301.0,105.0,22.0,0.2,92.0,0,0
1.0,0,0,0,0,229.0,88.0,10.0,0.0666666666666666,97.33333333333331,0,0
8.0,2,1,0,0,120.0,96.0,23.0,0.5333333333333333,76.66666666666667,1,0
7.0,0,0,0,0,260.0,63.0,25.0,0.4666666666666667,81.33333333333333,0,0
6.0,1,0,0,0,188.0,76.0,7.0,0.4,84.0,0,0
7.0,1,0,0,0,250.0,51.0,8.0,0.4666666666666667,81.33333333333333,0,0
0.0,0,0,0,0,208.0,113.0,7.0,0.0,100.0,0,0
11.0,2,1,1,0,0.0,45.0,21.0,0.7333333333333333,64.66666666666667,1,1
2.0,1,0,0,0,221.0,131.0,5.0,0.1333333333333333,94.66666666666669,0,0
4.0,0,0,0,0,342.0,72.0,1.0,0.2666666666666666,89.33333333333333,0,0
2.0,2,1,0,0,120.0,32.0,24.0,0.1333333333333333,92.66666666666669,1,0
4.0,0,0,0,0,237.0,73.0,11.0,0.2666666666666666,89.33333333333333,0,0
4.0,1,1,0,0,150.0,94.0,8.0,0.2666666666666666,87.33333333333333,1,0
3.0,0,0,0,0,314.0,85.0,19.0,0.2,92.0,0,0
2.0,0,0,0,0,221.0,106.0,15.0,0.1333333333333333,94.66666666666669,0,0
8.0,0,0,1,0,0.0,86.0,23.0,0.5333333333333333,74.66666666666667,1,0
0.0,1,1,0,0,90.0,73.0,10.0,0.0,98.0,1,0
12.0,4,0,1,2,0.0,86.0,9.0,0.8,52.0,1,1
3.0,0,0,0,0,336.0,134.0,16.0,0.2,92.0,0,0
0.0,0,0,0,0,309.0,122.0,12.0,0.0,100.0,0,0
8.0,0,0,1,0,30.0,72.0,21.0,0.5333333333333333,74.66666666666667,1,0
12.0,6,2,2,1,0.0,71.0,4.0,0.8,50.0,1,1
6.0,2,1,0,0,30.0,81.0,20.0,0.4,82.0,1,0
6.0,0,0,0,0,181.0,47.0,25.0,0.4,84.0,0,0
7.0,1,1,0,0,0.0,117.0,16.0,0.4666666666666667,79.33333333333333,1,0
1.0,0,0,0,0,218.0,122.0,4.0,0.0666666666666666,97.33333333333331,0,0
6.0,0,0,0,0,326.0,54.0,19.0,0.4,84.0,0,0
7.0,3,0,1,1,120.0,65.0,13.0,0.4666666666666667,71.33333333333333,1,1
1.0,1,0,0,0,248.0,93.0,12.0,0.0666666666666666,97.33333333333331,0,0
4.0,0,0,0,0,304.0,122.0,20.0,0.2666666666666666,89.33333333333333,0,0
4.0,1,0,2,0,90.0,84.0,17.0,0.2666666666666666,81.33333333333333,1,0
2.0,0,0,0,0,234.0,108.0,18.0,0.1333333333333333,94.66666666666669,0,0
1.0,1,1,0,0,30.0,93.0,19.0,0.0666666666666666,95.33333333333331,1,0
6.0,1,1,0,1,90.0,51.0,22.0,0.4,76.0,1,1
9.0,1,1,0,0,0.0,47.0,6.0,0.6,74.0,1,0
2.0,0,0,0,0,241.0,52.0,17.0,0.1333333333333333,94.66666666666669,0,0
3.0,1,0,0,0,356.0,125.0,5.0,0.2,92.0,0,0
10.0,3,0,1,2,90.0,96.0,19.0,0.6666666666666666,57.33333333333334,1,1
4.0,0,0,0,0,344.0,123.0,21.0,0.2666666666666666,89.33333333333333,0,0
0.0,0,0,0,0,186.0,45.0,3.0,0.0,100.0,0,0
7.0,1,1,0,0,30.0,63.0,16.0,0.4666666666666667,79.33333333333333,1,0
7.0,4,0,4,0,0.0,87.0,8.0,0.4666666666666667,65.33333333333333,1,1
5.0,1,1,0,0,120.0,44.0,20.0,0.3333333333333333,84.66666666666667,1,0
4.0,3,2,0,0,90.0,44.0,20.0,0.2666666666666666,85.33333333333333,1,0
3.0,1,1,0,0,0.0,92.0,5.0,0.2,90.0,1,0
0.0,1,0,0,0,198.0,84.0,14.0,0.0,100.0,0,1
7.0,0,0,0,0,359.0,139.0,14.0,0.4666666666666667,81.33333333333333,0,0
4.0,0,0,0,0,271.0,86.0,10.0,0.2666666666666666,89.33333333333333,0,0
4.0,2,0,1,0,30.0,62.0,25.0,0.2666666666666666,85.33333333333333,1,0
1.0,0,0,0,0,182.0,131.0,5.0,0.0666666666666666,97.33333333333331,0,0
6.0,1,0,0,0,315.0,60.0,16.0,0.4,84.0,0,0
4.0,0,0,0,0,219.0,99.0,11.0,0.2666666666666666,89.33333333333333,0,0
8.0,0,0,0,0,193.0,115.0,10.0,0.5333333333333333,78.66666666666667,0,0
11.0,3,1,1,0,60.0,76.0,19.0,0.7333333333333333,64.66666666666667,1,1
3.0,1,0,0,0,246.0,51.0,6.0,0.2,92.0,0,0
6.0,2,1,0,0,90.0,111.0,7.0,0.4,82.0,1,0
12.0,4,1,1,2,60.0,67.0,17.0,0.8,50.0,1,0
3.0,0,1,0,0,0.0,134.0,11.0,0.2,90.0,1,0
8.0,0,0,0,0,265.0,126.0,18.0,0.5333333333333333,78.66666666666667,0,0
6.0,1,1,0,0,0.0,90.0,6.0,0.4,82.0,1,0
11.0,3,1,0,2,0.0,66.0,13.0,0.7333333333333333,56.66666666666667,1,1
7.0,1,0,1,0,90.0,44.0,7.0,0.4666666666666667,77.33333333333333,1,0
3.0,1,1,0,0,120.0,108.0,16.0,0.2,90.0,1,0
9.0,3,0,1,2,60.0,32.0,9.0,0.6,60.0,1,1
1.0,0,0,0,0,220.0,87.0,9.0,0.0666666666666666,97.33333333333331,0,0
6.0,0,1,0,0,30.0,57.0,9.0,0.4,82.0,1,0
6.0,1,1,1,0,30.0,81.0,4.0,0.4,78.0,1,0
7.0,2,0,1,1,30.0,65.0,6.0,0.4666666666666667,71.33333333333333,1,1
4.0,0,1,0,0,150.0,94.0,5.0,0.2666666666666666,87.33333333333333,1,0
13.0,2,0,0,2,90.0,47.0,22.0,0.8666666666666667,53.33333333333333,1,1
9.0,4,2,2,0,0.0,91.0,2.0,0.6,64.0,1,1
4.0,2,1,0,1,0.0,36.0,16.0,0.2666666666666666,81.33333333333333,1,0
8.0,0,0,0,0,340.0,139.0,2.0,0.5333333333333333,78.66666666666667,0,0
0.0,0,1,0,0,120.0,67.0,20.0,0.0,98.0,1,0
3.0,0,0,0,0,182.0,90.0,12.0,0.2,92.0,0,0
2.0,2,1,0,0,30.0,34.0,21.0,0.1333333333333333,92.66666666666669,1,0
4.0,0,0,0,0,239.0,81.0,14.0,0.2666666666666666,89.33333333333333,0,0
6.0,2,1,1,0,60.0,77.0,5.0,0.4,78.0,1,1
7.0,3,0,0,2,0.0,69.0,2.0,0.4666666666666667,69.33333333333333,1,1
6.0,2,1,0,1,90.0,42.0,18.0,0.4,76.0,1,1
7.0,2,2,0,0,90.0,47.0,12.0,0.4666666666666667,77.33333333333333,1,1
6.0,1,0,1,0,30.0,56.0,23.0,0.4,80.0,1,0
3.0,1,0,0,0,252.0,90.0,18.0,0.2,92.0,0,0
6.0,1,1,1,0,30.0,42.0,6.0,0.4,78.0,1,0
1.0,0,0,0,0,207.0,70.0,23.0,0.0666666666666666,97.33333333333331,0,0
14.0,1,0,0,2,0.0,98.0,8.0,0.9333333333333332,50.66666666666666,1,1
3.0,0,0,0,0,311.0,129.0,18.0,0.2,92.0,0,0
13.0,3,0,2,2,0.0,73.0,9.0,0.8666666666666667,45.33333333333333,1,1
2.0,0,0,0,0,321.0,97.0,19.0,0.1333333333333333,94.66666666666669,0,0
1.0,0,0,0,0,344.0,100.0,15.0,0.0666666666666666,97.33333333333331,0,0
7.0,1,0,1,0,30.0,55.0,3.0,0.4666666666666667,77.33333333333333,1,0
8.0,2,0,1,0,30.0,92.0,13.0,0.5333333333333333,74.66666666666667,1,0
3.0,0,0,0,0,231.0,113.0,19.0,0.2,92.0,0,0
13.0,3,0,1,2,90.0,50.0,25.0,0.8666666666666667,49.33333333333333,1,1
13.0,3,1,1,1,30.0,83.0,20.0,0.8666666666666667,53.33333333333333,1,1
0.0,0,0,0,0,336.0,75.0,23.0,0.0,100.0,0,0
4.0,1,1,0,0,30.0,44.0,21.0,0.2666666666666666,87.33333333333333,1,0
2.0,0,0,0,0,291.0,94.0,25.0,0.1333333333333333,94.66666666666669,0,0
4.0,0,0,0,0,228.0,52.0,8.0,0.2666666666666666,89.33333333333333,0,1
6.0,1,0,1,0,60.0,122.0,20.0,0.4,80.0,1,0
8.0,1,1,0,0,0.0,85.0,4.0,0.5333333333333333,76.66666666666667,1,0
11.0,4,0,1,2,0.0,59.0,21.0,0.7333333333333333,54.66666666666667,1,1
0.0,0,0,0,0,266.0,106.0,14.0,0.0,100.0,0,0
3.0,0,0,0,0,287.0,115.0,7.0,0.2,92.0,0,0
4.0,0,1,0,0,150.0,112.0,16.0,0.2666666666666666,87.33333333333333,1,0
5.0,0,0,0,0,284.0,120.0,12.0,0.3333333333333333,86.66666666666667,0,0
8.0,1,0,1,0,0.0,82.0,22.0,0.5333333333333333,74.66666666666667,1,0
6.0,3,1,0,1,60.0,70.0,10.0,0.4,76.0,1,1
3.0,1,1,0,0,90.0,95.0,10.0,0.2,90.0,1,0
8.0,2,1,0,0,120.0,103.0,12.0,0.5333333333333333,76.66666666666667,1,0
6.0,3,0,3,0,0.0,47.0,9.0,0.4,72.0,1,1
4.0,2,1,0,0,120.0,84.0,5.0,0.2666666666666666,87.33333333333333,1,0
9.0,0,0,0,0,231.0,134.0,2.0,0.6,76.0,0,0
1.0,0,0,0,0,203.0,89.0,23.0,0.0666666666666666,97.33333333333331,0,0
1.0,0,0,0,0,319.0,106.0,14.0,0.0666666666666666,97.33333333333331,0,0
3.0,0,0,0,0,269.0,91.0,4.0,0.2,92.0,0,0
8.0,0,0,1,0,60.0,105.0,3.0,0.5333333333333333,74.66666666666667,1,0
10.0,1,1,0,0,120.0,48.0,11.0,0.6666666666666666,71.33333333333334,1,0
1.0,0,0,0,0,293.0,75.0,6.0,0.0666666666666666,97.33333333333331,0,0
3.0,1,0,0,0,339.0,67.0,3.0,0.2,92.0,0,0
3.0,0,0,0,0,213.0,102.0,18.0,0.2,92.0,0,0
11.0,3,1,2,0,0.0,26.0,5.0,0.7333333333333333,60.66666666666667,1,1
3.0,0,0,0,0,264.0,110.0,15.0,0.2,92.0,0,0
12.0,5,0,2,4,0.0,19.0,16.0,0.8,36.0,1,1
8.0,2,0,1,1,0.0,93.0,17.0,0.5333333333333333,68.66666666666667,1,1
3.0,0,0,0,0,356.0,91.0,15.0,0.2,92.0,0,0
8.0,3,0,2,1,0.0,19.0,20.0,0.5333333333333333,64.66666666666667,1,1
4.0,0,0,0,0,304.0,98.0,13.0,0.2666666666666666,89.33333333333333,0,0
5.0,0,0,0,1,150.0,81.0,15.0,0.3333333333333333,80.66666666666667,1,0
1.0,1,0,0,0,230.0,126.0,9.0,0.0666666666666666,97.33333333333331,0,0
12.0,4,0,2,1,30.0,103.0,12.0,0.8,54.0,1,1
6.0,0,1,0,0,0.0,109.0,7.0,0.4,82.0,1,0
11.0,2,0,1,2,0.0,44.0,8.0,0.7333333333333333,54.66666666666667,1,1
4.0,2,1,0,0,60.0,27.0,5.0,0.2666666666666666,87.33333333333333,1,0
7.0,3,2,0,1,30.0,28.0,7.0,0.4666666666666667,71.33333333333333,1,1
2.0,1,0,1,0,150.0,42.0,13.0,0.1333333333333333,90.66666666666669,1,0
1.0,1,0,0,0,275.0,131.0,7.0,0.0666666666666666,97.33333333333331,0,0
2.0,1,0,0,1,150.0,49.0,20.0,0.1333333333333333,88.66666666666667,1,0
5.0,0,0,0,0,276.0,87.0,22.0,0.3333333333333333,86.66666666666667,0,0
11.0,5,1,1,3,0.0,61.0,6.0,0.7333333333333333,46.66666666666667,1,1
5.0,1,2,0,0,30.0,55.0,8.0,0.3333333333333333,82.66666666666667,1,0
5.0,2,1,0,0,90.0,70.0,4.0,0.3333333333333333,84.66666666666667,1,0
5.0,0,0,0,0,260.0,133.0,1.0,0.3333333333333333,86.66666666666667,0,0
8.0,2,2,0,0,0.0,96.0,3.0,0.5333333333333333,74.66666666666667,1,0
0.0,0,0,0,0,290.0,77.0,5.0,0.0,100.0,0,0
0.0,0,0,0,0,281.0,114.0,10.0,0.0,100.0,0,1
4.0,0,1,0,0,150.0,69.0,11.0,0.2666666666666666,87.33333333333333,1,0
9.0,1,1,0,0,30.0,64.0,9.0,0.6,74.0,1,0
2.0,1,1,0,0,150.0,110.0,25.0,0.1333333333333333,92.66666666666669,1,0
4.0,1,0,1,0,0.0,50.0,8.0,0.2666666666666666,85.33333333333333,1,0
3.0,0,0,0,0,341.0,85.0,14.0,0.2,92.0,0,0
7.0,2,1,0,1,0.0,85.0,23.0,0.4666666666666667,73.33333333333333,1,1
0.0,0,0,0,0,259.0,114.0,16.0,0.0,100.0,0,0
0.0,0,1,0,0,0.0,125.0,23.0,0.0,98.0,1,0
3.0,1,0,0,1,150.0,116.0,13.0,0.2,86.0,1,0
4.0,0,1,0,0,120.0,69.0,12.0,0.2666666666666666,87.33333333333333,1,0
11.0,2,1,1,0,30.0,86.0,24.0,0.7333333333333333,64.66666666666667,1,1
7.0,0,0,0,0,192.0,107.0,10.0,0.4666666666666667,81.33333333333333,0,0
8.0,3,1,1,0,30.0,27.0,18.0,0.5333333333333333,72.66666666666667,1,1
10.0,4,0,0,4,0.0,28.0,23.0,0.6666666666666666,49.33333333333334,1,1
4.0,1,2,0,0,30.0,37.0,24.0,0.2666666666666666,85.33333333333333,1,0
2.0,1,0,0,0,339.0,75.0,22.0,0.1333333333333333,94.66666666666669,0,0
7.0,2,2,0,0,60.0,97.0,18.0,0.4666666666666667,77.33333333333333,1,1
9.0,1,0,0,1,120.0,63.0,3.0,0.6,70.0,1,1
10.0,4,1,1,2,0.0,48.0,5.0,0.6666666666666666,55.33333333333334,1,1
1.0,1,1,0,0,60.0,94.0,20.0,0.0666666666666666,95.33333333333331,1,0
5.0,0,0,0,0,203.0,76.0,7.0,0.3333333333333333,86.66666666666667,0,0
7.0,0,1,0,0,120.0,96.0,10.0,0.4666666666666667,79.33333333333333,1,0
3.0,0,0,0,0,203.0,123.0,22.0,0.2,92.0,0,0
7.0,4,1,2,0,60.0,71.0,6.0,0.4666666666666667,71.33333333333333,1,1
5.0,1,0,0,0,265.0,137.0,19.0,0.3333333333333333,86.66666666666667,0,0
12.0,3,0,1,1,30.0,87.0,20.0,0.8,58.0,1,1
7.0,0,1,0,0,150.0,71.0,14.0,0.4666666666666667,79.33333333333333,1,0
1.0,0,0,0,0,181.0,116.0,20.0,0.0666666666666666,97.33333333333331,0,0
3.0,0,0,0,0,313.0,125.0,19.0,0.2,92.0,0,0
4.0,0,0,0,0,207.0,93.0,2.0,0.2666666666666666,89.33333333333333,0,0
13.0,3,1,1,1,0.0,97.0,2.0,0.8666666666666667,53.33333333333333,1,1
6.0,3,1,2,0,30.0,31.0,3.0,0.4,74.0,1,1
4.0,2,1,0,0,60.0,119.0,8.0,0.2666666666666666,87.33333333333333,1,0
11.0,4,2,1,0,30.0,67.0,13.0,0.7333333333333333,62.66666666666667,1,1
7.0,0,0,0,0,212.0,88.0,9.0,0.4666666666666667,81.33333333333333,0,0
1.0,1,1,0,0,90.0,50.0,9.0,0.0666666666666666,95.33333333333331,1,0
4.0,2,1,0,0,30.0,96.0,23.0,0.2666666666666666,87.33333333333333,1,0
12.0,3,0,0,4,0.0,31.0,7.0,0.8,44.0,1,1
7.0,2,0,1,0,150.0,111.0,8.0,0.4666666666666667,77.33333333333333,1,0
11.0,3,2,1,1,0.0,23.0,3.0,0.7333333333333333,56.66666666666667,1,1
12.0,1,0,0,1,0.0,51.0,25.0,0.8,62.0,1,1
2.0,0,0,0,0,247.0,70.0,1.0,0.1333333333333333,94.66666666666669,0,0
4.0,0,0,0,0,214.0,125.0,24.0,0.2666666666666666,89.33333333333333,0,0
2.0,1,0,0,0,259.0,89.0,19.0,0.1333333333333333,94.66666666666669,0,0
12.0,4,0,3,1,0.0,14.0,8.0,0.8,50.0,1,1
0.0,0,0,0,0,223.0,133.0,3.0,0.0,100.0,0,0
8.0,0,0,0,0,228.0,48.0,10.0,0.5333333333333333,78.66666666666667,0,0
4.0,0,0,0,0,199.0,67.0,1.0,0.2666666666666666,89.33333333333333,0,0
1.0,0,0,0,0,279.0,108.0,12.0,0.0666666666666666,97.33333333333331,0,0
5.0,0,0,0,0,269.0,47.0,25.0,0.3333333333333333,86.66666666666667,0,0
1.0,0,0,0,0,315.0,73.0,20.0,0.0666666666666666,97.33333333333331,0,0
8.0,4,2,1,0,30.0,104.0,2.0,0.5333333333333333,70.66666666666667,1,1
8.0,2,1,1,0,0.0,109.0,2.0,0.5333333333333333,72.66666666666667,1,1
12.0,2,0,1,1,90.0,37.0,20.0,0.8,58.0,1,1
3.0,0,0,0,0,212.0,124.0,6.0,0.2,92.0,0,0
2.0,0,0,0,0,243.0,120.0,23.0,0.1333333333333333,94.66666666666669,0,0
11.0,1,1,0,1,0.0,103.0,9.0,0.7333333333333333,62.66666666666667,1,1
1.0,0,0,0,0,223.0,97.0,21.0,0.0666666666666666,97.33333333333331,0,0
1.0,0,0,0,0,241.0,69.0,24.0,0.0666666666666666,97.33333333333331,0,0
3.0,1,0,0,0,358.0,95.0,25.0,0.2,92.0,0,1
3.0,1,0,0,1,0.0,116.0,16.0,0.2,86.0,1,0
4.0,1,0,0,0,269.0,99.0,22.0,0.2666666666666666,89.33333333333333,0,0
3.0,0,1,0,0,30.0,110.0,13.0,0.2,90.0,1,0
5.0,0,0,0,0,283.0,99.0,4.0,0.3333333333333333,86.66666666666667,0,0
11.0,3,0,2,1,30.0,33.0,2.0,0.7333333333333333,56.66666666666667,1,1
8.0,1,1,0,0,150.0,32.0,22.0,0.5333333333333333,76.66666666666667,1,0
8.0,0,0,0,0,203.0,101.0,14.0,0.5333333333333333,78.66666666666667,0,0
10.0,2,0,0,2,120.0,86.0,9.0,0.6666666666666666,61.33333333333334,1,1
1.0,0,0,0,0,227.0,106.0,4.0,0.0666666666666666,97.33333333333331,0,0
3.0,0,0,0,0,336.0,116.0,2.0,0.2,92.0,0,0
1.0,1,0,1,0,0.0,122.0,21.0,0.0666666666666666,93.33333333333331,1,0
5.0,3,0,1,1,30.0,114.0,21.0,0.3333333333333333,76.66666666666667,1,1
2.0,1,0,0,0,295.0,56.0,5.0,0.1333333333333333,94.66666666666669,0,0
3.0,0,0,0,0,261.0,113.0,19.0,0.2,92.0,0,0
6.0,1,1,0,0,30.0,108.0,21.0,0.4,82.0,1,0
3.0,0,0,0,0,336.0,103.0,1.0,0.2,92.0,0,0
7.0,1,1,1,0,30.0,32.0,4.0,0.4666666666666667,75.33333333333333,1,1
3.0,0,0,0,0,308.0,123.0,1.0,0.2,92.0,0,0
8.0,1,2,0,0,30.0,40.0,6.0,0.5333333333333333,74.66666666666667,1,1
4.0,0,0,0,0,271.0,77.0,23.0,0.2666666666666666,89.33333333333333,0,0
8.0,1,1,0,0,0.0,71.0,17.0,0.5333333333333333,76.66666666666667,1,0
2.0,0,0,0,0,218.0,115.0,15.0,0.1333333333333333,94.66666666666669,0,0
3.0,1,0,0,0,300.0,51.0,23.0,0.2,92.0,0,0
7.0,0,0,0,0,331.0,111.0,24.0,0.4666666666666667,81.33333333333333,0,0
4.0,3,1,1,0,30.0,50.0,3.0,0.2666666666666666,83.33333333333333,1,0
3.0,1,1,0,0,0.0,106.0,7.0,0.2,90.0,1,0
7.0,0,1,0,0,90.0,44.0,4.0,0.4666666666666667,79.33333333333333,1,0
0.0,0,0,0,0,243.0,83.0,6.0,0.0,100.0,0,0
3.0,0,0,0,0,341.0,77.0,22.0,0.2,92.0,0,0
4.0,0,0,0,0,258.0,54.0,1.0,0.2666666666666666,89.33333333333333,0,0
4.0,1,1,0,0,30.0,38.0,23.0,0.2666666666666666,87.33333333333333,1,0
0.0,1,1,0,0,90.0,69.0,13.0,0.0,98.0,1,0
12.0,2,0,1,1,60.0,86.0,24.0,0.8,58.0,1,1
0.0,0,0,0,0,348.0,132.0,3.0,0.0,100.0,0,0
10.0,2,1,0,0,120.0,110.0,23.0,0.6666666666666666,71.33333333333334,1,0
13.0,2,1,1,1,30.0,84.0,2.0,0.8666666666666667,53.33333333333333,1,1
7.0,1,0,1,0,0.0,57.0,21.0,0.4666666666666667,77.33333333333333,1,0
7.0,2,1,0,0,30.0,106.0,3.0,0.4666666666666667,79.33333333333333,1,0
10.0,4,1,2,1,0.0,69.0,7.0,0.6666666666666666,57.33333333333334,1,1
7.0,2,0,2,0,30.0,95.0,3.0,0.4666666666666667,73.33333333333333,1,1
11.0,1,1,1,0,30.0,72.0,6.0,0.7333333333333333,64.66666666666667,1,1
1.0,1,0,0,0,266.0,78.0,17.0,0.0666666666666666,97.33333333333331,0,0
12.0,2,0,0,1,30.0,75.0,7.0,0.8,62.0,1,1
3.0,1,2,0,0,60.0,48.0,1.0,0.2,88.0,1,0
6.0,2,1,0,0,30.0,54.0,7.0,0.4,82.0,1,0
2.0,0,0,0,0,268.0,56.0,15.0,0.1333333333333333,94.66666666666669,0,0
8.0,3,2,1,0,0.0,29.0,25.0,0.5333333333333333,70.66666666666667,1,1
7.0,1,1,0,0,120.0,40.0,3.0,0.4666666666666667,79.33333333333333,1,0
10.0,1,1,0,1,60.0,75.0,21.0,0.6666666666666666,65.33333333333334,1,1
0.0,1,0,0,0,281.0,88.0,6.0,0.0,100.0,0,0
5.0,0,0,0,1,120.0,85.0,1.0,0.3333333333333333,80.66666666666667,1,0
6.0,2,0,1,1,90.0,28.0,23.0,0.4,74.0,1,1
4.0,0,1,0,0,90.0,65.0,2.0,0.2666666666666666,87.33333333333333,1,1
3.0,0,0,0,1,0.0,49.0,9.0,0.2,86.0,1,0
13.0,3,0,1,1,60.0,92.0,3.0,0.8666666666666667,55.33333333333333,1,1
13.0,4,1,1,2,0.0,76.0,24.0,0.8666666666666667,47.33333333333333,1,1
3.0,0,0,0,0,224.0,72.0,12.0,0.2,92.0,0,0
0.0,0,0,0,0,324.0,102.0,11.0,0.0,100.0,0,0
12.0,3,2,0,1,30.0,50.0,16.0,0.8,58.0,1,1
12.0,4,1,3,0,0.0,39.0,15.0,0.8,54.0,1,1
14.0,4,1,1,1,30.0,100.0,7.0,0.9333333333333332,50.66666666666666,1,1
4.0,0,0,0,0,219.0,90.0,11.0,0.2666666666666666,89.33333333333333,0,0
8.0,2,3,0,0,0.0,56.0,22.0,0.5333333333333333,72.66666666666667,1,1
13.0,3,1,0,2,30.0,36.0,19.0,0.8666666666666667,51.33333333333333,1,1
8.0,1,0,1,0,120.0,78.0,11.0,0.5333333333333333,74.66666666666667,1,0
1.0,0,1,0,0,30.0,118.0,15.0,0.0666666666666666,95.33333333333331,1,0
9.0,1,0,0,0,234.0,58.0,24.0,0.6,76.0,0,0
8.0,3,2,0,1,0.0,82.0,10.0,0.5333333333333333,68.66666666666667,1,1
4.0,3,2,1,1,30.0,58.0,23.0,0.2666666666666666,75.33333333333333,1,1
3.0,0,0,0,0,301.0,87.0,9.0,0.2,92.0,0,0
4.0,0,0,0,0,235.0,83.0,13.0,0.2666666666666666,89.33333333333333,0,0
14.0,4,1,1,2,60.0,86.0,6.0,0.9333333333333332,44.66666666666666,1,1
0.0,0,1,0,0,90.0,29.0,6.0,0.0,98.0,1,0
10.0,4,1,0,2,0.0,31.0,9.0,0.6666666666666666,59.33333333333334,1,1
6.0,1,0,0,0,260.0,60.0,10.0,0.4,84.0,0,0
0.0,2,1,0,0,120.0,32.0,23.0,0.0,98.0,1,0
0.0,1,0,1,0,60.0,120.0,2.0,0.0,96.0,1,0
11.0,6,1,2,2,0.0,81.0,10.0,0.7333333333333333,48.66666666666667,1,1
2.0,2,1,0,0,120.0,33.0,4.0,0.1333333333333333,92.66666666666669,1,0
3.0,2,1,0,0,90.0,107.0,9.0,0.2,90.0,1,0
10.0,1,0,0,0,338.0,108.0,1.0,0.6666666666666666,73.33333333333334,0,1
3.0,1,0,0,0,194.0,91.0,13.0,0.2,92.0,0,0
11.0,2,1,0,0,0.0,76.0,22.0,0.7333333333333333,68.66666666666667,1,0
3.0,2,1,0,0,30.0,39.0,13.0,0.2,90.0,1,0
10.0,3,2,0,1,0.0,53.0,2.0,0.6666666666666666,63.33333333333334,1,1
3.0,0,0,0,0,242.0,110.0,20.0,0.2,92.0,0,0
7.0,5,1,2,1,0.0,41.0,8.0,0.4666666666666667,65.33333333333333,1,1
6.0,1,0,0,0,182.0,56.0,13.0,0.4,84.0,0,0
13.0,3,1,0,2,60.0,19.0,13.0,0.8666666666666667,51.33333333333333,1,1
4.0,2,2,0,0,30.0,41.0,13.0,0.2666666666666666,85.33333333333333,1,0
4.0,0,0,0,0,253.0,74.0,3.0,0.2666666666666666,89.33333333333333,0,0
1.0,2,1,0,0,30.0,46.0,11.0,0.0666666666666666,95.33333333333331,1,0
4.0,2,0,1,0,150.0,40.0,6.0,0.2666666666666666,85.33333333333333,1,0
3.0,1,0,0,0,259.0,95.0,21.0,0.2,92.0,0,0
10.0,2,0,1,1,30.0,110.0,12.0,0.6666666666666666,63.33333333333334,1,1
4.0,1,1,0,0,0.0,40.0,4.0,0.2666666666666666,87.33333333333333,1,0
7.0,2,0,0,1,0.0,62.0,17.0,0.4666666666666667,75.33333333333333,1,1
0.0,0,0,0,0,272.0,131.0,13.0,0.0,100.0,0,0
6.0,0,0,0,0,284.0,58.0,6.0,0.4,84.0,0,0
0.0,1,0,1,0,120.0,99.0,25.0,0.0,96.0,1,0
3.0,0,0,0,0,244.0,54.0,14.0,0.2,92.0,0,0
1.0,0,0,0,0,226.0,75.0,10.0,0.0666666666666666,97.33333333333331,0,0
8.0,1,1,1,0,60.0,29.0,5.0,0.5333333333333333,72.66666666666667,1,1
3.0,0,0,0,0,210.0,95.0,17.0,0.2,92.0,0,0
8.0,3,2,0,2,0.0,21.0,13.0,0.5333333333333333,62.66666666666667,1,1
3.0,1,2,0,0,0.0,22.0,6.0,0.2,88.0,1,0
0.0,2,1,0,0,90.0,111.0,14.0,0.0,98.0,1,0
10.0,2,1,0,0,120.0,58.0,17.0,0.6666666666666666,71.33333333333334,1,0
6.0,1,0,1,0,90.0,114.0,6.0,0.4,80.0,1,0
8.0,2,1,0,0,30.0,67.0,4.0,0.5333333333333333,76.66666666666667,1,0
1.0,0,0,0,0,255.0,75.0,14.0,0.0666666666666666,97.33333333333331,0,0
14.0,4,1,2,0,30.0,69.0,18.0,0.9333333333333332,52.66666666666666,1,1
6.0,0,0,0,0,204.0,107.0,12.0,0.4,84.0,0,0
0.0,1,0,0,0,224.0,58.0,1.0,0.0,100.0,0,0
7.0,4,2,1,1,0.0,26.0,9.0,0.4666666666666667,67.33333333333333,1,1
8.0,1,1,0,1,0.0,83.0,4.0,0.5333333333333333,70.66666666666667,1,1
4.0,1,0,0,0,334.0,118.0,14.0,0.2666666666666666,89.33333333333333,0,0
4.0,0,0,0,0,360.0,124.0,21.0,0.2666666666666666,89.33333333333333,0,0
8.0,0,0,0,0,349.0,132.0,1.0,0.5333333333333333,78.66666666666667,0,0
0.0,1,0,0,0,318.0,61.0,22.0,0.0,100.0,0,0
6.0,2,1,1,0,60.0,59.0,1.0,0.4,78.0,1,0
10.0,4,1,2,0,0.0,62.0,25.0,0.6666666666666666,63.33333333333334,1,1
3.0,0,0,0,0,307.0,94.0,1.0,0.2,92.0,0,0
4.0,1,0,0,0,190.0,110.0,4.0,0.2666666666666666,89.33333333333333,0,0
1.0,0,0,0,0,290.0,84.0,15.0,0.0666666666666666,97.33333333333331,0,0
8.0,4,2,1,0,0.0,88.0,12.0,0.5333333333333333,70.66666666666667,1,1
1.0,0,0,0,0,275.0,58.0,14.0,0.0666666666666666,97.33333333333331,0,0
6.0,0,0,0,0,301.0,52.0,5.0,0.4,84.0,0,0
4.0,1,1,0,0,0.0,85.0,25.0,0.2666666666666666,87.33333333333333,1,0
0.0,0,0,0,0,304.0,132.0,15.0,0.0,100.0,0,0
4.0,1,0,1,0,150.0,45.0,5.0,0.2666666666666666,85.33333333333333,1,0
11.0,3,0,1,2,60.0,72.0,25.0,0.7333333333333333,54.66666666666667,1,1
2.0,1,1,0,0,120.0,107.0,11.0,0.1333333333333333,92.66666666666669,1,0
4.0,0,0,0,0,265.0,59.0,21.0,0.2666666666666666,89.33333333333333,0,0
3.0,1,0,0,0,217.0,123.0,12.0,0.2,92.0,0,0
7.0,2,1,0,1,0.0,101.0,22.0,0.4666666666666667,73.33333333333333,1,1
1.0,0,0,0,0,330.0,60.0,9.0,0.0666666666666666,97.33333333333331,0,0
2.0,2,1,0,0,30.0,46.0,8.0,0.1333333333333333,92.66666666666669,1,0
0.0,0,0,0,0,221.0,56.0,6.0,0.0,100.0,0,0
1.0,0,0,0,0,231.0,78.0,13.0,0.0666666666666666,97.33333333333331,0,0
6.0,4,2,1,2,0.0,11.0,2.0,0.4,64.0,1,1
4.0,1,0,0,0,233.0,54.0,7.0,0.2666666666666666,89.33333333333333,0,0
7.0,1,1,0,0,120.0,103.0,2.0,0.4666666666666667,79.33333333333333,1,0
3.0,0,0,0,0,346.0,115.0,21.0,0.2,92.0,0,0
2.0,0,0,0,0,220.0,108.0,25.0,0.1333333333333333,94.66666666666669,0,0
6.0,1,1,0,0,90.0,110.0,16.0,0.4,82.0,1,0
14.0,3,1,1,1,0.0,40.0,12.0,0.9333333333333332,50.66666666666666,1,1
3.0,2,1,0,0,0.0,88.0,15.0,0.2,90.0,1,0
12.0,3,2,0,1,30.0,61.0,15.0,0.8,58.0,1,1
1.0,0,0,0,0,348.0,126.0,6.0,0.0666666666666666,97.33333333333331,0,0
6.0,0,1,0,0,30.0,65.0,13.0,0.4,82.0,1,0
2.0,1,1,0,0,60.0,97.0,9.0,0.1333333333333333,92.66666666666669,1,0
9.0,2,1,1,0,0.0,94.0,22.0,0.6,70.0,1,1
2.0,0,0,0,0,289.0,114.0,4.0,0.1333333333333333,94.66666666666669,0,0
12.0,0,0,0,0,288.0,51.0,9.0,0.8,68.0,0,0
4.0,1,0,0,0,277.0,71.0,16.0,0.2666666666666666,89.33333333333333,0,0
14.0,3,1,0,1,30.0,73.0,12.0,0.9333333333333332,54.66666666666666,1,1
5.0,0,0,0,0,193.0,88.0,12.0,0.3333333333333333,86.66666666666667,0,0
6.0,1,1,0,0,90.0,86.0,19.0,0.4,82.0,1,0
5.0,4,3,0,0,0.0,33.0,19.0,0.3333333333333333,80.66666666666667,1,0
9.0,3,1,1,0,30.0,68.0,23.0,0.6,70.0,1,1
3.0,1,1,0,0,30.0,44.0,6.0,0.2,90.0,1,0
7.0,1,0,1,0,60.0,69.0,19.0,0.4666666666666667,77.33333333333333,1,0
7.0,3,1,1,0,0.0,60.0,22.0,0.4666666666666667,75.33333333333333,1,1
12.0,5,0,2,2,30.0,73.0,23.0,0.8,48.0,1,1
2.0,0,0,0,0,334.0,113.0,21.0,0.1333333333333333,94.66666666666669,0,0
7.0,4,1,2,0,60.0,49.0,20.0,0.4666666666666667,71.33333333333333,1,1
11.0,3,1,1,0,120.0,87.0,16.0,0.7333333333333333,64.66666666666667,1,1
10.0,3,2,2,0,30.0,21.0,9.0,0.6666666666666666,61.33333333333334,1,1
7.0,1,0,0,0,242.0,64.0,10.0,0.4666666666666667,81.33333333333333,0,0
1.0,0,0,0,0,339.0,60.0,24.0,0.0666666666666666,97.33333333333331,0,0
12.0,4,2,0,1,30.0,101.0,23.0,0.8,58.0,1,1
6.0,1,1,0,0,120.0,26.0,22.0,0.4,82.0,1,0
3.0,1,0,0,0,211.0,73.0,4.0,0.2,92.0,0,0
0.0,0,0,0,0,235.0,88.0,2.0,0.0,100.0,0,0
1.0,0,1,0,0,120.0,51.0,14.0,0.0666666666666666,95.33333333333331,1,0
1.0,1,0,0,0,355.0,105.0,22.0,0.0666666666666666,97.33333333333331,0,0
12.0,3,0,1,1,60.0,111.0,2.0,0.8,58.0,1,1
12.0,5,1,1,2,0.0,21.0,25.0,0.8,50.0,1,1
3.0,2,1,0,0,90.0,90.0,25.0,0.2,90.0,1,0
1.0,0,0,1,0,90.0,31.0,10.0,0.0666666666666666,93.33333333333331,1,0
12.0,3,1,1,1,30.0,90.0,7.0,0.8,56.0,1,1
7.0,0,0,0,0,251.0,87.0,24.0,0.4666666666666667,81.33333333333333,0,0
0.0,2,1,0,0,30.0,116.0,23.0,0.0,98.0,1,0
0.0,1,0,0,0,296.0,130.0,22.0,0.0,100.0,0,0
4.0,0,0,0,0,251.0,73.0,8.0,0.2666666666666666,89.33333333333333,0,0
0.0,1,0,0,0,291.0,111.0,9.0,0.0,100.0,0,0
2.0,0,0,0,0,261.0,108.0,14.0,0.1333333333333333,94.66666666666669,0,0
10.0,3,2,1,1,0.0,19.0,2.0,0.6666666666666666,59.33333333333334,1,1
4.0,0,0,1,0,90.0,68.0,2.0,0.2666666666666666,85.33333333333333,1,0
4.0,3,1,0,1,90.0,86.0,24.0,0.2666666666666666,81.33333333333333,1,1
0.0,1,0,0,0,291.0,79.0,25.0,0.0,100.0,0,0
8.0,0,0,0,0,217.0,131.0,7.0,0.5333333333333333,78.66666666666667,0,0
4.0,1,0,1,0,60.0,76.0,1.0,0.2666666666666666,85.33333333333333,1,0
0.0,0,1,0,0,90.0,76.0,22.0,0.0,98.0,1,0
4.0,0,0,0,0,332.0,109.0,6.0,0.2666666666666666,89.33333333333333,0,0
12.0,3,2,0,1,30.0,63.0,21.0,0.8,58.0,1,1
4.0,1,0,1,0,120.0,59.0,16.0,0.2666666666666666,85.33333333333333,1,1
6.0,3,0,0,2,0.0,55.0,24.0,0.4,72.0,1,1
14.0,3,0,3,0,30.0,100.0,17.0,0.9333333333333332,50.66666666666666,1,1
0.0,0,0,0,0,191.0,80.0,10.0,0.0,100.0,0,0
11.0,4,1,1,1,0.0,37.0,7.0,0.7333333333333333,58.66666666666667,1,1
5.0,1,0,1,0,120.0,51.0,15.0,0.3333333333333333,82.66666666666667,1,0
7.0,1,2,0,0,0.0,49.0,2.0,0.4666666666666667,77.33333333333333,1,0
7.0,2,0,3,0,0.0,52.0,6.0,0.4666666666666667,69.33333333333333,1,1
14.0,4,1,2,1,0.0,88.0,15.0,0.9333333333333332,46.66666666666666,1,1
8.0,1,1,0,0,120.0,45.0,5.0,0.5333333333333333,76.66666666666667,1,0
7.0,2,2,0,0,90.0,91.0,7.0,0.4666666666666667,77.33333333333333,1,0
0.0,0,0,0,0,182.0,125.0,17.0,0.0,100.0,0,0
11.0,5,5,0,0,0.0,85.0,4.0,0.7333333333333333,60.66666666666667,1,1
4.0,3,2,0,0,30.0,78.0,15.0,0.2666666666666666,85.33333333333333,1,0
8.0,2,0,1,0,60.0,70.0,5.0,0.5333333333333333,74.66666666666667,1,0
4.0,2,2,0,0,90.0,75.0,14.0,0.2666666666666666,85.33333333333333,1,0
10.0,3,0,0,2,0.0,102.0,14.0,0.6666666666666666,61.33333333333334,1,1
4.0,1,0,0,0,252.0,121.0,2.0,0.2666666666666666,89.33333333333333,0,0
11.0,4,0,0,4,0.0,94.0,17.0,0.7333333333333333,46.66666666666667,1,1
4.0,2,2,0,0,90.0,105.0,15.0,0.2666666666666666,85.33333333333333,1,0
8.0,3,1,1,1,30.0,81.0,12.0,0.5333333333333333,66.66666666666667,1,1
6.0,1,0,1,0,0.0,78.0,7.0,0.4,80.0,1,0
5.0,0,0,0,0,247.0,97.0,18.0,0.3333333333333333,86.66666666666667,0,0
1.0,0,0,0,0,298.0,129.0,11.0,0.0666666666666666,97.33333333333331,0,0
6.0,1,0,0,0,225.0,133.0,4.0,0.4,84.0,0,0
2.0,1,0,0,0,323.0,114.0,11.0,0.1333333333333333,94.66666666666669,0,0
14.0,2,0,1,2,0.0,56.0,4.0,0.9333333333333332,46.66666666666666,1,0
8.0,1,0,0,1,90.0,57.0,10.0,0.5333333333333333,72.66666666666667,1,1
0.0,0,0,0,0,311.0,98.0,4.0,0.0,100.0,0,0
2.0,1,0,0,0,328.0,66.0,16.0,0.1333333333333333,94.66666666666669,0,0
3.0,1,0,0,0,360.0,89.0,4.0,0.2,92.0,0,0
6.0,1,1,0,1,60.0,91.0,8.0,0.4,76.0,1,1
12.0,2,1,0,0,30.0,94.0,23.0,0.8,66.0,1,0
8.0,0,0,0,0,359.0,131.0,12.0,0.5333333333333333,78.66666666666667,0,0
2.0,0,0,0,0,324.0,83.0,4.0,0.1333333333333333,94.66666666666669,0,0
8.0,1,0,1,0,60.0,60.0,14.0,0.5333333333333333,74.66666666666667,1,0
12.0,5,0,1,3,0.0,53.0,22.0,0.8,46.0,1,1
2.0,0,0,0,0,349.0,72.0,17.0,0.1333333333333333,94.66666666666669,0,1
14.0,6,1,1,3,0.0,94.0,2.0,0.9333333333333332,38.66666666666666,1,1
5.0,0,0,1,0,90.0,72.0,21.0,0.3333333333333333,82.66666666666667,1,0
7.0,2,2,0,0,60.0,28.0,24.0,0.4666666666666667,77.33333333333333,1,0
0.0,2,1,0,0,0.0,75.0,15.0,0.0,98.0,1,0
4.0,0,0,0,0,205.0,115.0,22.0,0.2666666666666666,89.33333333333333,0,0
6.0,2,1,1,1,0.0,37.0,10.0,0.4,72.0,1,1
4.0,0,0,0,0,196.0,102.0,25.0,0.2666666666666666,89.33333333333333,0,0
10.0,3,1,0,1,30.0,47.0,18.0,0.6666666666666666,65.33333333333334,1,1
9.0,4,3,2,0,0.0,83.0,9.0,0.6,62.0,1,1
1.0,0,0,0,0,216.0,82.0,13.0,0.0666666666666666,97.33333333333331,0,0
2.0,3,2,0,0,30.0,78.0,11.0,0.1333333333333333,90.66666666666669,1,0
3.0,2,1,0,0,120.0,57.0,22.0,0.2,90.0,1,0
11.0,4,0,1,3,0.0,52.0,4.0,0.7333333333333333,48.66666666666667,1,1
0.0,0,1,0,0,90.0,46.0,1.0,0.0,98.0,1,0
8.0,2,0,1,0,90.0,124.0,2.0,0.5333333333333333,74.66666666666667,1,0
0.0,1,1,0,0,0.0,109.0,10.0,0.0,98.0,1,0
10.0,2,0,1,1,30.0,45.0,8.0,0.6666666666666666,63.33333333333334,1,1
6.0,2,1,0,0,30.0,67.0,15.0,0.4,82.0,1,0
7.0,1,0,1,0,90.0,30.0,20.0,0.4666666666666667,77.33333333333333,1,0
3.0,0,0,0,0,337.0,102.0,22.0,0.2,92.0,0,0
1.0,0,0,0,0,207.0,47.0,23.0,0.0666666666666666,97.33333333333331,0,0
14.0,2,0,2,1,0.0,53.0,14.0,0.9333333333333332,48.66666666666666,1,1
2.0,1,0,0,0,187.0,98.0,11.0,0.1333333333333333,94.66666666666669,0,0
0.0,0,0,0,0,347.0,88.0,20.0,0.0,100.0,0,0
10.0,3,1,2,1,0.0,66.0,24.0,0.6666666666666666,57.33333333333334,1,1
2.0,1,1,0,0,30.0,36.0,11.0,0.1333333333333333,92.66666666666669,1,0
1.0,0,0,0,0,327.0,109.0,20.0,0.0666666666666666,97.33333333333331,0,0
1.0,0,0,0,0,200.0,52.0,24.0,0.0666666666666666,97.33333333333331,0,0
0.0,0,0,0,0,335.0,78.0,17.0,0.0,100.0,0,0
1.0,0,0,0,0,220.0,49.0,5.0,0.0666666666666666,97.33333333333331,0,0
4.0,0,0,0,0,332.0,103.0,18.0,0.2666666666666666,89.33333333333333,0,0
8.0,4,3,1,0,0.0,46.0,15.0,0.5333333333333333,68.66666666666667,1,1
14.0,5,0,2,3,0.0,81.0,4.0,0.9333333333333332,36.66666666666666,1,1
1.0,1,0,0,0,203.0,107.0,25.0,0.0666666666666666,97.33333333333331,0,0
1.0,0,0,0,0,234.0,100.0,17.0,0.0666666666666666,97.33333333333331,0,0
2.0,0,1,0,0,120.0,106.0,2.0,0.1333333333333333,92.66666666666669,1,0
0.0,2,2,0,0,60.0,93.0,7.0,0.0,96.0,1,0
11.0,2,0,1,1,60.0,42.0,12.0,0.7333333333333333,60.66666666666667,1,1
0.0,2,1,1,0,0.0,101.0,17.0,0.0,94.0,1,0
10.0,3,1,1,0,60.0,66.0,16.0,0.6666666666666666,67.33333333333334,1,1
0.0,1,0,1,0,30.0,64.0,20.0,0.0,96.0,1,0
0.0,0,1,0,0,0.0,68.0,23.0,0.0,98.0,1,0
4.0,0,0,0,0,212.0,58.0,16.0,0.2666666666666666,89.33333333333333,0,0
8.0,4,0,1,3,0.0,41.0,8.0,0.5333333333333333,56.66666666666667,1,1
0.0,0,0,0,0,217.0,95.0,16.0,0.0,100.0,0,0
6.0,3,0,1,1,0.0,62.0,17.0,0.4,74.0,1,1
6.0,3,2,2,0,0.0,84.0,24.0,0.4,72.0,1,1
8.0,3,1,1,0,90.0,74.0,25.0,0.5333333333333333,72.66666666666667,1,1
3.0,0,0,0,0,353.0,71.0,7.0,0.2,92.0,0,0
12.0,4,1,3,0,0.0,80.0,22.0,0.8,54.0,1,1
6.0,2,0,1,1,0.0,27.0,9.0,0.4,74.0,1,1
0.0,0,0,0,0,338.0,137.0,19.0,0.0,100.0,0,0
5.0,2,0,0,1,60.0,46.0,21.0,0.3333333333333333,80.66666666666667,1,0
5.0,2,0,1,1,30.0,27.0,3.0,0.3333333333333333,76.66666666666667,1,1
8.0,0,0,1,0,0.0,95.0,14.0,0.5333333333333333,74.66666666666667,1,0
3.0,0,1,0,0,30.0,121.0,19.0,0.2,90.0,1,0
11.0,2,0,1,1,60.0,33.0,9.0,0.7333333333333333,60.66666666666667,1,1
8.0,1,1,0,0,30.0,43.0,12.0,0.5333333333333333,76.66666666666667,1,0
3.0,1,0,0,0,190.0,93.0,23.0,0.2,92.0,0,0
3.0,1,1,0,0,150.0,36.0,7.0,0.2,90.0,1,0
14.0,4,0,0,4,0.0,21.0,7.0,0.9333333333333332,38.66666666666666,1,1
4.0,2,2,0,0,90.0,87.0,21.0,0.2666666666666666,85.33333333333333,1,0
2.0,2,2,0,0,60.0,108.0,4.0,0.1333333333333333,90.66666666666669,1,0
3.0,0,0,0,0,249.0,127.0,25.0,0.2,92.0,0,0
1.0,1,0,0,0,356.0,141.0,17.0,0.0666666666666666,97.33333333333331,0,0
5.0,0,0,0,0,215.0,49.0,23.0,0.3333333333333333,86.66666666666667,0,0
4.0,2,1,0,0,150.0,95.0,5.0,0.2666666666666666,87.33333333333333,1,0
3.0,0,0,0,0,352.0,105.0,25.0,0.2,92.0,0,0
8.0,0,0,0,0,274.0,80.0,5.0,0.5333333333333333,78.66666666666667,0,0
7.0,3,1,1,1,0.0,34.0,24.0,0.4666666666666667,69.33333333333333,1,0
8.0,3,1,2,0,60.0,80.0,14.0,0.5333333333333333,68.66666666666667,1,1
8.0,1,0,0,0,257.0,94.0,4.0,0.5333333333333333,78.66666666666667,0,0
1.0,0,0,0,0,277.0,128.0,24.0,0.0666666666666666,97.33333333333331,0,0
2.0,0,1,0,0,150.0,35.0,20.0,0.1333333333333333,92.66666666666669,1,0
2.0,0,0,0,0,199.0,65.0,12.0,0.1333333333333333,94.66666666666669,0,0
14.0,4,1,2,2,30.0,32.0,25.0,0.9333333333333332,40.66666666666666,1,1
2.0,0,0,0,0,183.0,77.0,6.0,0.1333333333333333,94.66666666666669,0,0
0.0,0,0,0,0,339.0,61.0,8.0,0.0,100.0,0,0
10.0,2,0,1,2,0.0,38.0,21.0,0.6666666666666666,57.33333333333334,1,1
8.0,5,3,1,1,0.0,32.0,6.0,0.5333333333333333,62.66666666666667,1,1
1.0,0,0,0,0,207.0,68.0,15.0,0.0666666666666666,97.33333333333331,0,0
5.0,1,1,0,0,150.0,113.0,22.0,0.3333333333333333,84.66666666666667,1,0
10.0,3,1,0,1,30.0,108.0,17.0,0.6666666666666666,65.33333333333334,1,1
4.0,0,0,0,0,251.0,130.0,5.0,0.2666666666666666,89.33333333333333,0,0
4.0,1,0,0,0,228.0,101.0,19.0,0.2666666666666666,89.33333333333333,0,0
8.0,1,1,1,0,120.0,66.0,6.0,0.5333333333333333,72.66666666666667,1,1
4.0,1,0,0,0,183.0,91.0,19.0,0.2666666666666666,89.33333333333333,0,0
2.0,1,0,0,0,224.0,103.0,2.0,0.1333333333333333,94.66666666666669,0,0
12.0,6,0,2,3,30.0,39.0,23.0,0.8,42.0,1,1
6.0,2,1,1,0,0.0,57.0,7.0,0.4,78.0,1,0
6.0,2,1,1,0,60.0,79.0,4.0,0.4,78.0,1,0
6.0,3,1,0,1,0.0,105.0,1.0,0.4,76.0,1,1
7.0,4,2,2,0,30.0,27.0,6.0,0.4666666666666667,69.33333333333333,1,1
2.0,0,0,0,0,248.0,117.0,24.0,0.1333333333333333,94.66666666666669,0,0
7.0,1,0,1,0,60.0,45.0,22.0,0.4666666666666667,77.33333333333333,1,0
4.0,1,0,0,0,343.0,67.0,16.0,0.2666666666666666,89.33333333333333,0,0
1.0,0,0,0,0,313.0,54.0,4.0,0.0666666666666666,97.33333333333331,0,0
5.0,2,2,0,0,0.0,25.0,6.0,0.3333333333333333,82.66666666666667,1,0
2.0,0,0,0,0,232.0,97.0,19.0,0.1333333333333333,94.66666666666669,0,0
3.0,0,0,0,0,222.0,73.0,22.0,0.2,92.0,0,0
4.0,0,0,0,0,283.0,74.0,3.0,0.2666666666666666,89.33333333333333,0,0
8.0,0,1,0,0,90.0,56.0,7.0,0.5333333333333333,76.66666666666667,1,0
6.0,3,2,0,1,0.0,97.0,22.0,0.4,74.0,1,1
1.0,0,0,0,0,216.0,121.0,22.0,0.0666666666666666,97.33333333333331,0,0
6.0,0,0,0,0,321.0,67.0,19.0,0.4,84.0,0,0
10.0,2,2,0,0,0.0,33.0,5.0,0.6666666666666666,69.33333333333334,1,0
3.0,0,0,0,0,330.0,102.0,14.0,0.2,92.0,0,0
10.0,3,2,1,0,90.0,57.0,23.0,0.6666666666666666,65.33333333333334,1,1
3.0,0,0,0,0,278.0,81.0,23.0,0.2,92.0,0,0
3.0,1,0,0,0,262.0,64.0,19.0,0.2,92.0,0,0
3.0,0,0,0,0,258.0,129.0,12.0,0.2,92.0,0,0
11.0,3,0,2,0,30.0,92.0,8.0,0.7333333333333333,62.66666666666667,1,1
5.0,2,1,0,1,0.0,42.0,21.0,0.3333333333333333,78.66666666666667,1,1
3.0,1,0,0,0,310.0,62.0,21.0,0.2,92.0,0,0
12.0,5,1,1,2,60.0,88.0,22.0,0.8,50.0,1,1
7.0,0,0,0,0,352.0,95.0,15.0,0.4666666666666667,81.33333333333333,0,0
8.0,2,0,1,0,150.0,55.0,21.0,0.5333333333333333,74.66666666666667,1,0
9.0,4,2,1,0,0.0,34.0,18.0,0.6,68.0,1,1
12.0,2,0,0,2,0.0,32.0,22.0,0.8,56.0,1,1
10.0,3,0,1,1,0.0,38.0,8.0,0.6666666666666666,63.33333333333334,1,1
4.0,0,0,0,0,200.0,117.0,25.0,0.2666666666666666,89.33333333333333,0,0
4.0,2,2,0,0,90.0,64.0,1.0,0.2666666666666666,85.33333333333333,1,0
8.0,1,1,0,0,120.0,64.0,21.0,0.5333333333333333,76.66666666666667,1,0
12.0,4,1,1,1,60.0,25.0,5.0,0.8,56.0,1,1
11.0,3,1,1,1,0.0,70.0,21.0,0.7333333333333333,58.66666666666667,1,1
8.0,4,2,1,0,30.0,44.0,7.0,0.5333333333333333,70.66666666666667,1,0
13.0,3,2,1,0,60.0,40.0,5.0,0.8666666666666667,57.33333333333333,1,1
6.0,1,0,0,1,60.0,51.0,23.0,0.4,78.0,1,0
3.0,0,0,0,0,323.0,68.0,12.0,0.2,92.0,0,0
7.0,3,1,1,1,0.0,66.0,17.0,0.4666666666666667,69.33333333333333,1,1
11.0,4,1,3,0,0.0,24.0,24.0,0.7333333333333333,56.66666666666667,1,1
4.0,0,0,0,0,315.0,130.0,1.0,0.2666666666666666,89.33333333333333,0,0
3.0,1,1,0,0,90.0,67.0,10.0,0.2,90.0,1,0
4.0,0,0,0,0,335.0,81.0,4.0,0.2666666666666666,89.33333333333333,0,0
12.0,3,1,1,2,30.0,25.0,23.0,0.8,50.0,1,1
4.0,1,0,0,0,358.0,113.0,23.0,0.2666666666666666,89.33333333333333,0,0
0.0,0,0,0,0,358.0,74.0,10.0,0.0,100.0,0,0
12.0,3,3,1,0,60.0,17.0,6.0,0.8,58.0,1,1
13.0,4,1,0,3,0.0,43.0,21.0,0.8666666666666667,45.33333333333333,1,1
4.0,0,1,0,0,60.0,117.0,20.0,0.2666666666666666,87.33333333333333,1,0
4.0,0,0,0,0,343.0,135.0,9.0,0.2666666666666666,89.33333333333333,0,0
1.0,0,0,0,0,203.0,56.0,12.0,0.0666666666666666,97.33333333333331,0,0
12.0,5,2,1,1,0.0,77.0,16.0,0.8,54.0,1,1
7.0,0,0,0,0,246.0,52.0,5.0,0.4666666666666667,81.33333333333333,0,0
1.0,0,0,0,0,208.0,130.0,11.0,0.0666666666666666,97.33333333333331,0,0
1.0,1,0,0,0,225.0,63.0,3.0,0.0666666666666666,97.33333333333331,0,0
9.0,0,0,0,0,359.0,108.0,5.0,0.6,76.0,0,0
10.0,3,0,0,3,60.0,76.0,18.0,0.6666666666666666,55.33333333333334,1,1
3.0,1,1,0,0,150.0,68.0,25.0,0.2,90.0,1,0
3.0,1,0,0,0,269.0,77.0,23.0,0.2,92.0,0,0
4.0,2,1,0,0,90.0,111.0,9.0,0.2666666666666666,87.33333333333333,1,0
8.0,1,0,1,0,150.0,30.0,18.0,0.5333333333333333,74.66666666666667,1,0
8.0,4,1,2,2,0.0,11.0,24.0,0.5333333333333333,56.66666666666667,1,1
8.0,0,0,1,0,60.0,83.0,6.0,0.5333333333333333,74.66666666666667,1,0
7.0,2,1,1,0,60.0,28.0,1.0,0.4666666666666667,75.33333333333333,1,1
10.0,3,1,0,2,0.0,86.0,2.0,0.6666666666666666,59.33333333333334,1,1
2.0,0,0,0,0,237.0,46.0,7.0,0.1333333333333333,94.66666666666669,0,0
5.0,2,1,1,0,0.0,57.0,17.0,0.3333333333333333,80.66666666666667,1,1
7.0,1,0,1,1,30.0,113.0,9.0,0.4666666666666667,71.33333333333333,1,1
4.0,1,0,0,0,252.0,111.0,20.0,0.2666666666666666,89.33333333333333,0,0
5.0,0,0,0,0,334.0,130.0,15.0,0.3333333333333333,86.66666666666667,0,0
1.0,0,0,0,0,302.0,104.0,16.0,0.0666666666666666,97.33333333333331,0,0
4.0,0,0,0,0,243.0,58.0,4.0,0.2666666666666666,89.33333333333333,0,0
7.0,4,1,0,2,0.0,92.0,20.0,0.4666666666666667,67.33333333333333,1,1
12.0,2,0,0,1,120.0,104.0,15.0,0.8,62.0,1,1
0.0,1,0,0,0,351.0,118.0,18.0,0.0,100.0,0,0
13.0,5,1,2,1,0.0,62.0,22.0,0.8666666666666667,49.33333333333333,1,1
14.0,4,1,1,2,0.0,14.0,15.0,0.9333333333333332,44.66666666666666,1,1
4.0,0,0,0,0,269.0,64.0,3.0,0.2666666666666666,89.33333333333333,0,0
3.0,0,0,0,0,253.0,133.0,5.0,0.2,92.0,0,0
0.0,1,0,0,0,188.0,80.0,19.0,0.0,100.0,0,0
5.0,0,0,0,0,256.0,127.0,7.0,0.3333333333333333,86.66666666666667,0,0
4.0,0,0,0,0,273.0,134.0,21.0,0.2666666666666666,89.33333333333333,0,0
14.0,4,1,1,2,0.0,44.0,9.0,0.9333333333333332,44.66666666666666,1,1
4.0,2,1,0,0,120.0,118.0,14.0,0.2666666666666666,87.33333333333333,1,0
0.0,0,0,0,0,212.0,57.0,19.0,0.0,100.0,0,0
6.0,3,1,0,1,30.0,97.0,16.0,0.4,76.0,1,1
0.0,0,0,0,0,275.0,132.0,14.0,0.0,100.0,0,0
3.0,1,0,1,0,0.0,117.0,7.0,0.2,88.0,1,0
14.0,1,1,0,1,30.0,73.0,24.0,0.9333333333333332,54.66666666666666,1,1
8.0,0,1,0,0,120.0,45.0,6.0,0.5333333333333333,76.66666666666667,1,0
6.0,3,0,1,1,30.0,44.0,2.0,0.4,74.0,1,1
3.0,1,0,1,0,0.0,68.0,6.0,0.2,88.0,1,0
3.0,1,0,0,0,328.0,91.0,11.0,0.2,92.0,0,0
0.0,0,0,0,0,237.0,134.0,20.0,0.0,100.0,0,0
11.0,4,1,2,0,60.0,95.0,21.0,0.7333333333333333,60.66666666666667,1,1
1.0,0,0,0,0,342.0,94.0,19.0,0.0666666666666666,97.33333333333331,0,0
4.0,1,0,0,0,187.0,90.0,20.0,0.2666666666666666,89.33333333333333,0,0
2.0,1,1,0,0,90.0,102.0,20.0,0.1333333333333333,92.66666666666669,1,0
7.0,1,1,0,0,30.0,37.0,2.0,0.4666666666666667,79.33333333333333,1,0
4.0,2,1,0,0,150.0,87.0,14.0,0.2666666666666666,87.33333333333333,1,0
8.0,0,0,0,0,282.0,91.0,18.0,0.5333333333333333,78.66666666666667,0,0
11.0,4,2,0,2,0.0,28.0,15.0,0.7333333333333333,54.66666666666667,1,1
12.0,2,1,1,0,90.0,98.0,21.0,0.8,62.0,1,1
7.0,0,0,0,0,246.0,64.0,19.0,0.4666666666666667,81.33333333333333,0,0
11.0,4,0,1,2,90.0,42.0,18.0,0.7333333333333333,54.66666666666667,1,1
0.0,0,0,0,0,285.0,100.0,5.0,0.0,100.0,0,0
6.0,1,0,0,0,331.0,99.0,17.0,0.4,84.0,0,0
5.0,3,1,0,1,0.0,69.0,8.0,0.3333333333333333,78.66666666666667,1,1
7.0,3,2,1,0,60.0,91.0,24.0,0.4666666666666667,73.33333333333333,1,1
3.0,0,0,0,0,216.0,116.0,12.0,0.2,92.0,0,0
12.0,1,0,2,0,90.0,92.0,16.0,0.8,60.0,1,1
3.0,0,0,1,0,90.0,35.0,19.0,0.2,88.0,1,0
1.0,1,0,0,0,357.0,134.0,10.0,0.0666666666666666,97.33333333333331,0,0
8.0,2,1,0,0,30.0,108.0,21.0,0.5333333333333333,76.66666666666667,1,0
7.0,0,0,0,0,341.0,122.0,10.0,0.4666666666666667,81.33333333333333,0,0
4.0,1,2,0,0,0.0,69.0,10.0,0.2666666666666666,85.33333333333333,1,0
6.0,0,0,0,0,314.0,100.0,5.0,0.4,84.0,0,0
3.0,0,0,0,0,321.0,99.0,14.0,0.2,92.0,0,0
1.0,0,0,0,0,191.0,115.0,8.0,0.0666666666666666,97.33333333333331,0,0
2.0,2,1,0,0,30.0,33.0,15.0,0.1333333333333333,92.66666666666669,1,0
12.0,3,0,1,3,0.0,15.0,7.0,0.8,46.0,1,1
4.0,0,0,0,0,262.0,48.0,12.0,0.2666666666666666,89.33333333333333,0,1
4.0,2,1,0,0,30.0,115.0,18.0,0.2666666666666666,87.33333333333333,1,0
2.0,1,1,0,0,145.0,300.0,3.0,0.17,86.33,0,0
4.0,2,0,1,0,90.0,45.0,16.0,0.2666666666666666,85.33333333333333,1,0
3.0,1,0,0,0,296.0,52.0,23.0,0.2,92.0,0,0
6.0,1,1,0,0,30.0,123.0,14.0,0.4,82.0,1,0
10.0,3,0,3,1,30.0,94.0,12.0,0.6666666666666666,55.33333333333334,1,1
2.0,0,0,0,0,256.0,71.0,3.0,0.1333333333333333,94.66666666666669,0,0
5.0,5,1,3,0,0.0,95.0,12.0,0.3333333333333333,72.66666666666667,1,1
3.0,0,0,0,0,243.0,73.0,21.0,0.2,92.0,0,0
8.0,1,1,1,0,30.0,70.0,15.0,0.5333333333333333,72.66666666666667,1,1
1.0,0,0,0,0,307.0,57.0,2.0,0.0666666666666666,97.33333333333331,0,0
7.0,2,1,1,0,30.0,27.0,14.0,0.4666666666666667,75.33333333333333,1,1
14.0,1,1,0,1,60.0,49.0,22.0,0.9333333333333332,54.66666666666666,1,1
8.0,2,1,1,0,60.0,96.0,3.0,0.5333333333333333,72.66666666666667,1,1
4.0,1,0,0,0,235.0,86.0,11.0,0.2666666666666666,89.33333333333333,0,0
9.0,3,2,0,1,0.0,53.0,15.0,0.6,66.0,1,1
4.0,1,1,0,0,120.0,40.0,22.0,0.2666666666666666,87.33333333333333,1,0
6.0,1,0,0,0,335.0,120.0,11.0,0.4,84.0,0,0
12.0,3,2,0,1,0.0,42.0,10.0,0.8,58.0,1,1
10.0,2,2,1,0,0.0,108.0,2.0,0.6666666666666666,65.33333333333334,1,1
3.0,0,0,0,0,258.0,137.0,11.0,0.2,92.0,0,0
8.0,2,0,1,0,60.0,112.0,16.0,0.5333333333333333,74.66666666666667,1,0
3.0,1,1,0,0,120.0,110.0,17.0,0.2,90.0,1,0
8.0,3,0,1,2,60.0,73.0,11.0,0.5333333333333333,62.66666666666667,1,1
7.0,0,0,0,0,194.0,111.0,1.0,0.4666666666666667,81.33333333333333,0,0
8.0,0,0,0,1,150.0,35.0,21.0,0.5333333333333333,72.66666666666667,1,1
1.0,0,1,0,0,0.0,117.0,7.0,0.0666666666666666,95.33333333333331,1,0
3.0,0,0,0,0,335.0,101.0,25.0,0.2,92.0,0,0
2.0,0,0,0,0,182.0,46.0,19.0,0.1333333333333333,94.66666666666669,0,0
5.0,3,1,1,0,0.0,99.0,3.0,0.3333333333333333,80.66666666666667,1,0
14.0,2,0,0,3,0.0,23.0,16.0,0.9333333333333332,44.66666666666666,1,1
0.0,0,0,0,0,282.0,58.0,1.0,0.0,100.0,0,0
11.0,3,2,0,1,30.0,102.0,12.0,0.7333333333333333,60.66666666666667,1,1
4.0,1,1,0,0,30.0,103.0,2.0,0.2666666666666666,87.33333333333333,1,0
3.0,1,0,0,0,282.0,133.0,15.0,0.2,92.0,0,0
9.0,3,2,0,1,30.0,33.0,2.0,0.6,66.0,1,1
0.0,0,0,0,0,236.0,60.0,8.0,0.0,100.0,0,0
2.0,0,0,0,0,252.0,63.0,8.0,0.1333333333333333,94.66666666666669,0,1
4.0,0,0,0,0,234.0,116.0,5.0,0.2666666666666666,89.33333333333333,0,0
5.0,2,2,1,0,0.0,20.0,12.0,0.3333333333333333,78.66666666666667,1,1
3.0,0,0,1,0,60.0,92.0,18.0,0.2,88.0,1,0
2.0,2,0,1,0,0.0,81.0,2.0,0.1333333333333333,90.66666666666669,1,0
13.0,2,1,1,1,30.0,99.0,20.0,0.8666666666666667,53.33333333333333,1,1
11.0,3,1,1,0,30.0,103.0,21.0,0.7333333333333333,64.66666666666667,1,1
3.0,0,0,0,0,196.0,52.0,22.0,0.2,92.0,0,0
6.0,3,2,1,0,30.0,99.0,6.0,0.4,76.0,1,1
6.0,2,0,2,0,0.0,85.0,20.0,0.4,76.0,1,1
6.0,0,0,0,0,333.0,103.0,18.0,0.4,84.0,0,0
3.0,0,0,0,0,266.0,62.0,2.0,0.2,92.0,0,0
6.0,2,1,0,0,90.0,43.0,10.0,0.4,82.0,1,0
6.0,0,0,1,0,30.0,36.0,15.0,0.4,80.0,1,0
4.0,0,0,0,0,285.0,89.0,10.0,0.2666666666666666,89.33333333333333,0,0
10.0,0,0,0,0,300.0,109.0,17.0,0.6666666666666666,73.33333333333334,0,0
2.0,0,0,0,0,305.0,78.0,25.0,0.1333333333333333,94.66666666666669,0,0
7.0,1,1,1,0,60.0,55.0,17.0,0.4666666666666667,75.33333333333333,1,0
3.0,0,0,0,0,308.0,102.0,8.0,0.2,92.0,0,0
1.0,1,0,0,0,322.0,56.0,5.0,0.0666666666666666,97.33333333333331,0,0
6.0,1,0,1,0,0.0,54.0,13.0,0.4,80.0,1,0
4.0,0,0,0,0,342.0,120.0,25.0,0.2666666666666666,89.33333333333333,0,0
3.0,0,0,0,0,346.0,81.0,22.0,0.2,92.0,0,0
8.0,2,1,0,0,120.0,69.0,6.0,0.5333333333333333,76.66666666666667,1,0
10.0,5,3,2,0,0.0,43.0,17.0,0.6666666666666666,59.33333333333334,1,1
2.0,2,1,1,0,0.0,30.0,20.0,0.1333333333333333,88.66666666666667,1,0
7.0,3,2,0,0,0.0,94.0,12.0,0.4666666666666667,77.33333333333333,1,0
8.0,0,0,0,0,214.0,113.0,8.0,0.5333333333333333,78.66666666666667,0,0
3.0,0,0,0,1,0.0,62.0,1.0,0.2,86.0,1,0
6.0,2,0,0,1,60.0,38.0,5.0,0.4,78.0,1,1
4.0,0,0,0,0,356.0,103.0,1.0,0.2666666666666666,89.33333333333333,0,0
14.0,3,0,1,3,0.0,77.0,22.0,0.9333333333333332,40.66666666666666,1,1
8.0,2,0,1,0,120.0,82.0,10.0,0.5333333333333333,74.66666666666667,1,1
2.0,0,0,0,0,326.0,117.0,7.0,0.1333333333333333,94.66666666666669,0,0
3.0,2,0,1,0,0.0,75.0,8.0,0.2,88.0,1,0
4.0,2,0,1,0,30.0,74.0,16.0,0.2666666666666666,85.33333333333333,1,0
2.0,1,1,0,0,150.0,41.0,25.0,0.1333333333333333,92.66666666666669,1,0
8.0,2,1,0,1,0.0,49.0,19.0,0.5333333333333333,70.66666666666667,1,1
3.0,0,0,0,0,253.0,66.0,6.0,0.2,92.0,0,0
2.0,0,0,0,0,181.0,48.0,3.0,0.1333333333333333,94.66666666666669,0,0
8.0,2,0,2,0,0.0,52.0,9.0,0.5333333333333333,70.66666666666667,1,1
13.0,0,1,0,0,90.0,106.0,24.0,0.8666666666666667,63.33333333333333,1,1
5.0,2,1,1,0,0.0,58.0,1.0,0.3333333333333333,80.66666666666667,1,0
1.0,0,0,0,0,315.0,66.0,17.0,0.0666666666666666,97.33333333333331,0,0
3.0,1,0,0,0,339.0,127.0,16.0,0.2,92.0,0,0
3.0,2,1,1,0,90.0,86.0,7.0,0.2,86.0,1,0
3.0,0,0,0,0,270.0,112.0,9.0,0.2,92.0,0,1
8.0,1,1,0,0,0.0,42.0,23.0,0.5333333333333333,76.66666666666667,1,0
4.0,1,0,0,0,205.0,45.0,10.0,0.2666666666666666,89.33333333333333,0,0
3.0,2,1,1,1,0.0,27.0,3.0,0.2,80.0,1,1
2.0,0,0,0,0,318.0,77.0,17.0,0.1333333333333333,94.66666666666669,0,0
9.0,3,3,0,0,0.0,84.0,5.0,0.6,70.0,1,1
3.0,0,0,0,0,243.0,58.0,19.0,0.2,92.0,0,0
5.0,0,0,0,0,305.0,72.0,16.0,0.3333333333333333,86.66666666666667,0,0
7.0,3,0,2,0,0.0,50.0,19.0,0.4666666666666667,73.33333333333333,1,1
4.0,2,1,0,0,120.0,69.0,9.0,0.2666666666666666,87.33333333333333,1,0
0.0,0,0,0,0,233.0,61.0,22.0,0.0,100.0,0,0
3.0,0,0,0,0,306.0,79.0,12.0,0.2,92.0,0,0
12.0,3,2,0,1,0.0,103.0,7.0,0.8,58.0,1,1
4.0,1,2,0,0,60.0,81.0,23.0,0.2666666666666666,85.33333333333333,1,0
11.0,3,0,2,1,0.0,30.0,15.0,0.7333333333333333,56.66666666666667,1,1
7.0,0,0,0,0,288.0,130.0,12.0,0.4666666666666667,81.33333333333333,0,0
12.0,0,0,0,0,356.0,60.0,25.0,0.8,68.0,0,0
9.0,3,2,1,0,0.0,99.0,7.0,0.6,68.0,1,1
4.0,1,0,0,0,254.0,48.0,5.0,0.2666666666666666,89.33333333333333,0,0
5.0,0,0,0,0,207.0,91.0,15.0,0.3333333333333333,86.66666666666667,0,0
4.0,0,0,0,0,236.0,124.0,25.0,0.2666666666666666,89.33333333333333,0,0
8.0,0,0,0,0,287.0,135.0,16.0,0.5333333333333333,78.66666666666667,0,0
2.0,0,1,0,0,60.0,96.0,18.0,0.1333333333333333,92.66666666666669,1,0
6.0,0,0,1,0,0.0,33.0,24.0,0.4,80.0,1,0
6.0,1,1,0,0,30.0,103.0,10.0,0.4,82.0,1,0
0.0,0,0,0,0,335.0,132.0,22.0,0.0,100.0,0,0
4.0,0,0,0,0,186.0,100.0,21.0,0.2666666666666666,89.33333333333333,0,0
13.0,2,0,0,2,0.0,78.0,13.0,0.8666666666666667,53.33333333333333,1,1
6.0,1,1,0,1,0.0,31.0,10.0,0.4,76.0,1,1
12.0,0,0,1,0,120.0,55.0,13.0,0.8,64.0,1,1
1.0,1,0,0,0,344.0,66.0,24.0,0.0666666666666666,97.33333333333331,0,0
11.0,1,0,1,1,0.0,84.0,23.0,0.7333333333333333,60.66666666666667,1,1
10.0,0,0,0,1,0.0,63.0,24.0,0.6666666666666666,67.33333333333334,1,1
8.0,0,0,0,0,275.0,71.0,12.0,0.5333333333333333,78.66666666666667,0,0
11.0,2,1,0,2,0.0,57.0,24.0,0.7333333333333333,56.66666666666667,1,1
7.0,0,0,0,0,245.0,53.0,7.0,0.4666666666666667,81.33333333333333,0,1
2.0,0,0,0,0,251.0,129.0,18.0,0.1333333333333333,94.66666666666669,0,0
2.0,1,0,0,0,359.0,50.0,22.0,0.1333333333333333,94.66666666666669,0,0
6.0,0,1,0,0,120.0,95.0,15.0,0.4,82.0,1,0
1.0,0,0,0,0,308.0,44.0,5.0,0.0666666666666666,97.33333333333331,0,0
11.0,2,1,0,0,0.0,126.0,17.0,0.7333333333333333,68.66666666666667,1,0
4.0,0,0,0,0,248.0,81.0,16.0,0.2666666666666666,89.33333333333333,0,0
0.0,0,0,1,0,0.0,40.0,15.0,0.0,96.0,1,0
0.0,1,0,0,0,217.0,121.0,23.0,0.0,100.0,0,0
3.0,0,0,0,0,242.0,69.0,9.0,0.2,92.0,0,0
5.0,0,1,0,0,0.0,80.0,18.0,0.3333333333333333,84.66666666666667,1,0
6.0,2,1,0,0,60.0,92.0,1.0,0.4,82.0,1,0
1.0,0,0,0,0,266.0,98.0,4.0,0.0666666666666666,97.33333333333331,0,0
10.0,3,1,1,0,30.0,92.0,18.0,0.6666666666666666,67.33333333333334,1,1
6.0,5,1,2,1,30.0,93.0,6.0,0.4,68.0,1,1
3.0,1,0,0,0,222.0,84.0,11.0,0.2,92.0,0,0
3.0,1,0,0,0,289.0,130.0,13.0,0.2,92.0,0,0
6.0,3,1,2,0,60.0,95.0,13.0,0.4,74.0,1,1
12.0,1,0,1,1,30.0,47.0,2.0,0.8,58.0,1,1
10.0,4,1,2,1,30.0,51.0,18.0,0.6666666666666666,57.33333333333334,1,1
13.0,1,0,0,1,60.0,57.0,12.0,0.8666666666666667,59.33333333333333,1,1
3.0,1,0,0,0,257.0,66.0,2.0,0.2,92.0,0,0
12.0,1,0,1,0,0.0,70.0,18.0,0.8,64.0,1,1
2.0,2,0,1,0,150.0,67.0,18.0,0.1333333333333333,90.66666666666669,1,0
11.0,4,0,0,5,30.0,60.0,9.0,0.7333333333333333,40.66666666666667,1,1
3.0,0,0,0,0,233.0,96.0,19.0,0.2,92.0,0,0
5.0,1,1,0,0,0.0,49.0,15.0,0.3333333333333333,84.66666666666667,1,0
4.0,0,0,0,0,224.0,89.0,10.0,0.2666666666666666,89.33333333333333,0,0
1.0,0,1,0,0,0.0,80.0,21.0,0.0666666666666666,95.33333333333331,1,0
5.0,1,1,0,0,120.0,63.0,12.0,0.3333333333333333,84.66666666666667,1,0
12.0,3,2,0,0,0.0,28.0,8.0,0.8,64.0,1,1
4.0,2,1,0,0,90.0,38.0,5.0,0.2666666666666666,87.33333333333333,1,0
5.0,0,0,0,0,252.0,90.0,11.0,0.3333333333333333,86.66666666666667,0,0
13.0,2,1,0,2,30.0,79.0,12.0,0.8666666666666667,51.33333333333333,1,1
10.0,3,1,1,1,0.0,24.0,14.0,0.6666666666666666,61.33333333333334,1,1
9.0,1,0,1,0,0.0,83.0,7.0,0.6,72.0,1,0
11.0,2,1,2,0,30.0,63.0,24.0,0.7333333333333333,60.66666666666667,1,1
6.0,0,0,0,1,90.0,57.0,2.0,0.4,78.0,1,1
1.0,0,0,0,0,323.0,91.0,8.0,0.0666666666666666,97.33333333333331,0,0
10.0,2,1,1,0,0.0,89.0,22.0,0.6666666666666666,67.33333333333334,1,1
3.0,1,0,0,0,309.0,134.0,24.0,0.2,92.0,0,0
0.0,2,2,0,0,0.0,79.0,16.0,0.0,96.0,1,0
8.0,0,0,0,0,189.0,60.0,4.0,0.5333333333333333,78.66666666666667,0,0
6.0,0,0,1,0,150.0,103.0,13.0,0.4,80.0,1,0
2.0,0,0,0,0,340.0,55.0,8.0,0.1333333333333333,94.66666666666669,0,0
2.0,0,0,0,0,241.0,63.0,20.0,0.1333333333333333,94.66666666666669,0,0
3.0,1,1,0,0,90.0,66.0,11.0,0.2,90.0,1,0
6.0,0,0,0,0,194.0,69.0,19.0,0.4,84.0,0,0
3.0,1,1,0,0,0.0,51.0,25.0,0.2,90.0,1,0
0.0,1,0,0,0,285.0,104.0,9.0,0.0,100.0,0,0
3.0,1,0,0,0,329.0,69.0,16.0,0.2,92.0,0,1
11.0,3,2,1,0,0.0,89.0,9.0,0.7333333333333333,62.66666666666667,1,1
9.0,3,0,2,1,0.0,49.0,21.0,0.6,62.0,1,1
4.0,1,0,0,0,306.0,109.0,2.0,0.2666666666666666,89.33333333333333,0,0
8.0,0,0,0,0,289.0,80.0,8.0,0.5333333333333333,78.66666666666667,0,0
2.0,0,1,0,0,30.0,111.0,4.0,0.1333333333333333,92.66666666666669,1,0
3.0,2,0,1,0,90.0,87.0,14.0,0.2,88.0,1,0
3.0,0,0,0,0,327.0,89.0,8.0,0.2,92.0,0,0
7.0,2,0,1,0,120.0,113.0,14.0,0.4666666666666667,77.33333333333333,1,0
3.0,1,0,0,0,251.0,138.0,16.0,0.2,92.0,0,0
5.0,0,0,0,0,213.0,92.0,12.0,0.3333333333333333,86.66666666666667,0,0
8.0,3,2,0,0,0.0,21.0,4.0,0.5333333333333333,74.66666666666667,1,0
6.0,0,0,0,1,60.0,86.0,17.0,0.4,78.0,1,0
3.0,2,1,0,0,90.0,33.0,11.0,0.2,90.0,1,0
4.0,0,0,0,0,312.0,95.0,25.0,0.2666666666666666,89.33333333333333,0,0
8.0,3,1,1,2,0.0,82.0,15.0,0.5333333333333333,60.66666666666667,1,1
6.0,2,0,1,1,0.0,61.0,8.0,0.4,74.0,1,1
4.0,0,0,0,0,279.0,104.0,20.0,0.2666666666666666,89.33333333333333,0,0
6.0,0,1,0,0,60.0,61.0,22.0,0.4,82.0,1,0
1.0,0,1,0,0,30.0,98.0,2.0,0.0666666666666666,95.33333333333331,1,0
4.0,1,0,0,0,337.0,128.0,21.0,0.2666666666666666,89.33333333333333,0,0
6.0,4,0,1,3,0.0,70.0,19.0,0.4,62.0,1,1
2.0,0,0,0,0,259.0,113.0,7.0,0.1333333333333333,94.66666666666669,0,0
12.0,0,0,0,0,215.0,111.0,8.0,0.8,68.0,0,0
1.0,0,0,0,0,312.0,96.0,18.0,0.0666666666666666,97.33333333333331,0,0
4.0,1,0,0,0,296.0,66.0,21.0,0.2666666666666666,89.33333333333333,0,0
5.0,1,0,1,0,120.0,63.0,13.0,0.3333333333333333,82.66666666666667,1,0
0.0,0,0,0,0,325.0,105.0,21.0,0.0,100.0,0,0
2.0,0,0,0,0,291.0,116.0,5.0,0.1333333333333333,94.66666666666669,0,0
11.0,3,1,2,0,0.0,21.0,19.0,0.7333333333333333,60.66666666666667,1,1
4.0,1,1,0,0,30.0,90.0,14.0,0.2666666666666666,87.33333333333333,1,0
4.0,0,0,0,0,249.0,68.0,24.0,0.2666666666666666,89.33333333333333,0,0
3.0,0,0,0,0,191.0,98.0,13.0,0.2,92.0,0,0
4.0,1,0,0,0,276.0,118.0,1.0,0.2666666666666666,89.33333333333333,0,0
10.0,2,0,2,0,0.0,42.0,17.0,0.6666666666666666,65.33333333333334,1,1
10.0,1,1,0,1,0.0,25.0,18.0,0.6666666666666666,65.33333333333334,1,1
7.0,0,1,0,0,150.0,113.0,1.0,0.4666666666666667,79.33333333333333,1,0
5.0,2,1,0,0,90.0,110.0,9.0,0.3333333333333333,84.66666666666667,1,0
2.0,0,0,0,0,355.0,54.0,21.0,0.1333333333333333,94.66666666666669,0,0
7.0,5,2,3,0,0.0,35.0,25.0,0.4666666666666667,65.33333333333333,1,1
4.0,2,1,0,0,30.0,102.0,3.0,0.2666666666666666,87.33333333333333,1,0
6.0,1,1,1,0,0.0,72.0,23.0,0.4,78.0,1,1
1.0,0,0,0,0,344.0,98.0,6.0,0.0666666666666666,97.33333333333331,0,0
7.0,1,0,1,0,90.0,60.0,24.0,0.4666666666666667,77.33333333333333,1,1
0.0,1,1,0,0,150.0,58.0,20.0,0.0,98.0,1,0
11.0,3,1,1,0,30.0,20.0,17.0,0.7333333333333333,64.66666666666667,1,1
5.0,0,0,1,0,0.0,40.0,8.0,0.3333333333333333,82.66666666666667,1,0
3.0,3,2,0,0,0.0,65.0,15.0,0.2,88.0,1,0
5.0,1,0,1,0,150.0,84.0,3.0,0.3333333333333333,82.66666666666667,1,0
8.0,3,2,1,0,0.0,82.0,10.0,0.5333333333333333,70.66666666666667,1,1
0.0,1,0,0,0,296.0,117.0,18.0,0.0,100.0,0,0
6.0,0,0,0,0,268.0,47.0,4.0,0.4,84.0,0,0
8.0,0,0,0,0,263.0,63.0,15.0,0.5333333333333333,78.66666666666667,0,0
3.0,2,1,0,0,90.0,81.0,15.0,0.2,90.0,1,0
7.0,0,1,0,0,90.0,47.0,8.0,0.4666666666666667,79.33333333333333,1,0
12.0,5,1,2,1,0.0,95.0,21.0,0.8,52.0,1,1
4.0,0,0,0,0,226.0,72.0,8.0,0.2666666666666666,89.33333333333333,0,0
8.0,0,1,0,0,120.0,60.0,3.0,0.5333333333333333,76.66666666666667,1,0
1.0,2,3,0,0,0.0,19.0,12.0,0.0666666666666666,91.33333333333331,1,0
1.0,1,0,0,0,302.0,118.0,21.0,0.0666666666666666,97.33333333333331,0,0
6.0,1,1,1,0,30.0,77.0,20.0,0.4,78.0,1,0
2.0,0,0,0,0,247.0,78.0,4.0,0.1333333333333333,94.66666666666669,0,0
2.0,2,0,1,0,90.0,54.0,1.0,0.1333333333333333,90.66666666666669,1,0
4.0,1,1,0,0,0.0,77.0,10.0,0.2666666666666666,87.33333333333333,1,0
11.0,2,1,2,0,0.0,60.0,17.0,0.7333333333333333,60.66666666666667,1,1
3.0,2,1,0,0,60.0,81.0,16.0,0.2,90.0,1,0
7.0,0,0,0,0,259.0,109.0,10.0,0.4666666666666667,81.33333333333333,0,0
4.0,0,0,0,0,216.0,107.0,17.0,0.2666666666666666,89.33333333333333,0,0
0.0,0,1,0,0,120.0,63.0,12.0,0.0,98.0,1,0
11.0,1,1,0,0,0.0,101.0,20.0,0.7333333333333333,68.66666666666667,1,1
2.0,0,0,0,0,231.0,99.0,20.0,0.1333333333333333,94.66666666666669,0,0
2.0,0,0,0,0,261.0,132.0,15.0,0.1333333333333333,94.66666666666669,0,0
0.0,0,1,0,0,0.0,118.0,10.0,0.0,98.0,1,0
4.0,1,0,0,0,184.0,50.0,14.0,0.2666666666666666,89.33333333333333,0,0
4.0,2,0,2,0,30.0,36.0,10.0,0.2666666666666666,81.33333333333333,1,0
12.0,1,0,0,1,30.0,70.0,8.0,0.8,62.0,1,1
3.0,2,0,1,0,90.0,56.0,3.0,0.2,88.0,1,0
0.0,0,1,0,0,30.0,71.0,11.0,0.0,98.0,1,0
1.0,0,0,0,0,326.0,129.0,22.0,0.0666666666666666,97.33333333333331,0,0
9.0,3,1,0,1,30.0,83.0,13.0,0.6,68.0,1,1
0.0,3,1,1,0,30.0,56.0,2.0,0.0,94.0,1,0
5.0,1,1,0,0,90.0,78.0,14.0,0.3333333333333333,84.66666666666667,1,0
1.0,0,0,0,0,346.0,83.0,14.0,0.0666666666666666,97.33333333333331,0,0
4.0,1,2,0,0,30.0,92.0,4.0,0.2666666666666666,85.33333333333333,1,0
8.0,2,1,0,0,120.0,110.0,23.0,0.5333333333333333,76.66666666666667,1,0
8.0,1,0,0,1,30.0,62.0,2.0,0.5333333333333333,72.66666666666667,1,1
10.0,4,2,0,1,0.0,97.0,14.0,0.6666666666666666,63.33333333333334,1,1
6.0,2,1,0,0,0.0,68.0,12.0,0.4,82.0,1,0
0.0,0,0,0,0,219.0,96.0,25.0,0.0,100.0,0,0
4.0,0,0,0,0,232.0,72.0,16.0,0.2666666666666666,89.33333333333333,0,0
3.0,0,1,0,0,120.0,37.0,23.0,0.2,90.0,1,0
14.0,4,0,2,2,0.0,20.0,2.0,0.9333333333333332,42.66666666666666,1,1
10.0,2,1,1,0,30.0,28.0,16.0,0.6666666666666666,67.33333333333334,1,1
7.0,1,1,0,0,30.0,41.0,3.0,0.4666666666666667,79.33333333333333,1,0
3.0,0,0,0,0,284.0,92.0,24.0,0.2,92.0,0,0
7.0,2,2,0,0,90.0,56.0,13.0,0.4666666666666667,77.33333333333333,1,0
1.0,0,0,0,0,197.0,104.0,2.0,0.0666666666666666,97.33333333333331,0,0
8.0,2,1,1,0,30.0,86.0,9.0,0.5333333333333333,72.66666666666667,1,1
12.0,1,2,0,0,90.0,40.0,18.0,0.8,64.0,1,1
0.0,0,0,0,0,353.0,118.0,12.0,0.0,100.0,0,0
3.0,1,1,0,0,0.0,110.0,20.0,0.2,90.0,1,0
6.0,0,1,0,0,0.0,42.0,23.0,0.4,82.0,1,0
7.0,0,0,0,1,150.0,103.0,14.0,0.4666666666666667,75.33333333333333,1,1
7.0,1,0,0,0,193.0,56.0,19.0,0.4666666666666667,81.33333333333333,0,0
8.0,1,0,1,0,60.0,50.0,2.0,0.5333333333333333,74.66666666666667,1,0
2.0,0,0,0,0,230.0,125.0,4.0,0.1333333333333333,94.66666666666669,0,0
2.0,0,0,0,0,342.0,93.0,11.0,0.1333333333333333,94.66666666666669,0,0
10.0,1,1,1,0,0.0,104.0,11.0,0.6666666666666666,67.33333333333334,1,1
2.0,0,0,0,0,237.0,57.0,19.0,0.1333333333333333,94.66666666666669,0,0
8.0,0,1,0,0,90.0,93.0,6.0,0.5333333333333333,76.66666666666667,1,0
0.0,0,0,0,0,272.0,141.0,11.0,0.0,100.0,0,0
7.0,1,1,0,0,60.0,46.0,7.0,0.4666666666666667,79.33333333333333,1,0
7.0,1,1,0,0,150.0,78.0,16.0,0.4666666666666667,79.33333333333333,1,1
0.0,0,0,0,0,222.0,104.0,21.0,0.0,100.0,0,0
10.0,4,1,0,2,0.0,57.0,25.0,0.6666666666666666,59.33333333333334,1,1
7.0,1,1,0,0,30.0,58.0,1.0,0.4666666666666667,79.33333333333333,1,0
0.0,0,0,0,0,198.0,112.0,7.0,0.0,100.0,0,0
1.0,1,0,0,0,246.0,89.0,9.0,0.0666666666666666,97.33333333333331,0,0
8.0,2,1,1,0,60.0,62.0,6.0,0.5333333333333333,72.66666666666667,1,1
2.0,1,1,0,0,90.0,89.0,18.0,0.1333333333333333,92.66666666666669,1,0
7.0,4,1,1,1,0.0,32.0,10.0,0.4666666666666667,69.33333333333333,1,1
0.0,0,1,0,0,90.0,87.0,2.0,0.0,98.0,1,0
6.0,2,0,2,0,60.0,49.0,5.0,0.4,76.0,1,1
1.0,1,0,0,0,200.0,70.0,24.0,0.0666666666666666,97.33333333333331,0,0
1.0,0,1,0,0,0.0,54.0,21.0,0.0666666666666666,95.33333333333331,1,1
1.0,0,0,0,0,263.0,74.0,13.0,0.0666666666666666,97.33333333333331,0,0
3.0,0,0,0,0,264.0,66.0,1.0,0.2,92.0,0,0
3.0,1,0,0,0,310.0,142.0,13.0,0.2,92.0,0,0
3.0,1,1,0,0,60.0,115.0,5.0,0.2,90.0,1,0
4.0,2,0,2,0,90.0,76.0,19.0,0.2666666666666666,81.33333333333333,1,1
10.0,2,0,0,1,150.0,80.0,11.0,0.6666666666666666,67.33333333333334,1,1
6.0,1,0,0,1,90.0,98.0,9.0,0.4,78.0,1,1
7.0,2,1,2,0,0.0,64.0,7.0,0.4666666666666667,71.33333333333333,1,1
12.0,3,2,1,0,30.0,92.0,17.0,0.8,60.0,1,1
6.0,1,0,0,0,357.0,129.0,2.0,0.4,84.0,0,0
4.0,1,0,1,0,30.0,115.0,18.0,0.2666666666666666,85.33333333333333,1,0
9.0,3,0,0,2,90.0,24.0,22.0,0.6,64.0,1,1
3.0,2,1,1,0,0.0,93.0,22.0,0.2,86.0,1,0
1.0,1,1,0,0,120.0,30.0,16.0,0.0666666666666666,95.33333333333331,1,0
5.0,0,0,0,0,308.0,56.0,2.0,0.3333333333333333,86.66666666666667,0,0
5.0,2,1,0,0,60.0,104.0,14.0,0.3333333333333333,84.66666666666667,1,0
7.0,0,0,0,0,272.0,76.0,21.0,0.4666666666666667,81.33333333333333,0,0
3.0,1,1,0,0,120.0,47.0,6.0,0.2,90.0,1,0
0.0,1,1,1,0,0.0,104.0,16.0,0.0,94.0,1,0
8.0,0,0,0,0,256.0,129.0,4.0,0.5333333333333333,78.66666666666667,0,0
4.0,0,0,0,0,338.0,56.0,23.0,0.2666666666666666,89.33333333333333,0,0
14.0,4,1,2,0,0.0,55.0,6.0,0.9333333333333332,52.66666666666666,1,1
9.0,3,2,0,1,30.0,57.0,20.0,0.6,66.0,1,1
6.0,2,0,1,0,60.0,98.0,10.0,0.4,80.0,1,0
4.0,2,2,0,0,60.0,49.0,15.0,0.2666666666666666,85.33333333333333,1,0
0.0,0,1,0,0,150.0,91.0,21.0,0.0,98.0,1,0
2.0,0,0,0,0,286.0,51.0,21.0,0.1333333333333333,94.66666666666669,0,0
9.0,2,0,2,1,60.0,88.0,21.0,0.6,62.0,1,1
9.0,1,1,0,0,30.0,83.0,23.0,0.6,74.0,1,0
13.0,5,1,0,3,0.0,38.0,4.0,0.8666666666666667,45.33333333333333,1,1
8.0,2,1,1,0,0.0,67.0,18.0,0.5333333333333333,72.66666666666667,1,1
10.0,4,0,3,2,0.0,15.0,8.0,0.6666666666666666,49.33333333333334,1,1
3.0,1,0,0,0,269.0,69.0,22.0,0.2,92.0,0,0
1.0,0,0,0,0,273.0,112.0,15.0,0.0666666666666666,97.33333333333331,0,0
7.0,0,0,0,0,231.0,70.0,16.0,0.4666666666666667,81.33333333333333,0,0
3.0,1,0,1,0,30.0,100.0,4.0,0.2,88.0,1,0
1.0,2,1,0,0,60.0,117.0,1.0,0.0666666666666666,95.33333333333331,1,0
1.0,2,1,0,0,60.0,69.0,5.0,0.0666666666666666,95.33333333333331,1,0
8.0,2,1,1,1,0.0,38.0,14.0,0.5333333333333333,66.66666666666667,1,1
7.0,3,2,0,1,30.0,70.0,7.0,0.4666666666666667,71.33333333333333,1,1
7.0,2,2,0,0,30.0,112.0,5.0,0.4666666666666667,77.33333333333333,1,0
4.0,1,1,0,0,90.0,53.0,13.0,0.2666666666666666,87.33333333333333,1,0
13.0,2,0,1,2,0.0,85.0,4.0,0.8666666666666667,49.33333333333333,1,1
0.0,0,0,0,0,248.0,113.0,19.0,0.0,100.0,0,0
12.0,2,0,1,1,0.0,88.0,15.0,0.8,58.0,1,1
3.0,0,0,0,0,343.0,112.0,16.0,0.2,92.0,0,0
9.0,0,1,0,0,90.0,69.0,3.0,0.6,74.0,1,0
0.0,2,1,0,0,30.0,66.0,24.0,0.0,98.0,1,0
12.0,1,0,0,1,0.0,88.0,8.0,0.8,62.0,1,1
7.0,3,1,1,0,30.0,48.0,14.0,0.4666666666666667,75.33333333333333,1,1
4.0,1,0,0,0,217.0,73.0,24.0,0.2666666666666666,89.33333333333333,0,0
12.0,3,0,2,1,60.0,104.0,4.0,0.8,54.0,1,1
1.0,1,0,0,0,210.0,107.0,7.0,0.0666666666666666,97.33333333333331,0,0
3.0,2,1,0,0,30.0,42.0,5.0,0.2,90.0,1,0
3.0,1,0,0,0,188.0,72.0,15.0,0.2,92.0,0,0
4.0,1,1,0,0,0.0,58.0,20.0,0.2666666666666666,87.33333333333333,1,0
2.0,1,1,0,0,145.0,300.0,3.0,0.17,86.33,0,0
13.0,2,1,0,2,60.0,73.0,21.0,0.8666666666666667,51.33333333333333,1,1
8.0,4,1,1,1,0.0,58.0,1.0,0.5333333333333333,66.66666666666667,1,1
7.0,1,0,0,1,0.0,70.0,9.0,0.4666666666666667,75.33333333333333,1,1
5.0,0,0,0,0,262.0,65.0,21.0,0.3333333333333333,86.66666666666667,0,0
10.0,1,0,0,1,60.0,109.0,14.0,0.6666666666666666,67.33333333333334,1,1
2.0,2,1,0,0,90.0,106.0,14.0,0.1333333333333333,92.66666666666669,1,0
14.0,5,0,1,4,0.0,79.0,24.0,0.9333333333333332,34.666666666666664,1,1
4.0,0,0,0,0,312.0,129.0,7.0,0.2666666666666666,89.33333333333333,0,0
3.0,0,0,0,0,355.0,138.0,10.0,0.2,92.0,0,0
8.0,0,0,0,0,346.0,57.0,19.0,0.5333333333333333,78.66666666666667,0,0
8.0,4,2,1,0,0.0,44.0,13.0,0.5333333333333333,70.66666666666667,1,1
9.0,0,0,0,1,150.0,53.0,7.0,0.6,70.0,1,1
3.0,0,0,1,0,0.0,100.0,21.0,0.2,88.0,1,0
11.0,3,2,0,2,0.0,17.0,12.0,0.7333333333333333,54.66666666666667,1,1
6.0,2,0,0,1,0.0,71.0,23.0,0.4,78.0,1,0
14.0,3,0,3,1,0.0,40.0,21.0,0.9333333333333332,44.66666666666666,1,1
1.0,1,0,1,0,150.0,81.0,22.0,0.0666666666666666,93.33333333333331,1,0
9.0,1,0,2,0,60.0,96.0,10.0,0.6,68.0,1,1
3.0,1,1,0,0,120.0,59.0,6.0,0.2,90.0,1,0
6.0,2,2,0,1,30.0,85.0,25.0,0.4,74.0,1,1
8.0,0,0,0,0,250.0,83.0,6.0,0.5333333333333333,78.66666666666667,0,0
2.0,1,0,0,0,263.0,59.0,17.0,0.1333333333333333,94.66666666666669,0,0
3.0,0,0,0,0,239.0,105.0,3.0,0.2,92.0,0,0
5.0,0,0,1,0,30.0,47.0,25.0,0.3333333333333333,82.66666666666667,1,0
2.0,1,1,0,0,120.0,82.0,17.0,0.1333333333333333,92.66666666666669,1,0
3.0,0,0,0,0,296.0,126.0,22.0,0.2,92.0,0,0
12.0,2,0,1,2,0.0,62.0,23.0,0.8,52.0,1,1
1.0,1,0,0,0,273.0,97.0,4.0,0.0666666666666666,97.33333333333331,0,1
3.0,0,0,0,0,205.0,49.0,1.0,0.2,92.0,0,0
6.0,2,0,0,1,60.0,72.0,6.0,0.4,78.0,1,0
11.0,3,1,1,0,0.0,27.0,15.0,0.7333333333333333,64.66666666666667,1,1
6.0,2,0,1,1,0.0,107.0,2.0,0.4,74.0,1,1
3.0,2,0,2,1,90.0,83.0,25.0,0.2,78.0,1,1
4.0,0,1,0,0,30.0,78.0,12.0,0.2666666666666666,87.33333333333333,1,0
8.0,4,2,2,0,0.0,76.0,2.0,0.5333333333333333,66.66666666666667,1,1
9.0,4,1,3,0,0.0,32.0,20.0,0.6,62.0,1,1
3.0,2,1,2,0,0.0,35.0,7.0,0.2,82.0,1,1
4.0,1,0,0,1,0.0,61.0,21.0,0.2666666666666666,83.33333333333333,1,1
0.0,1,1,1,0,0.0,35.0,14.0,0.0,94.0,1,0
4.0,0,0,0,0,280.0,81.0,19.0,0.2666666666666666,89.33333333333333,0,0
7.0,0,0,1,0,90.0,109.0,2.0,0.4666666666666667,77.33333333333333,1,0
8.0,3,1,1,0,0.0,29.0,4.0,0.5333333333333333,72.66666666666667,1,1
0.0,0,0,0,0,345.0,78.0,4.0,0.0,100.0,0,0
3.0,0,0,1,0,120.0,74.0,1.0,0.2,88.0,1,0
0.0,0,0,0,0,204.0,63.0,8.0,0.0,100.0,0,0
5.0,1,1,0,0,150.0,97.0,22.0,0.3333333333333333,84.66666666666667,1,0
4.0,2,1,0,0,30.0,122.0,3.0,0.2666666666666666,87.33333333333333,1,0
5.0,0,0,0,0,283.0,87.0,17.0,0.3333333333333333,86.66666666666667,0,0
12.0,0,0,1,0,90.0,113.0,7.0,0.8,64.0,1,1
3.0,0,0,0,0,267.0,52.0,10.0,0.2,92.0,0,0
3.0,2,1,0,1,90.0,54.0,7.0,0.2,84.0,1,0
1.0,2,1,0,0,90.0,54.0,7.0,0.0666666666666666,95.33333333333331,1,0
1.0,1,0,0,0,190.0,70.0,23.0,0.0666666666666666,97.33333333333331,0,0
12.0,4,2,0,1,0.0,61.0,15.0,0.8,58.0,1,1
11.0,6,1,2,2,30.0,72.0,8.0,0.7333333333333333,48.66666666666667,1,1
2.0,0,0,0,0,305.0,120.0,13.0,0.1333333333333333,94.66666666666669,0,0
0.0,0,0,0,0,229.0,62.0,17.0,0.0,100.0,0,0
5.0,0,1,0,0,0.0,43.0,7.0,0.3333333333333333,84.66666666666667,1,0
4.0,0,0,0,0,203.0,85.0,15.0,0.2666666666666666,89.33333333333333,0,0
9.0,0,0,0,0,317.0,67.0,6.0,0.6,76.0,0,0
6.0,0,0,0,0,276.0,117.0,2.0,0.4,84.0,0,0
11.0,1,1,0,0,150.0,113.0,5.0,0.7333333333333333,68.66666666666667,1,1
1.0,0,0,0,0,200.0,108.0,12.0,0.0666666666666666,97.33333333333331,0,0
1.0,1,0,0,0,276.0,54.0,8.0,0.0666666666666666,97.33333333333331,0,0
7.0,1,0,0,1,150.0,84.0,23.0,0.4666666666666667,75.33333333333333,1,1
8.0,1,0,1,0,90.0,32.0,24.0,0.5333333333333333,74.66666666666667,1,0
1.0,2,2,0,0,0.0,63.0,13.0,0.0666666666666666,93.33333333333331,1,0
0.0,0,0,0,0,208.0,115.0,1.0,0.0,100.0,0,0
12.0,3,1,1,2,30.0,63.0,20.0,0.8,50.0,1,1
9.0,0,1,0,0,120.0,42.0,16.0,0.6,74.0,1,0
3.0,3,0,2,0,0.0,124.0,25.0,0.2,84.0,1,0
1.0,1,1,0,0,150.0,88.0,23.0,0.0666666666666666,95.33333333333331,1,0
7.0,1,0,0,0,297.0,85.0,1.0,0.4666666666666667,81.33333333333333,0,0
5.0,2,0,0,2,120.0,58.0,17.0,0.3333333333333333,74.66666666666667,1,1
0.0,0,0,0,0,321.0,61.0,16.0,0.0,100.0,0,0
1.0,1,0,0,0,184.0,61.0,7.0,0.0666666666666666,97.33333333333331,0,0
4.0,2,1,0,0,0.0,64.0,22.0,0.2666666666666666,87.33333333333333,1,1
1.0,2,0,1,0,120.0,93.0,19.0,0.0666666666666666,93.33333333333331,1,0
10.0,2,0,1,0,0.0,108.0,18.0,0.6666666666666666,69.33333333333334,1,1
6.0,2,1,2,0,90.0,68.0,24.0,0.4,74.0,1,1
11.0,3,1,1,1,30.0,95.0,22.0,0.7333333333333333,58.66666666666667,1,1
8.0,2,2,1,0,60.0,43.0,25.0,0.5333333333333333,70.66666666666667,1,1
6.0,2,1,1,1,30.0,90.0,21.0,0.4,72.0,1,1
1.0,0,0,0,0,309.0,86.0,12.0,0.0666666666666666,97.33333333333331,0,0
3.0,2,1,0,0,150.0,96.0,10.0,0.2,90.0,1,0
0.0,1,1,0,0,30.0,113.0,1.0,0.0,98.0,1,0
2.0,0,0,0,0,207.0,119.0,5.0,0.1333333333333333,94.66666666666669,0,0
3.0,0,0,0,0,276.0,56.0,3.0,0.2,92.0,0,0
13.0,2,1,0,1,60.0,70.0,22.0,0.8666666666666667,57.33333333333333,1,1
1.0,1,0,0,0,350.0,64.0,15.0,0.0666666666666666,97.33333333333331,0,0
3.0,0,0,0,0,193.0,92.0,13.0,0.2,92.0,0,0
3.0,3,1,1,0,0.0,61.0,13.0,0.2,86.0,1,0
3.0,0,0,1,0,90.0,33.0,23.0,0.2,88.0,1,0
7.0,3,3,0,0,60.0,65.0,23.0,0.4666666666666667,75.33333333333333,1,1
10.0,3,1,1,0,0.0,48.0,21.0,0.6666666666666666,67.33333333333334,1,1
4.0,3,1,1,0,30.0,41.0,10.0,0.2666666666666666,83.33333333333333,1,0
0.0,0,0,0,0,291.0,69.0,23.0,0.0,100.0,0,0
1.0,0,0,0,0,260.0,73.0,3.0,0.0666666666666666,97.33333333333331,0,0
4.0,0,0,0,0,330.0,98.0,18.0,0.2666666666666666,89.33333333333333,0,0
6.0,0,1,0,0,0.0,90.0,16.0,0.4,82.0,1,0
1.0,3,0,2,0,0.0,103.0,18.0,0.0666666666666666,89.33333333333333,1,0
1.0,0,0,1,0,90.0,89.0,8.0,0.0666666666666666,93.33333333333331,1,0
6.0,0,0,0,0,344.0,89.0,1.0,0.4,84.0,0,0
0.0,0,0,0,0,233.0,82.0,25.0,0.0,100.0,0,0
1.0,0,0,0,0,227.0,72.0,16.0,0.0666666666666666,97.33333333333331,0,0
4.0,0,0,0,0,273.0,61.0,22.0,0.2666666666666666,89.33333333333333,0,0
5.0,3,1,1,0,120.0,86.0,10.0,0.3333333333333333,80.66666666666667,1,0
0.0,1,0,0,0,285.0,113.0,12.0,0.0,100.0,0,0
2.0,1,0,0,0,296.0,76.0,7.0,0.1333333333333333,94.66666666666669,0,0
1.0,1,0,0,0,327.0,70.0,11.0,0.0666666666666666,97.33333333333331,0,0
7.0,1,0,0,1,0.0,53.0,10.0,0.4666666666666667,75.33333333333333,1,1
13.0,4,0,0,4,0.0,17.0,21.0,0.8666666666666667,41.33333333333333,1,1
1.0,0,0,0,0,291.0,123.0,21.0,0.0666666666666666,97.33333333333331,0,0
8.0,0,0,1,0,120.0,79.0,20.0,0.5333333333333333,74.66666666666667,1,0
4.0,0,0,0,0,293.0,76.0,13.0,0.2666666666666666,89.33333333333333,0,0
8.0,2,1,1,0,30.0,90.0,11.0,0.5333333333333333,72.66666666666667,1,0
1.0,1,0,0,0,296.0,110.0,1.0,0.0666666666666666,97.33333333333331,0,0
10.0,1,0,1,0,60.0,50.0,4.0,0.6666666666666666,69.33333333333334,1,0
4.0,0,0,0,0,312.0,130.0,7.0,0.2666666666666666,89.33333333333333,0,0
0.0,1,0,0,0,237.0,112.0,23.0,0.0,100.0,0,0
5.0,1,1,0,0,0.0,67.0,5.0,0.3333333333333333,84.66666666666667,1,0
3.0,0,0,0,0,325.0,131.0,21.0,0.2,92.0,0,0
2.0,1,0,0,0,279.0,136.0,20.0,0.1333333333333333,94.66666666666669,0,0
8.0,1,0,0,0,224.0,130.0,17.0,0.5333333333333333,78.66666666666667,0,0
4.0,1,1,0,0,0.0,99.0,16.0,0.2666666666666666,87.33333333333333,1,0
2.0,1,0,0,0,237.0,116.0,22.0,0.1333333333333333,94.66666666666669,0,0
12.0,3,2,0,1,0.0,16.0,10.0,0.8,58.0,1,1
11.0,1,0,1,0,30.0,123.0,19.0,0.7333333333333333,66.66666666666667,1,1
11.0,4,0,1,2,0.0,54.0,8.0,0.7333333333333333,54.66666666666667,1,1
3.0,1,1,0,0,30.0,71.0,23.0,0.2,90.0,1,0
3.0,2,2,0,0,120.0,102.0,19.0,0.2,88.0,1,0
1.0,0,0,0,0,251.0,113.0,10.0,0.0666666666666666,97.33333333333331,0,0
4.0,4,1,2,0,90.0,50.0,5.0,0.2666666666666666,79.33333333333333,1,1
10.0,2,0,1,1,30.0,55.0,18.0,0.6666666666666666,63.33333333333334,1,1
5.0,2,3,0,0,30.0,97.0,3.0,0.3333333333333333,80.66666666666667,1,0
1.0,0,0,0,0,229.0,103.0,8.0,0.0666666666666666,97.33333333333331,0,0
3.0,2,2,0,0,60.0,93.0,15.0,0.2,88.0,1,0
5.0,2,0,1,0,90.0,113.0,15.0,0.3333333333333333,82.66666666666667,1,0
6.0,3,0,3,1,0.0,43.0,8.0,0.4,66.0,1,1
7.0,1,0,1,0,120.0,54.0,19.0,0.4666666666666667,77.33333333333333,1,0
7.0,2,0,0,1,120.0,80.0,3.0,0.4666666666666667,75.33333333333333,1,1
6.0,4,2,2,0,0.0,24.0,9.0,0.4,72.0,1,1
7.0,1,0,0,0,337.0,74.0,19.0,0.4666666666666667,81.33333333333333,0,0
4.0,1,0,0,0,345.0,115.0,20.0,0.2666666666666666,89.33333333333333,0,0
13.0,2,0,2,0,120.0,87.0,24.0,0.8666666666666667,57.33333333333333,1,1
7.0,2,1,0,0,30.0,66.0,17.0,0.4666666666666667,79.33333333333333,1,0
0.0,0,0,0,0,293.0,65.0,13.0,0.0,100.0,0,0
4.0,0,0,0,0,280.0,68.0,8.0,0.2666666666666666,89.33333333333333,0,0
3.0,0,0,0,0,235.0,96.0,14.0,0.2,92.0,0,0
4.0,1,0,0,0,319.0,123.0,20.0,0.2666666666666666,89.33333333333333,0,0
0.0,0,0,0,0,330.0,99.0,23.0,0.0,100.0,0,0
12.0,4,0,3,1,0.0,100.0,15.0,0.8,50.0,1,1
4.0,1,1,1,0,0.0,36.0,4.0,0.2666666666666666,83.33333333333333,1,0
2.0,0,1,0,0,60.0,58.0,14.0,0.1333333333333333,92.66666666666669,1,0
0.0,0,0,0,0,222.0,132.0,14.0,0.0,100.0,0,0
6.0,0,0,0,0,352.0,109.0,3.0,0.4,84.0,0,0
14.0,3,1,0,1,60.0,58.0,1.0,0.9333333333333332,54.66666666666666,1,1
12.0,1,0,0,1,150.0,109.0,4.0,0.8,62.0,1,1
7.0,3,2,2,0,0.0,60.0,13.0,0.4666666666666667,69.33333333333333,1,1
7.0,0,0,0,0,244.0,88.0,14.0,0.4666666666666667,81.33333333333333,0,0
0.0,1,0,0,0,312.0,139.0,8.0,0.0,100.0,0,0
4.0,0,0,0,0,277.0,140.0,20.0,0.2666666666666666,89.33333333333333,0,0
4.0,2,1,1,0,30.0,105.0,19.0,0.2666666666666666,83.33333333333333,1,0
4.0,0,0,0,0,236.0,66.0,8.0,0.2666666666666666,89.33333333333333,0,0
7.0,3,0,2,0,60.0,37.0,18.0,0.4666666666666667,73.33333333333333,1,1
8.0,1,0,0,0,297.0,99.0,22.0,0.5333333333333333,78.66666666666667,0,0
12.0,4,1,1,1,0.0,66.0,24.0,0.8,56.0,1,1
7.0,0,0,0,0,294.0,132.0,1.0,0.4666666666666667,81.33333333333333,0,0
3.0,1,0,0,0,205.0,130.0,9.0,0.2,92.0,0,0
4.0,0,0,0,0,287.0,86.0,5.0,0.2666666666666666,89.33333333333333,0,0
4.0,0,0,0,0,344.0,133.0,25.0,0.2666666666666666,89.33333333333333,0,0
8.0,0,0,0,0,264.0,108.0,18.0,0.5333333333333333,78.66666666666667,0,0
4.0,1,0,1,0,150.0,59.0,17.0,0.2666666666666666,85.33333333333333,1,0
2.0,0,0,0,0,338.0,108.0,17.0,0.1333333333333333,94.66666666666669,0,0
11.0,4,1,2,0,30.0,52.0,6.0,0.7333333333333333,60.66666666666667,1,0
13.0,4,1,0,2,30.0,91.0,1.0,0.8666666666666667,51.33333333333333,1,1
7.0,2,1,0,0,120.0,61.0,7.0,0.4666666666666667,79.33333333333333,1,0
10.0,2,1,0,1,60.0,34.0,23.0,0.6666666666666666,65.33333333333334,1,1
1.0,1,0,1,0,0.0,116.0,15.0,0.0666666666666666,93.33333333333331,1,0
0.0,1,0,0,0,360.0,103.0,11.0,0.0,100.0,0,0
3.0,0,1,0,0,90.0,69.0,16.0,0.2,90.0,1,0
6.0,4,1,2,0,0.0,67.0,17.0,0.4,74.0,1,1
7.0,1,1,0,0,150.0,73.0,2.0,0.4666666666666667,79.33333333333333,1,0
6.0,0,1,0,0,0.0,99.0,6.0,0.4,82.0,1,0
7.0,0,0,1,0,0.0,103.0,11.0,0.4666666666666667,77.33333333333333,1,0
6.0,2,0,1,0,90.0,84.0,1.0,0.4,80.0,1,0
3.0,0,0,0,0,220.0,63.0,13.0,0.2,92.0,0,0
7.0,2,1,0,0,0.0,84.0,12.0,0.4666666666666667,79.33333333333333,1,0
2.0,0,0,0,0,357.0,138.0,18.0,0.1333333333333333,94.66666666666669,0,0
11.0,1,1,0,0,120.0,107.0,6.0,0.7333333333333333,68.66666666666667,1,1
8.0,0,0,0,0,281.0,117.0,18.0,0.5333333333333333,78.66666666666667,0,0
14.0,6,0,1,4,0.0,69.0,23.0,0.9333333333333332,34.666666666666664,1,1
2.0,0,0,0,0,292.0,133.0,12.0,0.1333333333333333,94.66666666666669,0,0
10.0,3,1,1,1,0.0,78.0,12.0,0.6666666666666666,61.33333333333334,1,1
4.0,0,0,0,0,327.0,80.0,13.0,0.2666666666666666,89.33333333333333,0,0
11.0,3,0,3,0,60.0,73.0,11.0,0.7333333333333333,58.66666666666667,1,0
4.0,1,0,0,0,343.0,136.0,17.0,0.2666666666666666,89.33333333333333,0,0
3.0,2,2,0,0,60.0,71.0,23.0,0.2,88.0,1,0
4.0,0,0,0,0,188.0,85.0,11.0,0.2666666666666666,89.33333333333333,0,0
0.0,2,0,1,0,30.0,102.0,1.0,0.0,96.0,1,0
2.0,1,0,0,0,350.0,62.0,10.0,0.1333333333333333,94.66666666666669,0,0
3.0,0,0,0,0,298.0,123.0,24.0,0.2,92.0,0,0
3.0,2,1,0,0,60.0,86.0,12.0,0.2,90.0,1,0
7.0,1,0,0,0,345.0,88.0,8.0,0.4666666666666667,81.33333333333333,0,0
4.0,1,0,0,0,250.0,108.0,11.0,0.2666666666666666,89.33333333333333,0,0
1.0,0,0,0,0,231.0,115.0,18.0,0.0666666666666666,97.33333333333331,0,0
3.0,1,0,1,0,90.0,56.0,17.0,0.2,88.0,1,0
7.0,2,0,2,0,120.0,101.0,16.0,0.4666666666666667,73.33333333333333,1,1
5.0,0,0,0,0,322.0,107.0,4.0,0.3333333333333333,86.66666666666667,0,0
3.0,0,0,0,0,188.0,73.0,7.0,0.2,92.0,0,0
10.0,5,0,3,1,0.0,59.0,24.0,0.6666666666666666,55.33333333333334,1,1
2.0,1,1,0,0,60.0,65.0,16.0,0.1333333333333333,92.66666666666669,1,0
0.0,0,0,0,0,188.0,98.0,22.0,0.0,100.0,0,0
2.0,0,1,0,0,0.0,92.0,2.0,0.1333333333333333,92.66666666666669,1,0
3.0,1,0,0,0,296.0,94.0,5.0,0.2,92.0,0,0
1.0,1,0,0,0,354.0,91.0,3.0,0.0666666666666666,97.33333333333331,0,0
14.0,4,0,0,4,0.0,62.0,21.0,0.9333333333333332,38.66666666666666,1,1
4.0,1,0,0,0,252.0,77.0,6.0,0.2666666666666666,89.33333333333333,0,0
3.0,1,1,0,0,90.0,86.0,13.0,0.2,90.0,1,0
11.0,5,2,2,0,0.0,100.0,4.0,0.7333333333333333,58.66666666666667,1,1
1.0,0,0,0,0,282.0,138.0,25.0,0.0666666666666666,97.33333333333331,0,1
2.0,0,0,0,0,196.0,88.0,5.0,0.1333333333333333,94.66666666666669,0,0
6.0,1,1,0,0,90.0,34.0,2.0,0.4,82.0,1,0
6.0,1,0,0,0,277.0,48.0,25.0,0.4,84.0,0,0
0.0,1,1,0,0,0.0,111.0,8.0,0.0,98.0,1,0
9.0,2,2,0,0,0.0,122.0,10.0,0.6,72.0,1,0
0.0,0,0,0,0,301.0,57.0,4.0,0.0,100.0,0,0
11.0,4,1,1,2,0.0,78.0,4.0,0.7333333333333333,52.66666666666667,1,1
12.0,0,0,0,0,231.0,77.0,12.0,0.8,68.0,0,0
5.0,1,0,0,0,275.0,60.0,14.0,0.3333333333333333,86.66666666666667,0,0
3.0,0,0,0,0,302.0,60.0,22.0,0.2,92.0,0,0
4.0,0,0,0,0,184.0,59.0,20.0,0.2666666666666666,89.33333333333333,0,0
12.0,0,0,0,0,306.0,112.0,2.0,0.8,68.0,0,0
0.0,1,1,0,0,0.0,106.0,18.0,0.0,98.0,1,0
8.0,0,1,0,0,120.0,42.0,22.0,0.5333333333333333,76.66666666666667,1,0
0.0,2,0,0,1,150.0,96.0,12.0,0.0,94.0,1,0
8.0,2,0,1,0,150.0,97.0,12.0,0.5333333333333333,74.66666666666667,1,0
3.0,1,1,0,0,150.0,71.0,3.0,0.2,90.0,1,0
8.0,0,0,0,0,192.0,62.0,15.0,0.5333333333333333,78.66666666666667,0,0
12.0,5,1,1,2,0.0,22.0,23.0,0.8,50.0,1,1
8.0,3,2,1,1,0.0,88.0,6.0,0.5333333333333333,64.66666666666667,1,1
6.0,1,2,0,0,60.0,49.0,20.0,0.4,80.0,1,0
10.0,4,2,1,1,0.0,53.0,12.0,0.6666666666666666,59.33333333333334,1,1
13.0,1,1,1,0,30.0,76.0,23.0,0.8666666666666667,59.33333333333333,1,1
0.0,1,0,0,0,320.0,65.0,17.0,0.0,100.0,0,0
3.0,1,1,0,0,0.0,63.0,11.0,0.2,90.0,1,0
2.0,1,1,0,0,0.0,100.0,15.0,0.1333333333333333,92.66666666666669,1,0
7.0,1,1,0,0,120.0,72.0,7.0,0.4666666666666667,79.33333333333333,1,0
8.0,1,0,0,1,0.0,53.0,15.0,0.5333333333333333,72.66666666666667,1,1
4.0,1,0,0,0,289.0,48.0,14.0,0.2666666666666666,89.33333333333333,0,0
6.0,1,0,1,0,60.0,96.0,12.0,0.4,80.0,1,0
10.0,2,1,1,0,60.0,74.0,2.0,0.6666666666666666,67.33333333333334,1,1
3.0,2,1,0,0,120.0,101.0,24.0,0.2,90.0,1,0
1.0,0,0,0,0,354.0,141.0,17.0,0.0666666666666666,97.33333333333331,0,0
2.0,0,0,0,0,240.0,109.0,6.0,0.1333333333333333,94.66666666666669,0,0
8.0,2,2,0,1,60.0,19.0,24.0,0.5333333333333333,68.66666666666667,1,1
3.0,0,0,0,0,336.0,70.0,2.0,0.2,92.0,0,0
4.0,0,0,0,0,298.0,117.0,5.0,0.2666666666666666,89.33333333333333,0,0
4.0,1,0,0,0,236.0,55.0,22.0,0.2666666666666666,89.33333333333333,0,0
1.0,2,0,1,0,150.0,50.0,21.0,0.0666666666666666,93.33333333333331,1,0
5.0,2,1,1,0,120.0,49.0,23.0,0.3333333333333333,80.66666666666667,1,0
10.0,1,0,1,0,120.0,57.0,3.0,0.6666666666666666,69.33333333333334,1,1
8.0,1,1,0,0,120.0,109.0,19.0,0.5333333333333333,76.66666666666667,1,0
6.0,0,0,0,0,360.0,66.0,15.0,0.4,84.0,0,0
12.0,2,2,0,0,60.0,92.0,1.0,0.8,64.0,1,1
10.0,5,0,3,1,0.0,22.0,12.0,0.6666666666666666,55.33333333333334,1,1
8.0,2,2,0,0,0.0,119.0,11.0,0.5333333333333333,74.66666666666667,1,1
3.0,2,1,0,0,0.0,98.0,13.0,0.2,90.0,1,0
4.0,0,0,0,0,287.0,131.0,12.0,0.2666666666666666,89.33333333333333,0,0
7.0,2,0,1,0,30.0,35.0,8.0,0.4666666666666667,77.33333333333333,1,0
13.0,1,0,0,2,0.0,59.0,16.0,0.8666666666666667,53.33333333333333,1,1
2.0,0,0,0,0,203.0,71.0,13.0,0.1333333333333333,94.66666666666669,0,0
7.0,3,1,1,0,60.0,66.0,18.0,0.4666666666666667,75.33333333333333,1,1
0.0,1,2,0,0,60.0,86.0,23.0,0.0,96.0,1,0
1.0,0,1,0,0,30.0,99.0,8.0,0.0666666666666666,95.33333333333331,1,0
2.0,0,0,0,0,327.0,127.0,14.0,0.1333333333333333,94.66666666666669,0,0
4.0,1,0,1,1,30.0,88.0,24.0,0.2666666666666666,79.33333333333333,1,1
3.0,1,0,0,1,30.0,59.0,7.0,0.2,86.0,1,0
7.0,1,0,0,0,275.0,130.0,16.0,0.4666666666666667,81.33333333333333,0,1
1.0,0,0,0,0,217.0,124.0,21.0,0.0666666666666666,97.33333333333331,0,0
8.0,5,2,1,1,30.0,74.0,8.0,0.5333333333333333,64.66666666666667,1,1
8.0,4,1,3,0,0.0,100.0,25.0,0.5333333333333333,64.66666666666667,1,1
4.0,1,0,0,0,350.0,142.0,15.0,0.2666666666666666,89.33333333333333,0,0
2.0,0,0,0,0,269.0,110.0,18.0,0.1333333333333333,94.66666666666669,0,0
1.0,1,0,1,0,30.0,105.0,7.0,0.0666666666666666,93.33333333333331,1,0
4.0,1,0,0,0,205.0,65.0,4.0,0.2666666666666666,89.33333333333333,0,0
10.0,2,0,2,0,90.0,39.0,16.0,0.6666666666666666,65.33333333333334,1,1
2.0,0,0,0,0,201.0,78.0,9.0,0.1333333333333333,94.66666666666669,0,0
13.0,2,0,0,3,0.0,44.0,20.0,0.8666666666666667,47.33333333333333,1,1
0.0,0,0,0,0,263.0,88.0,16.0,0.0,100.0,0,0
3.0,0,0,0,0,226.0,115.0,11.0,0.2,92.0,0,1
2.0,0,0,0,0,306.0,69.0,1.0,0.1333333333333333,94.66666666666669,0,0
4.0,0,0,1,0,60.0,82.0,16.0,0.2666666666666666,85.33333333333333,1,0
0.0,0,0,0,0,236.0,75.0,24.0,0.0,100.0,0,0
6.0,2,0,1,0,150.0,48.0,1.0,0.4,80.0,1,0
1.0,0,0,0,0,319.0,124.0,20.0,0.0666666666666666,97.33333333333331,0,0
5.0,2,1,0,0,120.0,58.0,21.0,0.3333333333333333,84.66666666666667,1,0
9.0,3,1,0,1,0.0,65.0,3.0,0.6,68.0,1,1
3.0,0,1,0,0,0.0,75.0,13.0,0.2,90.0,1,0
8.0,4,2,1,0,60.0,25.0,25.0,0.5333333333333333,70.66666666666667,1,1
8.0,5,2,1,1,60.0,73.0,7.0,0.5333333333333333,64.66666666666667,1,1
4.0,1,0,0,0,332.0,56.0,21.0,0.2666666666666666,89.33333333333333,0,0
4.0,1,0,0,1,60.0,100.0,22.0,0.2666666666666666,83.33333333333333,1,0
12.0,1,1,0,0,120.0,120.0,22.0,0.8,66.0,1,0
4.0,0,0,0,0,297.0,61.0,6.0,0.2666666666666666,89.33333333333333,0,0
1.0,0,0,0,0,186.0,120.0,10.0,0.0666666666666666,97.33333333333331,0,0
8.0,3,0,2,0,0.0,48.0,15.0,0.5333333333333333,70.66666666666667,1,1
8.0,1,0,0,0,302.0,60.0,3.0,0.5333333333333333,78.66666666666667,0,0
12.0,2,0,1,1,0.0,43.0,22.0,0.8,58.0,1,1
7.0,1,0,0,0,212.0,99.0,12.0,0.4666666666666667,81.33333333333333,0,0
12.0,0,0,1,0,90.0,119.0,5.0,0.8,64.0,1,1
7.0,1,0,0,0,316.0,103.0,5.0,0.4666666666666667,81.33333333333333,0,0
9.0,2,0,2,1,0.0,57.0,23.0,0.6,62.0,1,1
4.0,0,0,0,0,275.0,87.0,13.0,0.2666666666666666,89.33333333333333,0,0
10.0,2,0,2,0,30.0,45.0,1.0,0.6666666666666666,65.33333333333334,1,1
0.0,0,0,0,0,262.0,65.0,14.0,0.0,100.0,0,0
7.0,1,0,1,0,120.0,56.0,20.0,0.4666666666666667,77.33333333333333,1,0
1.0,3,2,0,0,30.0,91.0,6.0,0.0666666666666666,93.33333333333331,1,0
0.0,0,1,0,0,90.0,106.0,4.0,0.0,98.0,1,0
3.0,0,0,0,0,271.0,69.0,25.0,0.2,92.0,0,0
14.0,5,1,1,2,0.0,31.0,12.0,0.9333333333333332,44.66666666666666,1,1
7.0,2,0,1,0,30.0,121.0,11.0,0.4666666666666667,77.33333333333333,1,0
7.0,3,0,0,2,30.0,94.0,23.0,0.4666666666666667,69.33333333333333,1,1
2.0,1,0,1,0,150.0,82.0,18.0,0.1333333333333333,90.66666666666669,1,0
1.0,1,0,0,0,358.0,136.0,10.0,0.0666666666666666,97.33333333333331,0,0
6.0,0,1,0,0,90.0,44.0,5.0,0.4,82.0,1,0
5.0,0,1,0,0,120.0,67.0,12.0,0.3333333333333333,84.66666666666667,1,0
3.0,0,0,0,0,255.0,106.0,10.0,0.2,92.0,0,0
4.0,0,0,0,0,342.0,57.0,24.0,0.2666666666666666,89.33333333333333,0,0
12.0,1,0,1,1,30.0,48.0,5.0,0.8,58.0,1,1
0.0,0,0,0,0,289.0,121.0,6.0,0.0,100.0,0,0
10.0,2,1,1,1,0.0,29.0,4.0,0.6666666666666666,61.33333333333334,1,1
4.0,2,1,0,0,150.0,74.0,24.0,0.2666666666666666,87.33333333333333,1,0
0.0,1,0,0,0,353.0,54.0,10.0,0.0,100.0,0,0
6.0,0,0,0,0,232.0,71.0,23.0,0.4,84.0,0,0
3.0,1,0,0,0,221.0,86.0,3.0,0.2,92.0,0,0
4.0,2,1,0,0,120.0,84.0,7.0,0.2666666666666666,87.33333333333333,1,0
0.0,0,0,0,0,270.0,68.0,12.0,0.0,100.0,0,0
0.0,0,0,0,0,188.0,113.0,24.0,0.0,100.0,0,0
6.0,0,0,0,0,206.0,116.0,16.0,0.4,84.0,0,0
6.0,2,2,0,0,30.0,57.0,4.0,0.4,80.0,1,0
12.0,7,0,3,3,0.0,10.0,3.0,0.8,38.0,1,1
2.0,1,0,0,0,219.0,64.0,5.0,0.1333333333333333,94.66666666666669,0,0
3.0,2,2,0,0,30.0,76.0,4.0,0.2,88.0,1,0
9.0,5,2,2,0,0.0,79.0,11.0,0.6,64.0,1,1
3.0,2,1,0,0,90.0,109.0,24.0,0.2,90.0,1,0
11.0,2,0,0,2,30.0,102.0,7.0,0.7333333333333333,58.66666666666667,1,1
2.0,1,0,0,0,283.0,70.0,7.0,0.1333333333333333,94.66666666666669,0,0
6.0,0,0,0,0,218.0,73.0,2.0,0.4,84.0,0,0
12.0,3,1,1,0,60.0,51.0,10.0,0.8,62.0,1,1
5.0,1,0,0,0,188.0,46.0,4.0,0.3333333333333333,86.66666666666667,0,0
5.0,2,1,0,0,60.0,72.0,14.0,0.3333333333333333,84.66666666666667,1,0
9.0,2,1,0,1,60.0,102.0,19.0,0.6,68.0,1,1
8.0,1,1,1,0,120.0,89.0,14.0,0.5333333333333333,72.66666666666667,1,1
14.0,2,0,0,2,30.0,37.0,9.0,0.9333333333333332,50.66666666666666,1,1
6.0,2,1,0,1,30.0,44.0,5.0,0.4,76.0,1,1
1.0,1,0,1,0,30.0,123.0,4.0,0.0666666666666666,93.33333333333331,1,0
10.0,1,0,0,0,281.0,100.0,8.0,0.6666666666666666,73.33333333333334,0,0
4.0,1,0,0,0,223.0,92.0,2.0,0.2666666666666666,89.33333333333333,0,0
10.0,0,0,1,0,0.0,75.0,24.0,0.6666666666666666,69.33333333333334,1,1
2.0,0,0,0,0,241.0,89.0,24.0,0.1333333333333333,94.66666666666669,0,0
5.0,3,2,0,0,30.0,94.0,14.0,0.3333333333333333,82.66666666666667,1,0
2.0,0,0,0,0,343.0,95.0,18.0,0.1333333333333333,94.66666666666669,0,0
7.0,2,1,0,0,90.0,68.0,1.0,0.4666666666666667,79.33333333333333,1,0
7.0,2,1,0,0,90.0,45.0,24.0,0.4666666666666667,79.33333333333333,1,0
4.0,0,0,0,0,187.0,118.0,21.0,0.2666666666666666,89.33333333333333,0,0
3.0,1,1,0,1,60.0,79.0,4.0,0.2,84.0,1,1
6.0,3,2,1,0,90.0,95.0,16.0,0.4,76.0,1,1
9.0,4,2,1,1,0.0,25.0,11.0,0.6,62.0,1,1
8.0,3,1,0,1,30.0,75.0,18.0,0.5333333333333333,70.66666666666667,1,1
3.0,0,0,0,0,355.0,81.0,6.0,0.2,92.0,0,0
11.0,3,1,1,1,0.0,41.0,20.0,0.7333333333333333,58.66666666666667,1,1
14.0,4,1,0,3,0.0,86.0,3.0,0.9333333333333332,42.66666666666666,1,1
8.0,3,0,1,1,0.0,108.0,19.0,0.5333333333333333,68.66666666666667,1,1
2.0,0,0,0,0,276.0,49.0,17.0,0.1333333333333333,94.66666666666669,0,0
9.0,4,0,1,2,30.0,56.0,13.0,0.6,60.0,1,1
4.0,1,0,0,0,213.0,78.0,19.0,0.2666666666666666,89.33333333333333,0,0
1.0,0,0,0,0,224.0,83.0,18.0,0.0666666666666666,97.33333333333331,0,0
8.0,3,1,0,1,60.0,83.0,9.0,0.5333333333333333,70.66666666666667,1,1
7.0,1,1,1,0,30.0,73.0,2.0,0.4666666666666667,75.33333333333333,1,0
12.0,3,2,0,2,0.0,80.0,1.0,0.8,52.0,1,1
6.0,1,1,0,0,30.0,110.0,23.0,0.4,82.0,1,0
2.0,1,0,0,0,197.0,119.0,19.0,0.1333333333333333,94.66666666666669,0,0
1.0,1,0,0,0,241.0,76.0,13.0,0.0666666666666666,97.33333333333331,0,0
6.0,4,0,3,1,0.0,15.0,15.0,0.4,66.0,1,0
8.0,4,1,3,0,0.0,67.0,24.0,0.5333333333333333,64.66666666666667,1,1
4.0,0,0,0,0,318.0,139.0,14.0,0.2666666666666666,89.33333333333333,0,0
4.0,2,1,1,0,30.0,27.0,25.0,0.2666666666666666,83.33333333333333,1,0
9.0,0,1,0,0,90.0,51.0,22.0,0.6,74.0,1,0
8.0,3,1,1,1,60.0,36.0,3.0,0.5333333333333333,66.66666666666667,1,1
7.0,0,0,0,0,195.0,129.0,25.0,0.4666666666666667,81.33333333333333,0,0
12.0,1,1,0,0,150.0,101.0,12.0,0.8,66.0,1,0
9.0,0,0,1,0,30.0,74.0,18.0,0.6,72.0,1,1
10.0,0,0,1,0,150.0,69.0,7.0,0.6666666666666666,69.33333333333334,1,1
0.0,0,0,0,0,188.0,114.0,7.0,0.0,100.0,0,0
6.0,1,0,0,1,60.0,94.0,1.0,0.4,78.0,1,0
3.0,0,0,0,0,217.0,114.0,8.0,0.2,92.0,0,0
2.0,1,0,0,0,278.0,69.0,1.0,0.1333333333333333,94.66666666666669,0,0
7.0,1,1,0,0,0.0,57.0,5.0,0.4666666666666667,79.33333333333333,1,0
11.0,2,0,1,1,90.0,62.0,12.0,0.7333333333333333,60.66666666666667,1,1
8.0,0,0,0,1,30.0,40.0,14.0,0.5333333333333333,72.66666666666667,1,1
4.0,2,1,0,0,150.0,35.0,7.0,0.2666666666666666,87.33333333333333,1,0
7.0,0,0,0,0,256.0,57.0,3.0,0.4666666666666667,81.33333333333333,0,0
12.0,4,3,1,0,0.0,72.0,2.0,0.8,58.0,1,1
10.0,4,2,1,1,30.0,67.0,10.0,0.6666666666666666,59.33333333333334,1,1
8.0,4,2,1,1,0.0,33.0,25.0,0.5333333333333333,64.66666666666667,1,1
2.0,0,0,0,0,194.0,80.0,12.0,0.1333333333333333,94.66666666666669,0,0
4.0,1,0,0,0,296.0,109.0,17.0,0.2666666666666666,89.33333333333333,0,0
11.0,1,0,1,1,30.0,68.0,22.0,0.7333333333333333,60.66666666666667,1,1
3.0,0,0,0,0,226.0,127.0,25.0,0.2,92.0,0,0
3.0,0,0,0,0,303.0,128.0,4.0,0.2,92.0,0,0
0.0,0,0,0,0,319.0,142.0,15.0,0.0,100.0,0,0
5.0,0,0,0,0,229.0,101.0,1.0,0.3333333333333333,86.66666666666667,0,0
2.0,1,0,1,0,90.0,111.0,9.0,0.1333333333333333,90.66666666666669,1,0
8.0,2,0,3,0,30.0,84.0,4.0,0.5333333333333333,66.66666666666667,1,1
7.0,0,0,0,0,186.0,58.0,1.0,0.4666666666666667,81.33333333333333,0,0
0.0,0,0,0,0,241.0,101.0,4.0,0.0,100.0,0,0
13.0,3,0,0,3,0.0,82.0,1.0,0.8666666666666667,47.33333333333333,1,1
5.0,0,0,0,0,300.0,115.0,8.0,0.3333333333333333,86.66666666666667,0,0
11.0,3,1,2,0,0.0,25.0,7.0,0.7333333333333333,60.66666666666667,1,1
4.0,1,1,0,0,30.0,34.0,5.0,0.2666666666666666,87.33333333333333,1,0
1.0,1,0,0,0,307.0,85.0,24.0,0.0666666666666666,97.33333333333331,0,0
11.0,3,1,0,2,0.0,29.0,8.0,0.7333333333333333,56.66666666666667,1,1
3.0,1,0,0,0,219.0,97.0,2.0,0.2,92.0,0,0
2.0,0,0,0,0,269.0,135.0,24.0,0.1333333333333333,94.66666666666669,0,0
3.0,0,0,0,0,312.0,86.0,21.0,0.2,92.0,0,0
4.0,0,1,0,0,60.0,79.0,3.0,0.2666666666666666,87.33333333333333,1,0
4.0,0,0,0,0,222.0,70.0,5.0,0.2666666666666666,89.33333333333333,0,0
4.0,1,1,1,0,90.0,36.0,6.0,0.2666666666666666,83.33333333333333,1,0
6.0,1,1,0,0,30.0,40.0,7.0,0.4,82.0,1,0
14.0,4,1,3,0,0.0,22.0,4.0,0.9333333333333332,48.66666666666666,1,1
1.0,1,0,0,0,292.0,72.0,23.0,0.0666666666666666,97.33333333333331,0,0
1.0,1,0,0,0,318.0,71.0,25.0,0.0666666666666666,97.33333333333331,0,0
6.0,0,0,0,0,215.0,49.0,15.0,0.4,84.0,0,0
14.0,2,0,1,1,0.0,92.0,14.0,0.9333333333333332,52.66666666666666,1,1
5.0,0,0,0,0,246.0,55.0,6.0,0.3333333333333333,86.66666666666667,0,0
10.0,3,0,0,3,30.0,17.0,12.0,0.6666666666666666,55.33333333333334,1,1
7.0,0,0,0,0,242.0,89.0,21.0,0.4666666666666667,81.33333333333333,0,0
0.0,1,0,0,0,263.0,80.0,23.0,0.0,100.0,0,0
0.0,1,1,0,0,30.0,48.0,12.0,0.0,98.0,1,0
12.0,5,1,2,1,30.0,56.0,24.0,0.8,52.0,1,1
4.0,0,0,0,0,235.0,54.0,18.0,0.2666666666666666,89.33333333333333,0,0
6.0,2,1,1,0,30.0,31.0,18.0,0.4,78.0,1,1
6.0,0,0,0,0,190.0,60.0,17.0,0.4,84.0,0,0
1.0,0,0,0,0,279.0,64.0,4.0,0.0666666666666666,97.33333333333331,0,0
12.0,2,1,1,0,0.0,117.0,4.0,0.8,62.0,1,1
4.0,0,0,0,0,262.0,98.0,20.0,0.2666666666666666,89.33333333333333,0,0
1.0,2,1,0,0,150.0,88.0,14.0,0.0666666666666666,95.33333333333331,1,0
8.0,0,0,1,0,90.0,110.0,25.0,0.5333333333333333,74.66666666666667,1,0
1.0,1,1,0,0,0.0,65.0,10.0,0.0666666666666666,95.33333333333331,1,0
8.0,0,0,0,0,222.0,108.0,13.0,0.5333333333333333,78.66666666666667,0,0
1.0,1,0,0,0,197.0,97.0,24.0,0.0666666666666666,97.33333333333331,0,0
2.0,1,0,0,0,208.0,88.0,9.0,0.1333333333333333,94.66666666666669,0,0
3.0,1,0,0,1,30.0,117.0,24.0,0.2,86.0,1,0
3.0,3,1,0,2,0.0,99.0,16.0,0.2,78.0,1,1
3.0,0,0,0,0,298.0,72.0,23.0,0.2,92.0,0,0
0.0,1,1,0,0,150.0,94.0,19.0,0.0,98.0,1,0
3.0,0,1,0,0,120.0,65.0,11.0,0.2,90.0,1,0
5.0,1,1,0,0,90.0,49.0,2.0,0.3333333333333333,84.66666666666667,1,0
4.0,1,0,1,0,30.0,33.0,22.0,0.2666666666666666,85.33333333333333,1,0
7.0,0,0,1,0,150.0,47.0,20.0,0.4666666666666667,77.33333333333333,1,0
3.0,0,0,0,0,245.0,97.0,10.0,0.2,92.0,0,0
3.0,0,0,0,0,216.0,56.0,3.0,0.2,92.0,0,0
10.0,3,0,1,2,60.0,100.0,21.0,0.6666666666666666,57.33333333333334,1,1
14.0,3,1,1,0,0.0,106.0,16.0,0.9333333333333332,56.66666666666666,1,1
3.0,0,0,0,0,276.0,120.0,1.0,0.2,92.0,0,0
11.0,1,1,1,0,30.0,84.0,2.0,0.7333333333333333,64.66666666666667,1,1
10.0,4,0,1,2,0.0,34.0,15.0,0.6666666666666666,57.33333333333334,1,1
4.0,2,1,0,0,30.0,74.0,22.0,0.2666666666666666,87.33333333333333,1,0
4.0,0,0,0,0,186.0,61.0,14.0,0.2666666666666666,89.33333333333333,0,0
4.0,0,1,0,0,120.0,83.0,12.0,0.2666666666666666,87.33333333333333,1,0
3.0,0,0,0,0,336.0,87.0,15.0,0.2,92.0,0,0
4.0,0,0,0,0,197.0,64.0,14.0,0.2666666666666666,89.33333333333333,0,0
12.0,3,1,2,1,0.0,17.0,4.0,0.8,52.0,1,1
8.0,3,2,1,0,60.0,82.0,13.0,0.5333333333333333,70.66666666666667,1,1
0.0,0,0,0,0,191.0,110.0,24.0,0.0,100.0,0,0
11.0,1,0,1,0,30.0,32.0,9.0,0.7333333333333333,66.66666666666667,1,0
1.0,0,0,0,0,249.0,120.0,24.0,0.0666666666666666,97.33333333333331,0,0
12.0,3,0,0,3,30.0,103.0,18.0,0.8,50.0,1,1
12.0,3,0,2,1,30.0,89.0,14.0,0.8,54.0,1,1
6.0,2,1,0,0,120.0,27.0,19.0,0.4,82.0,1,0
13.0,4,0,1,2,0.0,97.0,19.0,0.8666666666666667,49.33333333333333,1,1
0.0,0,0,0,0,228.0,123.0,14.0,0.0,100.0,0,0
1.0,1,0,0,0,284.0,57.0,22.0,0.0666666666666666,97.33333333333331,0,0
1.0,0,0,0,0,229.0,102.0,18.0,0.0666666666666666,97.33333333333331,0,0
11.0,3,1,1,1,0.0,102.0,12.0,0.7333333333333333,58.66666666666667,1,1
8.0,0,0,0,0,300.0,96.0,14.0,0.5333333333333333,78.66666666666667,0,0
4.0,2,1,0,0,60.0,69.0,19.0,0.2666666666666666,87.33333333333333,1,0
14.0,4,0,0,3,0.0,68.0,7.0,0.9333333333333332,44.66666666666666,1,1
0.0,0,0,0,0,248.0,109.0,14.0,0.0,100.0,0,0
3.0,0,0,0,0,308.0,84.0,14.0,0.2,92.0,0,0
6.0,2,1,0,0,120.0,98.0,17.0,0.4,82.0,1,0
14.0,2,1,0,1,0.0,32.0,18.0,0.9333333333333332,54.66666666666666,1,1
8.0,0,0,0,0,235.0,54.0,25.0,0.5333333333333333,78.66666666666667,0,0
0.0,1,1,0,0,0.0,93.0,13.0,0.0,98.0,1,0
4.0,0,0,0,0,273.0,101.0,25.0,0.2666666666666666,89.33333333333333,0,0
7.0,1,1,0,1,30.0,114.0,19.0,0.4666666666666667,73.33333333333333,1,1
7.0,0,0,0,0,283.0,64.0,7.0,0.4666666666666667,81.33333333333333,0,0
4.0,1,0,0,0,353.0,69.0,23.0,0.2666666666666666,89.33333333333333,0,0
7.0,0,1,0,0,60.0,88.0,8.0,0.4666666666666667,79.33333333333333,1,0
3.0,0,0,0,0,214.0,95.0,2.0,0.2,92.0,0,0
8.0,3,1,1,1,0.0,88.0,25.0,0.5333333333333333,66.66666666666667,1,1
10.0,3,0,1,1,30.0,33.0,4.0,0.6666666666666666,63.33333333333334,1,1
1.0,1,0,0,0,314.0,98.0,9.0,0.0666666666666666,97.33333333333331,0,0
0.0,1,0,0,0,351.0,55.0,4.0,0.0,100.0,0,0
4.0,1,0,0,0,233.0,70.0,23.0,0.2666666666666666,89.33333333333333,0,0
1.0,0,0,0,0,209.0,88.0,24.0,0.0666666666666666,97.33333333333331,0,0
7.0,2,0,1,0,60.0,39.0,7.0,0.4666666666666667,77.33333333333333,1,0
10.0,4,1,1,1,30.0,52.0,14.0,0.6666666666666666,61.33333333333334,1,0
13.0,4,2,1,2,0.0,47.0,22.0,0.8666666666666667,45.33333333333333,1,1
8.0,2,0,1,0,30.0,55.0,3.0,0.5333333333333333,74.66666666666667,1,0
4.0,0,0,0,0,216.0,88.0,10.0,0.2666666666666666,89.33333333333333,0,0
1.0,0,0,0,0,195.0,124.0,3.0,0.0666666666666666,97.33333333333331,0,0
6.0,1,2,0,0,0.0,42.0,22.0,0.4,80.0,1,0
0.0,0,0,0,0,330.0,132.0,7.0,0.0,100.0,0,0
4.0,1,1,0,0,60.0,122.0,11.0,0.2666666666666666,87.33333333333333,1,0
4.0,3,1,1,0,0.0,69.0,8.0,0.2666666666666666,83.33333333333333,1,0
3.0,0,0,0,0,203.0,121.0,25.0,0.2,92.0,0,0
3.0,0,0,0,0,218.0,73.0,7.0,0.2,92.0,0,0
14.0,3,0,1,2,90.0,69.0,11.0,0.9333333333333332,46.66666666666666,1,1
3.0,0,0,0,0,223.0,101.0,19.0,0.2,92.0,0,0
0.0,0,0,0,0,242.0,66.0,10.0,0.0,100.0,0,0
0.0,0,0,0,0,320.0,125.0,2.0,0.0,100.0,0,0
12.0,3,2,1,1,30.0,18.0,18.0,0.8,54.0,1,1
8.0,2,0,2,0,30.0,109.0,6.0,0.5333333333333333,70.66666666666667,1,0
4.0,1,1,0,0,90.0,112.0,15.0,0.2666666666666666,87.33333333333333,1,0
3.0,0,0,0,0,319.0,131.0,5.0,0.2,92.0,0,0
10.0,0,1,0,0,120.0,113.0,11.0,0.6666666666666666,71.33333333333334,1,0
3.0,0,0,0,0,243.0,94.0,4.0,0.2,92.0,0,0
7.0,3,1,0,1,0.0,47.0,4.0,0.4666666666666667,73.33333333333333,1,1
8.0,2,0,1,0,90.0,96.0,22.0,0.5333333333333333,74.66666666666667,1,0
5.0,0,0,0,0,288.0,127.0,14.0,0.3333333333333333,86.66666666666667,0,0
4.0,0,0,0,0,273.0,99.0,15.0,0.2666666666666666,89.33333333333333,0,0
7.0,1,0,0,1,90.0,34.0,11.0,0.4666666666666667,75.33333333333333,1,1
10.0,3,2,1,0,0.0,76.0,2.0,0.6666666666666666,65.33333333333334,1,1
3.0,0,0,0,0,271.0,115.0,11.0,0.2,92.0,0,0
0.0,0,0,0,0,190.0,79.0,1.0,0.0,100.0,0,0
1.0,1,0,0,0,277.0,94.0,17.0,0.0666666666666666,97.33333333333331,0,0
2.0,1,0,0,0,347.0,107.0,10.0,0.1333333333333333,94.66666666666669,0,0
1.0,1,0,0,0,295.0,129.0,22.0,0.0666666666666666,97.33333333333331,0,0
4.0,1,1,0,0,90.0,42.0,23.0,0.2666666666666666,87.33333333333333,1,0
2.0,1,0,0,0,207.0,88.0,5.0,0.1333333333333333,94.66666666666669,0,0
6.0,2,0,1,0,120.0,29.0,1.0,0.4,80.0,1,0
2.0,0,0,0,0,231.0,94.0,10.0,0.1333333333333333,94.66666666666669,0,0
3.0,1,0,0,0,246.0,78.0,20.0,0.2,92.0,0,0
7.0,0,0,0,0,223.0,86.0,20.0,0.4666666666666667,81.33333333333333,0,0
4.0,2,1,0,0,90.0,91.0,3.0,0.2666666666666666,87.33333333333333,1,0
9.0,2,2,1,0,0.0,73.0,21.0,0.6,68.0,1,1
4.0,0,0,0,0,335.0,80.0,10.0,0.2666666666666666,89.33333333333333,0,0
4.0,0,1,0,0,60.0,56.0,12.0,0.2666666666666666,87.33333333333333,1,0
3.0,2,1,0,1,0.0,93.0,24.0,0.2,84.0,1,1
8.0,0,0,1,0,90.0,111.0,12.0,0.5333333333333333,74.66666666666667,1,0
11.0,3,2,1,1,30.0,19.0,16.0,0.7333333333333333,56.66666666666667,1,1
14.0,1,0,0,0,335.0,135.0,19.0,0.9333333333333332,62.66666666666666,0,0
3.0,2,0,2,0,30.0,67.0,24.0,0.2,84.0,1,0
8.0,1,1,0,0,30.0,46.0,15.0,0.5333333333333333,76.66666666666667,1,0
0.0,0,0,0,0,305.0,118.0,4.0,0.0,100.0,0,0
2.0,1,0,0,0,279.0,110.0,5.0,0.1333333333333333,94.66666666666669,0,0
10.0,4,2,0,2,0.0,60.0,11.0,0.6666666666666666,57.33333333333334,1,1
4.0,0,0,0,0,310.0,141.0,19.0,0.2666666666666666,89.33333333333333,0,0
1.0,1,0,0,0,245.0,46.0,11.0,0.0666666666666666,97.33333333333331,0,0
8.0,0,0,0,0,261.0,92.0,6.0,0.5333333333333333,78.66666666666667,0,0
6.0,2,1,1,0,30.0,87.0,14.0,0.4,78.0,1,0
8.0,0,1,0,0,30.0,63.0,3.0,0.5333333333333333,76.66666666666667,1,0
4.0,0,0,0,0,250.0,52.0,14.0,0.2666666666666666,89.33333333333333,0,0
4.0,1,1,0,0,150.0,92.0,20.0,0.2666666666666666,87.33333333333333,1,0
8.0,1,0,1,0,90.0,93.0,19.0,0.5333333333333333,74.66666666666667,1,0
0.0,0,0,0,0,360.0,101.0,19.0,0.0,100.0,0,0
3.0,1,0,0,0,287.0,91.0,15.0,0.2,92.0,0,0
0.0,1,0,0,0,336.0,118.0,25.0,0.0,100.0,0,0
12.0,2,1,0,1,0.0,88.0,15.0,0.8,60.0,1,1
0.0,1,0,0,0,224.0,54.0,1.0,0.0,100.0,0,0
5.0,0,0,0,0,287.0,92.0,4.0,0.3333333333333333,86.66666666666667,0,0
9.0,4,1,3,0,30.0,37.0,24.0,0.6,62.0,1,1
6.0,0,0,0,0,267.0,64.0,19.0,0.4,84.0,0,0
6.0,1,0,1,0,90.0,104.0,11.0,0.4,80.0,1,0
11.0,1,2,0,0,0.0,83.0,12.0,0.7333333333333333,66.66666666666667,1,1
4.0,1,0,1,0,60.0,80.0,10.0,0.2666666666666666,85.33333333333333,1,0
5.0,1,1,0,0,60.0,82.0,8.0,0.3333333333333333,84.66666666666667,1,0
8.0,2,1,0,0,90.0,63.0,23.0,0.5333333333333333,76.66666666666667,1,0
8.0,2,1,0,0,150.0,75.0,4.0,0.5333333333333333,76.66666666666667,1,0
4.0,0,0,0,0,283.0,122.0,25.0,0.2666666666666666,89.33333333333333,0,0
12.0,4,2,0,1,30.0,69.0,21.0,0.8,58.0,1,1
10.0,3,1,0,2,30.0,82.0,19.0,0.6666666666666666,59.33333333333334,1,1
10.0,3,1,1,0,90.0,31.0,13.0,0.6666666666666666,67.33333333333334,1,1
6.0,2,2,0,1,30.0,89.0,9.0,0.4,74.0,1,1
6.0,0,0,0,0,225.0,47.0,25.0,0.4,84.0,0,0
2.0,1,0,0,0,276.0,135.0,8.0,0.1333333333333333,94.66666666666669,0,0
8.0,2,1,0,0,0.0,100.0,13.0,0.5333333333333333,76.66666666666667,1,0
6.0,0,1,0,0,60.0,46.0,13.0,0.4,82.0,1,0
4.0,1,0,0,0,203.0,69.0,12.0,0.2666666666666666,89.33333333333333,0,0
0.0,0,0,0,0,350.0,66.0,21.0,0.0,100.0,0,0
3.0,0,0,0,0,209.0,55.0,13.0,0.2,92.0,0,0
3.0,0,0,0,0,261.0,105.0,15.0,0.2,92.0,0,0
8.0,4,2,0,1,60.0,32.0,13.0,0.5333333333333333,68.66666666666667,1,1
3.0,1,0,0,0,339.0,85.0,6.0,0.2,92.0,0,0
3.0,0,1,0,0,60.0,37.0,25.0,0.2,90.0,1,0
2.0,0,0,0,0,357.0,106.0,2.0,0.1333333333333333,94.66666666666669,0,0
11.0,5,1,0,4,0.0,75.0,6.0,0.7333333333333333,44.66666666666667,1,1
3.0,1,0,0,0,318.0,129.0,16.0,0.2,92.0,0,0
13.0,3,2,1,1,60.0,25.0,16.0,0.8666666666666667,51.33333333333333,1,1
7.0,1,1,0,0,150.0,64.0,5.0,0.4666666666666667,79.33333333333333,1,0
12.0,6,2,1,2,0.0,86.0,23.0,0.8,48.0,1,1
9.0,4,3,2,0,0.0,57.0,20.0,0.6,62.0,1,1
0.0,0,0,0,0,327.0,128.0,2.0,0.0,100.0,0,0
3.0,0,0,0,0,209.0,113.0,6.0,0.2,92.0,0,0
11.0,4,3,1,0,0.0,95.0,5.0,0.7333333333333333,60.66666666666667,1,1
3.0,1,1,0,0,90.0,56.0,2.0,0.2,90.0,1,0
3.0,0,0,1,0,150.0,82.0,16.0,0.2,88.0,1,0
8.0,2,0,1,1,0.0,121.0,13.0,0.5333333333333333,68.66666666666667,1,1
3.0,0,1,0,0,60.0,113.0,16.0,0.2,90.0,1,0
1.0,1,0,0,0,183.0,93.0,19.0,0.0666666666666666,97.33333333333331,0,0
2.0,0,0,0,0,257.0,111.0,7.0,0.1333333333333333,94.66666666666669,0,0
12.0,3,1,1,1,0.0,103.0,4.0,0.8,56.0,1,1
11.0,4,0,3,0,60.0,61.0,3.0,0.7333333333333333,58.66666666666667,1,1
3.0,0,0,0,0,329.0,75.0,15.0,0.2,92.0,0,0
7.0,3,3,0,1,0.0,43.0,18.0,0.4666666666666667,69.33333333333333,1,1
10.0,4,3,0,1,30.0,53.0,3.0,0.6666666666666666,61.33333333333334,1,1
9.0,3,1,0,1,30.0,49.0,16.0,0.6,68.0,1,1
13.0,3,2,0,0,30.0,59.0,21.0,0.8666666666666667,61.33333333333333,1,1
3.0,3,0,2,0,90.0,97.0,21.0,0.2,84.0,1,0
8.0,2,1,0,0,60.0,110.0,12.0,0.5333333333333333,76.66666666666667,1,0
6.0,1,0,1,0,0.0,53.0,6.0,0.4,80.0,1,0
2.0,0,0,0,0,296.0,111.0,11.0,0.1333333333333333,94.66666666666669,0,1
3.0,0,0,0,0,232.0,107.0,18.0,0.2,92.0,0,0
8.0,1,0,0,0,186.0,116.0,1.0,0.5333333333333333,78.66666666666667,0,0
3.0,1,0,0,0,225.0,106.0,4.0,0.2,92.0,0,0
7.0,0,0,0,0,339.0,48.0,6.0,0.4666666666666667,81.33333333333333,0,0
4.0,1,0,0,0,290.0,132.0,14.0,0.2666666666666666,89.33333333333333,0,0
4.0,0,0,0,0,252.0,73.0,15.0,0.2666666666666666,89.33333333333333,0,0
3.0,1,0,0,0,283.0,57.0,12.0,0.2,92.0,0,0
14.0,2,0,0,3,30.0,23.0,5.0,0.9333333333333332,44.66666666666666,1,1
4.0,0,0,0,0,255.0,93.0,19.0,0.2666666666666666,89.33333333333333,0,0
1.0,0,0,0,0,336.0,123.0,7.0,0.0666666666666666,97.33333333333331,0,0
4.0,2,2,1,0,30.0,75.0,20.0,0.2666666666666666,81.33333333333333,1,0
2.0,0,0,0,0,287.0,97.0,6.0,0.1333333333333333,94.66666666666669,0,0
4.0,2,1,0,0,60.0,45.0,9.0,0.2666666666666666,87.33333333333333,1,0
12.0,1,0,0,2,0.0,107.0,19.0,0.8,56.0,1,1
8.0,0,0,1,0,30.0,35.0,21.0,0.5333333333333333,74.66666666666667,1,0
7.0,3,0,1,2,90.0,104.0,13.0,0.4666666666666667,65.33333333333333,1,1
11.0,2,2,0,0,0.0,45.0,22.0,0.7333333333333333,66.66666666666667,1,1
2.0,0,0,0,0,343.0,86.0,2.0,0.1333333333333333,94.66666666666669,0,0
1.0,1,0,0,0,240.0,45.0,11.0,0.0666666666666666,97.33333333333331,0,0
7.0,2,0,2,0,0.0,44.0,7.0,0.4666666666666667,73.33333333333333,1,1
4.0,0,0,0,0,265.0,81.0,16.0,0.2666666666666666,89.33333333333333,0,0
12.0,2,2,1,0,0.0,88.0,11.0,0.8,60.0,1,1
7.0,1,0,0,1,120.0,91.0,4.0,0.4666666666666667,75.33333333333333,1,1
7.0,5,3,1,0,0.0,83.0,5.0,0.4666666666666667,71.33333333333333,1,1
1.0,0,1,0,0,90.0,115.0,16.0,0.0666666666666666,95.33333333333331,1,0
6.0,2,2,1,0,0.0,28.0,15.0,0.4,76.0,1,1
1.0,0,0,0,0,225.0,102.0,9.0,0.0666666666666666,97.33333333333331,0,0
6.0,2,0,1,1,0.0,43.0,15.0,0.4,74.0,1,1
1.0,2,0,2,0,30.0,42.0,8.0,0.0666666666666666,89.33333333333333,1,1
4.0,0,0,0,0,234.0,123.0,20.0,0.2666666666666666,89.33333333333333,0,0
3.0,0,0,0,0,209.0,46.0,18.0,0.2,92.0,0,0
0.0,2,1,0,0,0.0,121.0,18.0,0.0,98.0,1,0
7.0,3,1,1,1,60.0,89.0,14.0,0.4666666666666667,69.33333333333333,1,1
6.0,0,0,0,0,186.0,102.0,5.0,0.4,84.0,0,0
3.0,2,0,1,0,90.0,49.0,25.0,0.2,88.0,1,0
6.0,2,0,0,1,90.0,47.0,16.0,0.4,78.0,1,1
5.0,1,1,0,1,0.0,61.0,23.0,0.3333333333333333,78.66666666666667,1,1
4.0,1,0,0,0,328.0,143.0,11.0,0.2666666666666666,89.33333333333333,0,0
6.0,1,0,0,0,312.0,59.0,11.0,0.4,84.0,0,1
0.0,0,0,0,0,285.0,128.0,4.0,0.0,100.0,0,0
5.0,2,1,1,0,60.0,56.0,19.0,0.3333333333333333,80.66666666666667,1,0
10.0,0,1,0,0,30.0,86.0,12.0,0.6666666666666666,71.33333333333334,1,0
6.0,0,0,1,0,90.0,62.0,15.0,0.4,80.0,1,0
8.0,4,1,1,2,0.0,32.0,2.0,0.5333333333333333,60.66666666666667,1,1
12.0,2,1,0,1,0.0,34.0,19.0,0.8,60.0,1,1
0.0,1,0,1,0,30.0,64.0,16.0,0.0,96.0,1,0
3.0,0,0,0,0,307.0,127.0,24.0,0.2,92.0,0,0
3.0,0,0,1,0,90.0,50.0,20.0,0.2,88.0,1,0
7.0,4,2,2,1,0.0,10.0,8.0,0.4666666666666667,63.33333333333333,1,1
4.0,2,1,0,0,150.0,106.0,4.0,0.2666666666666666,87.33333333333333,1,0
3.0,0,0,0,1,150.0,110.0,11.0,0.2,86.0,1,0
12.0,0,0,1,0,90.0,87.0,19.0,0.8,64.0,1,1
10.0,3,1,0,2,60.0,81.0,2.0,0.6666666666666666,59.33333333333334,1,1
10.0,2,0,1,1,90.0,53.0,2.0,0.6666666666666666,63.33333333333334,1,1
1.0,0,0,0,0,200.0,65.0,4.0,0.0666666666666666,97.33333333333331,0,0
9.0,2,0,1,0,120.0,77.0,22.0,0.6,72.0,1,0
5.0,0,0,0,0,330.0,92.0,18.0,0.3333333333333333,86.66666666666667,0,0
11.0,3,0,0,3,30.0,41.0,2.0,0.7333333333333333,52.66666666666667,1,1
0.0,0,0,0,0,243.0,130.0,17.0,0.0,100.0,0,0
7.0,3,0,2,1,0.0,42.0,17.0,0.4666666666666667,67.33333333333333,1,1
1.0,0,0,0,0,184.0,118.0,23.0,0.0666666666666666,97.33333333333331,0,0
4.0,0,0,0,0,188.0,50.0,4.0,0.2666666666666666,89.33333333333333,0,0
12.0,3,1,2,0,30.0,70.0,16.0,0.8,58.0,1,1
3.0,1,0,0,0,279.0,72.0,17.0,0.2,92.0,0,0
0.0,2,2,0,0,0.0,57.0,19.0,0.0,96.0,1,0
4.0,0,0,0,0,295.0,131.0,7.0,0.2666666666666666,89.33333333333333,0,0
11.0,2,0,1,1,30.0,36.0,16.0,0.7333333333333333,60.66666666666667,1,1
2.0,1,0,0,0,300.0,61.0,2.0,0.1333333333333333,94.66666666666669,0,0
0.0,0,0,0,0,343.0,137.0,1.0,0.0,100.0,0,0
2.0,0,0,0,0,189.0,88.0,23.0,0.1333333333333333,94.66666666666669,0,0
4.0,0,0,0,0,185.0,116.0,16.0,0.2666666666666666,89.33333333333333,0,0
2.0,1,0,0,0,328.0,88.0,2.0,0.1333333333333333,94.66666666666669,0,0
5.0,1,1,0,0,30.0,125.0,10.0,0.3333333333333333,84.66666666666667,1,0
10.0,3,0,1,1,60.0,80.0,6.0,0.6666666666666666,63.33333333333334,1,1
2.0,1,0,0,0,249.0,64.0,5.0,0.1333333333333333,94.66666666666669,0,0
4.0,2,3,0,0,30.0,46.0,23.0,0.2666666666666666,83.33333333333333,1,0
4.0,2,2,0,0,90.0,91.0,7.0,0.2666666666666666,85.33333333333333,1,0
4.0,0,0,0,0,298.0,81.0,16.0,0.2666666666666666,89.33333333333333,0,0
3.0,3,1,1,0,0.0,32.0,23.0,0.2,86.0,1,0
4.0,0,0,1,0,60.0,82.0,23.0,0.2666666666666666,85.33333333333333,1,1
7.0,2,1,0,1,0.0,91.0,4.0,0.4666666666666667,73.33333333333333,1,1
8.0,4,0,0,4,0.0,102.0,15.0,0.5333333333333333,54.66666666666667,1,1
3.0,0,0,0,0,330.0,87.0,18.0,0.2,92.0,0,0
2.0,1,1,1,0,90.0,39.0,10.0,0.1333333333333333,88.66666666666667,1,0
8.0,2,0,1,0,150.0,63.0,17.0,0.5333333333333333,74.66666666666667,1,0
7.0,1,0,0,0,239.0,54.0,25.0,0.4666666666666667,81.33333333333333,0,0
5.0,0,0,0,0,318.0,50.0,13.0,0.3333333333333333,86.66666666666667,0,0
4.0,1,1,0,0,150.0,96.0,11.0,0.2666666666666666,87.33333333333333,1,0
11.0,5,1,3,1,0.0,53.0,25.0,0.7333333333333333,50.66666666666667,1,1
2.0,1,0,0,0,193.0,84.0,4.0,0.1333333333333333,94.66666666666669,0,0
9.0,1,0,1,0,150.0,37.0,10.0,0.6,72.0,1,0
9.0,2,1,1,0,0.0,104.0,18.0,0.6,70.0,1,1
4.0,1,1,0,0,60.0,118.0,7.0,0.2666666666666666,87.33333333333333,1,0
3.0,0,0,0,0,323.0,85.0,4.0,0.2,92.0,0,0
7.0,0,0,0,0,241.0,48.0,11.0,0.4666666666666667,81.33333333333333,0,0
1.0,0,0,0,0,197.0,103.0,18.0,0.0666666666666666,97.33333333333331,0,0
8.0,3,0,2,0,30.0,110.0,2.0,0.5333333333333333,70.66666666666667,1,1
0.0,0,1,0,0,0.0,70.0,1.0,0.0,98.0,1,0
3.0,0,0,0,0,247.0,125.0,17.0,0.2,92.0,0,0
6.0,0,1,0,0,30.0,97.0,3.0,0.4,82.0,1,0
4.0,0,0,0,0,205.0,97.0,17.0,0.2666666666666666,89.33333333333333,0,0
1.0,0,0,0,0,232.0,122.0,23.0,0.0666666666666666,97.33333333333331,0,0
2.0,1,1,0,0,120.0,27.0,16.0,0.1333333333333333,92.66666666666669,1,0
3.0,0,0,0,0,213.0,61.0,24.0,0.2,92.0,0,0
7.0,1,0,0,0,209.0,92.0,11.0,0.4666666666666667,81.33333333333333,0,0
1.0,0,0,0,0,289.0,60.0,11.0,0.0666666666666666,97.33333333333331,0,0
1.0,2,2,0,0,60.0,44.0,19.0,0.0666666666666666,93.33333333333331,1,0
12.0,2,0,2,1,30.0,19.0,11.0,0.8,54.0,1,1
2.0,1,0,0,0,291.0,51.0,1.0,0.1333333333333333,94.66666666666669,0,0
1.0,1,1,0,0,30.0,90.0,22.0,0.0666666666666666,95.33333333333331,1,0
4.0,0,0,0,0,279.0,135.0,5.0,0.2666666666666666,89.33333333333333,0,0
0.0,1,0,0,0,290.0,64.0,3.0,0.0,100.0,0,0
1.0,0,0,0,0,296.0,106.0,17.0,0.0666666666666666,97.33333333333331,0,0
9.0,2,0,0,2,30.0,99.0,16.0,0.6,64.0,1,1
1.0,0,0,0,0,241.0,75.0,25.0,0.0666666666666666,97.33333333333331,0,0
9.0,0,0,1,0,150.0,38.0,25.0,0.6,72.0,1,0
11.0,3,0,1,2,0.0,61.0,2.0,0.7333333333333333,54.66666666666667,1,1
11.0,3,1,3,0,0.0,18.0,15.0,0.7333333333333333,56.66666666666667,1,1
6.0,0,0,0,0,219.0,123.0,12.0,0.4,84.0,0,0
6.0,0,0,0,0,196.0,53.0,13.0,0.4,84.0,0,0
2.0,0,0,0,0,337.0,89.0,21.0,0.1333333333333333,94.66666666666669,0,0
3.0,0,0,0,0,202.0,102.0,14.0,0.2,92.0,0,0
4.0,1,0,0,1,0.0,66.0,17.0,0.2666666666666666,83.33333333333333,1,0
3.0,0,0,0,0,343.0,127.0,15.0,0.2,92.0,0,0
8.0,2,0,0,1,0.0,62.0,24.0,0.5333333333333333,72.66666666666667,1,1
8.0,3,1,1,0,30.0,93.0,13.0,0.5333333333333333,72.66666666666667,1,1
1.0,0,0,0,0,323.0,96.0,19.0,0.0666666666666666,97.33333333333331,0,0
14.0,2,1,1,1,30.0,22.0,23.0,0.9333333333333332,50.66666666666666,1,1
3.0,1,1,0,0,0.0,93.0,11.0,0.2,90.0,1,0
8.0,1,0,1,0,30.0,31.0,14.0,0.5333333333333333,74.66666666666667,1,0
8.0,2,1,0,1,60.0,105.0,19.0,0.5333333333333333,70.66666666666667,1,1
3.0,0,0,0,0,227.0,98.0,21.0,0.2,92.0,0,0
7.0,0,0,0,0,235.0,107.0,18.0,0.4666666666666667,81.33333333333333,0,0
2.0,0,0,0,0,254.0,131.0,7.0,0.1333333333333333,94.66666666666669,0,0
9.0,3,0,2,0,30.0,85.0,6.0,0.6,68.0,1,1
8.0,0,0,1,0,120.0,33.0,21.0,0.5333333333333333,74.66666666666667,1,0
3.0,0,0,0,0,313.0,75.0,20.0,0.2,92.0,0,0
10.0,2,2,1,0,30.0,21.0,6.0,0.6666666666666666,65.33333333333334,1,1
7.0,3,1,1,0,0.0,100.0,8.0,0.4666666666666667,75.33333333333333,1,0
4.0,1,0,0,0,354.0,63.0,10.0,0.2666666666666666,89.33333333333333,0,0
2.0,0,0,0,0,296.0,60.0,11.0,0.1333333333333333,94.66666666666669,0,0
0.0,0,0,0,0,227.0,135.0,24.0,0.0,100.0,0,1
8.0,0,0,0,1,150.0,96.0,15.0,0.5333333333333333,72.66666666666667,1,1
0.0,1,1,0,0,60.0,90.0,6.0,0.0,98.0,1,0
10.0,3,1,0,1,30.0,31.0,2.0,0.6666666666666666,65.33333333333334,1,1
0.0,0,0,0,0,189.0,114.0,21.0,0.0,100.0,0,0
2.0,0,0,0,0,196.0,57.0,5.0,0.1333333333333333,94.66666666666669,0,0
8.0,1,0,0,0,288.0,126.0,15.0,0.5333333333333333,78.66666666666667,0,0
8.0,0,0,1,0,30.0,106.0,8.0,0.5333333333333333,74.66666666666667,1,0
14.0,6,2,2,2,0.0,90.0,17.0,0.9333333333333332,38.66666666666666,1,1
1.0,0,0,0,0,269.0,66.0,15.0,0.0666666666666666,97.33333333333331,0,0
1.0,0,0,0,0,246.0,100.0,6.0,0.0666666666666666,97.33333333333331,0,0
9.0,2,2,0,0,60.0,53.0,5.0,0.6,72.0,1,1
1.0,1,0,0,0,328.0,116.0,18.0,0.0666666666666666,97.33333333333331,0,0
9.0,4,1,1,1,0.0,97.0,20.0,0.6,64.0,1,1
3.0,1,1,0,0,90.0,64.0,2.0,0.2,90.0,1,0
11.0,2,1,0,0,60.0,54.0,23.0,0.7333333333333333,68.66666666666667,1,1
4.0,0,1,0,0,60.0,115.0,14.0,0.2666666666666666,87.33333333333333,1,0
1.0,0,0,0,0,306.0,104.0,11.0,0.0666666666666666,97.33333333333331,0,0
8.0,1,1,0,0,0.0,103.0,2.0,0.5333333333333333,76.66666666666667,1,0
8.0,0,0,0,0,330.0,81.0,24.0,0.5333333333333333,78.66666666666667,0,0
14.0,3,1,0,2,0.0,95.0,18.0,0.9333333333333332,48.66666666666666,1,1
1.0,0,0,0,0,360.0,112.0,17.0,0.0666666666666666,97.33333333333331,0,0
2.0,0,0,0,0,331.0,128.0,23.0,0.1333333333333333,94.66666666666669,0,0
0.0,0,0,0,0,249.0,84.0,19.0,0.0,100.0,0,0
7.0,0,0,0,0,218.0,135.0,1.0,0.4666666666666667,81.33333333333333,0,0
0.0,2,2,0,0,30.0,33.0,7.0,0.0,96.0,1,1
10.0,3,0,2,1,30.0,83.0,5.0,0.6666666666666666,59.33333333333334,1,1
8.0,1,0,1,0,30.0,116.0,1.0,0.5333333333333333,74.66666666666667,1,0
7.0,0,0,1,0,30.0,35.0,6.0,0.4666666666666667,77.33333333333333,1,0
3.0,0,0,0,0,189.0,125.0,23.0,0.2,92.0,0,0
7.0,1,0,1,1,30.0,42.0,18.0,0.4666666666666667,71.33333333333333,1,1
12.0,3,0,1,2,30.0,20.0,9.0,0.8,52.0,1,1
0.0,0,0,0,0,313.0,118.0,15.0,0.0,100.0,0,0
4.0,0,1,0,0,0.0,84.0,17.0,0.2666666666666666,87.33333333333333,1,0
11.0,0,0,0,0,266.0,103.0,13.0,0.7333333333333333,70.66666666666667,0,0
8.0,1,0,0,1,0.0,56.0,23.0,0.5333333333333333,72.66666666666667,1,1
3.0,0,0,0,0,187.0,55.0,6.0,0.2,92.0,0,0
1.0,1,0,0,0,247.0,112.0,6.0,0.0666666666666666,97.33333333333331,0,0
4.0,0,0,0,0,290.0,105.0,7.0,0.2666666666666666,89.33333333333333,0,0
8.0,1,0,1,1,30.0,93.0,22.0,0.5333333333333333,68.66666666666667,1,1
1.0,1,1,0,0,90.0,58.0,17.0,0.0666666666666666,95.33333333333331,1,0
2.0,0,0,0,0,247.0,114.0,4.0,0.1333333333333333,94.66666666666669,0,0
7.0,1,0,0,0,222.0,67.0,23.0,0.4666666666666667,81.33333333333333,0,0
13.0,4,0,0,4,0.0,66.0,2.0,0.8666666666666667,41.33333333333333,1,1
4.0,0,0,0,0,215.0,41.0,9.0,0.2666666666666666,89.33333333333333,0,0
0.0,0,0,0,0,338.0,55.0,19.0,0.0,100.0,0,0
8.0,3,1,2,0,0.0,98.0,16.0,0.5333333333333333,68.66666666666667,1,1
3.0,1,1,0,0,0.0,109.0,24.0,0.2,90.0,1,0
11.0,2,1,1,1,0.0,105.0,13.0,0.7333333333333333,58.66666666666667,1,1
5.0,2,1,0,1,0.0,56.0,7.0,0.3333333333333333,78.66666666666667,1,1
1.0,0,0,0,0,310.0,79.0,6.0,0.0666666666666666,97.33333333333331,0,0
11.0,1,0,1,0,150.0,38.0,9.0,0.7333333333333333,66.66666666666667,1,1
11.0,2,0,1,0,60.0,109.0,18.0,0.7333333333333333,66.66666666666667,1,1
5.0,1,0,0,1,0.0,66.0,21.0,0.3333333333333333,80.66666666666667,1,1
8.0,3,1,1,0,0.0,76.0,6.0,0.5333333333333333,72.66666666666667,1,1
4.0,0,1,0,0,90.0,84.0,19.0,0.2666666666666666,87.33333333333333,1,0
3.0,0,0,0,0,264.0,73.0,18.0,0.2,92.0,0,0
1.0,0,0,0,0,272.0,68.0,20.0,0.0666666666666666,97.33333333333331,0,0
7.0,1,0,0,0,198.0,83.0,14.0,0.4666666666666667,81.33333333333333,0,0
1.0,2,2,0,0,60.0,32.0,17.0,0.0666666666666666,93.33333333333331,1,0
4.0,0,0,0,0,303.0,118.0,6.0,0.2666666666666666,89.33333333333333,0,0
3.0,1,0,1,0,0.0,93.0,9.0,0.2,88.0,1,0
5.0,1,1,1,0,30.0,85.0,7.0,0.3333333333333333,80.66666666666667,1,0
3.0,0,0,0,0,220.0,124.0,7.0,0.2,92.0,0,0
2.0,1,0,1,0,0.0,112.0,10.0,0.1333333333333333,90.66666666666669,1,0
8.0,1,0,0,0,267.0,135.0,8.0,0.5333333333333333,78.66666666666667,0,0
7.0,4,1,1,2,0.0,80.0,13.0,0.4666666666666667,63.33333333333333,1,1
3.0,1,0,0,0,233.0,102.0,24.0,0.2,92.0,0,0
10.0,1,0,2,0,60.0,21.0,11.0,0.6666666666666666,65.33333333333334,1,1
3.0,0,1,0,0,30.0,118.0,11.0,0.2,90.0,1,0
6.0,2,0,1,1,60.0,27.0,2.0,0.4,74.0,1,1
13.0,3,2,1,0,0.0,43.0,1.0,0.8666666666666667,57.33333333333333,1,1
0.0,0,0,0,0,199.0,61.0,12.0,0.0,100.0,0,0
1.0,0,0,0,0,253.0,94.0,20.0,0.0666666666666666,97.33333333333331,0,0
8.0,2,0,0,1,60.0,124.0,24.0,0.5333333333333333,72.66666666666667,1,1
1.0,1,0,0,0,192.0,55.0,25.0,0.0666666666666666,97.33333333333331,0,0
11.0,3,0,2,1,0.0,102.0,3.0,0.7333333333333333,56.66666666666667,1,1
0.0,0,0,0,0,196.0,48.0,14.0,0.0,100.0,0,0
6.0,1,1,0,0,90.0,71.0,15.0,0.4,82.0,1,0
2.0,2,1,0,0,150.0,102.0,12.0,0.1333333333333333,92.66666666666669,1,0
9.0,3,1,1,0,0.0,22.0,8.0,0.6,70.0,1,1
2.0,1,0,0,0,313.0,103.0,2.0,0.1333333333333333,94.66666666666669,0,0
12.0,5,1,0,3,0.0,86.0,3.0,0.8,48.0,1,1
10.0,2,1,0,0,90.0,31.0,21.0,0.6666666666666666,71.33333333333334,1,0
3.0,0,0,0,0,265.0,81.0,2.0,0.2,92.0,0,0
2.0,1,0,0,0,335.0,92.0,23.0,0.1333333333333333,94.66666666666669,0,0
10.0,3,0,3,0,0.0,103.0,20.0,0.6666666666666666,61.33333333333334,1,1
3.0,3,2,0,0,30.0,46.0,17.0,0.2,88.0,1,0
0.0,0,1,0,0,120.0,77.0,21.0,0.0,98.0,1,0
2.0,0,0,0,0,299.0,128.0,19.0,0.1333333333333333,94.66666666666669,0,0
6.0,2,0,2,1,60.0,24.0,18.0,0.4,70.0,1,1
3.0,2,2,0,0,30.0,70.0,10.0,0.2,88.0,1,0
13.0,4,1,1,3,0.0,40.0,10.0,0.8666666666666667,41.33333333333333,1,1
6.0,0,0,0,0,222.0,77.0,8.0,0.4,84.0,0,0
4.0,1,0,1,0,90.0,61.0,20.0,0.2666666666666666,85.33333333333333,1,0
9.0,4,0,0,3,0.0,73.0,4.0,0.6,58.0,1,1
6.0,2,1,2,0,30.0,84.0,13.0,0.4,74.0,1,1
1.0,0,1,0,0,60.0,72.0,13.0,0.0666666666666666,95.33333333333331,1,0
8.0,0,0,0,0,335.0,62.0,14.0,0.5333333333333333,78.66666666666667,0,0
8.0,4,0,2,1,0.0,26.0,14.0,0.5333333333333333,64.66666666666667,1,1
8.0,6,3,2,0,0.0,49.0,8.0,0.5333333333333333,64.66666666666667,1,1
8.0,0,0,1,0,90.0,65.0,7.0,0.5333333333333333,74.66666666666667,1,0
5.0,0,0,0,0,281.0,74.0,17.0,0.3333333333333333,86.66666666666667,0,0
3.0,0,0,0,0,295.0,126.0,19.0,0.2,92.0,0,0
3.0,1,1,0,0,120.0,107.0,9.0,0.2,90.0,1,0
2.0,1,0,0,0,185.0,86.0,6.0,0.1333333333333333,94.66666666666669,0,0
1.0,0,0,0,0,286.0,67.0,19.0,0.0666666666666666,97.33333333333331,0,0
0.0,0,0,0,0,330.0,120.0,10.0,0.0,100.0,0,0
8.0,2,1,0,0,60.0,45.0,20.0,0.5333333333333333,76.66666666666667,1,0
4.0,1,1,0,0,30.0,92.0,13.0,0.2666666666666666,87.33333333333333,1,0
6.0,0,0,0,1,60.0,55.0,15.0,0.4,78.0,1,1
0.0,0,0,0,0,224.0,59.0,1.0,0.0,100.0,0,0
3.0,0,0,0,0,182.0,52.0,22.0,0.2,92.0,0,0
5.0,1,1,0,0,60.0,70.0,11.0,0.3333333333333333,84.66666666666667,1,0
12.0,4,0,0,4,0.0,13.0,2.0,0.8,44.0,1,1
11.0,1,0,0,1,0.0,54.0,1.0,0.7333333333333333,64.66666666666667,1,1
1.0,0,0,0,0,209.0,101.0,14.0,0.0666666666666666,97.33333333333331,0,0
5.0,3,0,2,0,60.0,91.0,17.0,0.3333333333333333,78.66666666666667,1,1
8.0,1,1,0,0,120.0,47.0,3.0,0.5333333333333333,76.66666666666667,1,0
6.0,0,0,0,0,187.0,56.0,25.0,0.4,84.0,0,0
1.0,0,0,0,0,243.0,125.0,3.0,0.0666666666666666,97.33333333333331,0,0
3.0,0,0,0,0,350.0,116.0,8.0,0.2,92.0,0,0
1.0,0,0,0,0,321.0,89.0,7.0,0.0666666666666666,97.33333333333331,0,0
6.0,1,1,1,0,30.0,103.0,5.0,0.4,78.0,1,0
4.0,1,1,1,0,60.0,100.0,16.0,0.2666666666666666,83.33333333333333,1,0
10.0,3,2,0,0,0.0,64.0,18.0,0.6666666666666666,69.33333333333334,1,1
6.0,2,1,0,0,30.0,51.0,21.0,0.4,82.0,1,0
10.0,5,1,2,1,0.0,31.0,17.0,0.6666666666666666,57.33333333333334,1,1
6.0,2,0,2,0,0.0,71.0,25.0,0.4,76.0,1,1
4.0,0,0,0,0,212.0,76.0,19.0,0.2666666666666666,89.33333333333333,0,0
8.0,0,0,0,0,274.0,125.0,6.0,0.5333333333333333,78.66666666666667,0,0
9.0,4,1,1,1,60.0,101.0,10.0,0.6,64.0,1,1
3.0,3,1,1,1,60.0,49.0,3.0,0.2,80.0,1,1
5.0,0,0,1,0,30.0,101.0,7.0,0.3333333333333333,82.66666666666667,1,0
12.0,2,0,2,0,60.0,70.0,14.0,0.8,60.0,1,1
1.0,0,0,0,0,188.0,128.0,4.0,0.0666666666666666,97.33333333333331,0,0
1.0,0,0,0,0,186.0,62.0,3.0,0.0666666666666666,97.33333333333331,0,0
4.0,1,1,0,0,120.0,113.0,4.0,0.2666666666666666,87.33333333333333,1,0
4.0,1,0,0,0,276.0,107.0,4.0,0.2666666666666666,89.33333333333333,0,0
9.0,4,2,0,1,0.0,39.0,5.0,0.6,66.0,1,1
3.0,0,0,0,0,246.0,121.0,11.0,0.2,92.0,0,0
2.0,2,1,0,0,30.0,68.0,25.0,0.1333333333333333,92.66666666666669,1,0
7.0,1,2,0,0,120.0,59.0,23.0,0.4666666666666667,77.33333333333333,1,0
3.0,1,0,0,0,335.0,134.0,15.0,0.2,92.0,0,0
3.0,3,2,1,0,0.0,34.0,5.0,0.2,84.0,1,0
8.0,0,0,0,0,259.0,137.0,14.0,0.5333333333333333,78.66666666666667,0,0
8.0,3,2,0,1,0.0,39.0,20.0,0.5333333333333333,68.66666666666667,1,1
2.0,2,1,0,0,0.0,119.0,15.0,0.1333333333333333,92.66666666666669,1,0
2.0,2,1,0,0,150.0,88.0,2.0,0.1333333333333333,92.66666666666669,1,0
2.0,0,1,0,0,120.0,60.0,1.0,0.1333333333333333,92.66666666666669,1,0
2.0,0,0,0,0,295.0,105.0,19.0,0.1333333333333333,94.66666666666669,0,0
8.0,1,1,0,0,120.0,99.0,24.0,0.5333333333333333,76.66666666666667,1,0
4.0,2,1,0,0,30.0,69.0,24.0,0.2666666666666666,87.33333333333333,1,0
11.0,5,2,2,1,0.0,79.0,5.0,0.7333333333333333,52.66666666666667,1,1
7.0,1,0,0,0,185.0,61.0,14.0,0.4666666666666667,81.33333333333333,0,0
2.0,0,0,0,0,298.0,56.0,12.0,0.1333333333333333,94.66666666666669,0,0
0.0,0,0,0,0,265.0,134.0,7.0,0.0,100.0,0,0
8.0,0,0,0,0,226.0,83.0,23.0,0.5333333333333333,78.66666666666667,0,0
12.0,4,3,1,0,0.0,19.0,10.0,0.8,58.0,1,1
4.0,0,0,0,0,220.0,60.0,23.0,0.2666666666666666,89.33333333333333,0,0
1.0,0,0,0,0,316.0,69.0,2.0,0.0666666666666666,97.33333333333331,0,0
7.0,1,0,0,0,261.0,83.0,10.0,0.4666666666666667,81.33333333333333,0,1
12.0,0,0,1,0,150.0,111.0,10.0,0.8,64.0,1,1
4.0,0,1,0,0,120.0,74.0,23.0,0.2666666666666666,87.33333333333333,1,0
0.0,0,0,0,0,310.0,132.0,23.0,0.0,100.0,0,0
0.0,1,0,0,0,214.0,69.0,14.0,0.0,100.0,0,0
4.0,2,0,0,1,30.0,53.0,8.0,0.2666666666666666,83.33333333333333,1,0
2.0,0,1,0,0,30.0,36.0,17.0,0.1333333333333333,92.66666666666669,1,0
3.0,2,0,0,1,120.0,44.0,17.0,0.2,86.0,1,0
1.0,0,0,0,0,295.0,98.0,17.0,0.0666666666666666,97.33333333333331,0,0
10.0,4,1,1,3,30.0,31.0,1.0,0.6666666666666666,49.33333333333334,1,1
3.0,2,1,0,0,0.0,41.0,20.0,0.2,90.0,1,1
6.0,1,0,0,1,90.0,94.0,1.0,0.4,78.0,1,0
1.0,1,0,0,0,228.0,64.0,9.0,0.0666666666666666,97.33333333333331,0,0
4.0,0,1,0,0,90.0,62.0,15.0,0.2666666666666666,87.33333333333333,1,0
3.0,0,0,0,1,60.0,86.0,19.0,0.2,86.0,1,0
4.0,1,1,0,0,90.0,117.0,5.0,0.2666666666666666,87.33333333333333,1,0
9.0,2,1,0,2,0.0,75.0,8.0,0.6,62.0,1,0
3.0,0,0,0,0,207.0,48.0,24.0,0.2,92.0,0,0
4.0,1,1,0,0,0.0,62.0,9.0,0.2666666666666666,87.33333333333333,1,0
7.0,3,2,2,0,60.0,28.0,19.0,0.4666666666666667,69.33333333333333,1,1
13.0,0,0,0,1,30.0,99.0,19.0,0.8666666666666667,59.33333333333333,1,1
6.0,1,0,2,0,0.0,73.0,22.0,0.4,76.0,1,1
11.0,6,2,1,2,0.0,32.0,10.0,0.7333333333333333,50.66666666666667,1,1
1.0,0,0,0,0,276.0,130.0,23.0,0.0666666666666666,97.33333333333331,0,0
13.0,2,0,1,1,0.0,51.0,17.0,0.8666666666666667,55.33333333333333,1,1
11.0,1,1,1,0,60.0,84.0,7.0,0.7333333333333333,64.66666666666667,1,1
3.0,1,2,0,0,90.0,98.0,7.0,0.2,88.0,1,0
8.0,0,0,0,0,201.0,71.0,12.0,0.5333333333333333,78.66666666666667,0,0
6.0,4,2,0,1,0.0,25.0,25.0,0.4,74.0,1,1
10.0,1,1,0,0,60.0,38.0,22.0,0.6666666666666666,71.33333333333334,1,0
0.0,0,0,0,0,343.0,112.0,4.0,0.0,100.0,0,0
3.0,0,0,0,0,307.0,105.0,16.0,0.2,92.0,0,0
7.0,3,1,0,1,60.0,82.0,2.0,0.4666666666666667,73.33333333333333,1,1
13.0,3,0,0,3,0.0,64.0,11.0,0.8666666666666667,47.33333333333333,1,1
4.0,0,0,0,0,313.0,123.0,9.0,0.2666666666666666,89.33333333333333,0,0
5.0,3,0,2,1,0.0,107.0,8.0,0.3333333333333333,72.66666666666667,1,1
11.0,3,1,0,3,30.0,28.0,18.0,0.7333333333333333,50.66666666666667,1,1
5.0,0,0,0,0,229.0,114.0,11.0,0.3333333333333333,86.66666666666667,0,0
7.0,0,0,0,0,190.0,117.0,4.0,0.4666666666666667,81.33333333333333,0,0
9.0,3,1,1,1,0.0,94.0,1.0,0.6,64.0,1,1
4.0,2,1,1,0,30.0,104.0,22.0,0.2666666666666666,83.33333333333333,1,0
2.0,0,0,0,0,232.0,122.0,18.0,0.1333333333333333,94.66666666666669,0,0
4.0,0,0,0,0,268.0,113.0,20.0,0.2666666666666666,89.33333333333333,0,0
0.0,1,0,0,0,186.0,77.0,12.0,0.0,100.0,0,0
7.0,0,0,0,0,314.0,132.0,12.0,0.4666666666666667,81.33333333333333,0,0
13.0,3,0,0,3,60.0,28.0,19.0,0.8666666666666667,47.33333333333333,1,1
2.0,1,0,0,0,248.0,100.0,22.0,0.1333333333333333,94.66666666666669,0,0
3.0,3,1,0,1,60.0,88.0,22.0,0.2,84.0,1,0
8.0,0,0,0,0,235.0,98.0,6.0,0.5333333333333333,78.66666666666667,0,0
2.0,0,0,0,0,242.0,50.0,19.0,0.1333333333333333,94.66666666666669,0,0
0.0,0,0,0,0,322.0,93.0,11.0,0.0,100.0,0,0
11.0,4,0,3,1,0.0,13.0,5.0,0.7333333333333333,52.66666666666667,1,1
4.0,0,0,0,0,203.0,97.0,13.0,0.2666666666666666,89.33333333333333,0,0
1.0,0,0,0,0,280.0,52.0,5.0,0.0666666666666666,97.33333333333331,0,0
3.0,1,0,0,1,60.0,56.0,19.0,0.2,86.0,1,0
8.0,0,1,0,0,0.0,101.0,5.0,0.5333333333333333,76.66666666666667,1,0
2.0,0,0,0,0,233.0,94.0,21.0,0.1333333333333333,94.66666666666669,0,1
3.0,0,0,0,0,218.0,45.0,22.0,0.2,92.0,0,0
3.0,0,0,0,0,334.0,128.0,11.0,0.2,92.0,0,0
0.0,0,0,0,0,289.0,138.0,4.0,0.0,100.0,0,0
3.0,0,0,0,0,280.0,91.0,19.0,0.2,92.0,0,0
2.0,0,0,0,0,259.0,97.0,17.0,0.1333333333333333,94.66666666666669,0,0
11.0,4,1,2,0,0.0,115.0,1.0,0.7333333333333333,60.66666666666667,1,1
6.0,4,3,0,0,60.0,72.0,19.0,0.4,78.0,1,0
7.0,0,0,0,0,226.0,109.0,14.0,0.4666666666666667,81.33333333333333,0,0
6.0,2,1,1,0,30.0,84.0,2.0,0.4,78.0,1,1
10.0,2,1,1,1,0.0,58.0,16.0,0.6666666666666666,61.33333333333334,1,1
12.0,4,2,1,0,60.0,28.0,22.0,0.8,60.0,1,0
0.0,0,0,0,0,309.0,106.0,4.0,0.0,100.0,0,0
2.0,1,0,0,0,213.0,68.0,4.0,0.1333333333333333,94.66666666666669,0,0
8.0,0,0,0,0,239.0,130.0,21.0,0.5333333333333333,78.66666666666667,0,0
3.0,1,1,0,0,60.0,43.0,19.0,0.2,90.0,1,0
1.0,0,0,0,0,327.0,93.0,1.0,0.0666666666666666,97.33333333333331,0,0
12.0,1,0,1,0,30.0,43.0,5.0,0.8,64.0,1,1
3.0,1,1,0,0,30.0,60.0,18.0,0.2,90.0,1,0
6.0,4,4,0,1,0.0,13.0,7.0,0.4,70.0,1,1
12.0,2,1,2,0,60.0,23.0,13.0,0.8,58.0,1,1
8.0,2,0,1,1,60.0,84.0,19.0,0.5333333333333333,68.66666666666667,1,1
4.0,0,0,0,0,200.0,122.0,6.0,0.2666666666666666,89.33333333333333,0,0
1.0,0,1,0,0,150.0,44.0,21.0,0.0666666666666666,95.33333333333331,1,0
6.0,1,0,0,1,30.0,93.0,18.0,0.4,78.0,1,0
4.0,1,0,0,0,206.0,92.0,25.0,0.2666666666666666,89.33333333333333,0,0
10.0,2,0,2,0,60.0,30.0,2.0,0.6666666666666666,65.33333333333334,1,1
0.0,0,0,0,0,340.0,46.0,13.0,0.0,100.0,0,0
8.0,0,0,0,0,304.0,71.0,18.0,0.5333333333333333,78.66666666666667,0,0
11.0,2,1,0,2,0.0,23.0,22.0,0.7333333333333333,56.66666666666667,1,1
13.0,3,0,1,2,30.0,69.0,24.0,0.8666666666666667,49.33333333333333,1,1
2.0,1,2,0,0,30.0,58.0,22.0,0.1333333333333333,90.66666666666669,1,0
6.0,1,0,1,1,0.0,95.0,16.0,0.4,74.0,1,1
9.0,1,2,0,0,30.0,59.0,12.0,0.6,72.0,1,0
2.0,0,0,0,0,350.0,128.0,11.0,0.1333333333333333,94.66666666666669,0,0
0.0,0,0,0,0,310.0,78.0,4.0,0.0,100.0,0,0
3.0,0,0,0,0,260.0,110.0,6.0,0.2,92.0,0,0
8.0,0,0,0,0,238.0,46.0,8.0,0.5333333333333333,78.66666666666667,0,0
10.0,3,0,0,3,0.0,86.0,7.0,0.6666666666666666,55.33333333333334,1,1
2.0,0,0,0,0,224.0,132.0,5.0,0.1333333333333333,94.66666666666669,0,0
3.0,0,0,0,0,325.0,94.0,17.0,0.2,92.0,0,0
4.0,1,1,0,0,150.0,109.0,4.0,0.2666666666666666,87.33333333333333,1,0
2.0,1,0,0,0,182.0,96.0,3.0,0.1333333333333333,94.66666666666669,0,0
1.0,0,0,0,0,301.0,76.0,10.0,0.0666666666666666,97.33333333333331,0,0
3.0,1,0,0,0,215.0,52.0,12.0,0.2,92.0,0,0
1.0,0,0,0,0,183.0,83.0,24.0,0.0666666666666666,97.33333333333331,0,0
3.0,0,0,0,0,247.0,75.0,4.0,0.2,92.0,0,0
4.0,1,0,1,0,60.0,48.0,21.0,0.2666666666666666,85.33333333333333,1,0
5.0,0,0,1,0,0.0,102.0,22.0,0.3333333333333333,82.66666666666667,1,0
8.0,3,2,0,0,0.0,103.0,22.0,0.5333333333333333,74.66666666666667,1,0
3.0,0,0,0,0,287.0,61.0,4.0,0.2,92.0,0,0
0.0,1,1,0,0,90.0,76.0,15.0,0.0,98.0,1,0
7.0,1,0,0,0,352.0,52.0,25.0,0.4666666666666667,81.33333333333333,0,0
11.0,2,1,2,0,0.0,91.0,5.0,0.7333333333333333,60.66666666666667,1,1
8.0,0,0,0,0,298.0,99.0,17.0,0.5333333333333333,78.66666666666667,0,0
4.0,0,0,0,0,249.0,131.0,6.0,0.2666666666666666,89.33333333333333,0,0
5.0,2,1,1,0,120.0,98.0,5.0,0.3333333333333333,80.66666666666667,1,0
13.0,2,1,0,1,0.0,111.0,6.0,0.8666666666666667,57.33333333333333,1,1
2.0,0,0,0,0,186.0,59.0,6.0,0.1333333333333333,94.66666666666669,0,0
10.0,2,0,2,0,30.0,94.0,20.0,0.6666666666666666,65.33333333333334,1,1
3.0,0,0,0,0,332.0,107.0,5.0,0.2,92.0,0,0
7.0,0,0,0,0,353.0,109.0,15.0,0.4666666666666667,81.33333333333333,0,0
6.0,3,1,0,1,60.0,56.0,3.0,0.4,76.0,1,1
3.0,2,1,1,0,30.0,77.0,2.0,0.2,86.0,1,0
3.0,2,1,0,1,0.0,90.0,9.0,0.2,84.0,1,1
0.0,2,1,0,0,0.0,105.0,12.0,0.0,98.0,1,0
3.0,1,1,0,0,120.0,58.0,8.0,0.2,90.0,1,0
8.0,2,0,3,0,30.0,62.0,16.0,0.5333333333333333,66.66666666666667,1,1
3.0,2,0,1,0,90.0,62.0,6.0,0.2,88.0,1,0
1.0,3,2,0,0,30.0,83.0,21.0,0.0666666666666666,93.33333333333331,1,0
3.0,2,1,0,0,0.0,45.0,19.0,0.2,90.0,1,0
0.0,0,0,0,0,236.0,64.0,12.0,0.0,100.0,0,0
3.0,1,1,0,0,150.0,66.0,13.0,0.2,90.0,1,1
4.0,0,1,0,0,0.0,116.0,2.0,0.2666666666666666,87.33333333333333,1,0
4.0,1,1,0,0,0.0,125.0,9.0,0.2666666666666666,87.33333333333333,1,0
6.0,2,0,2,0,60.0,53.0,10.0,0.4,76.0,1,1
1.0,2,1,0,0,30.0,114.0,15.0,0.0666666666666666,95.33333333333331,1,0
14.0,3,1,2,1,0.0,54.0,23.0,0.9333333333333332,46.66666666666666,1,0
1.0,1,0,0,0,349.0,122.0,23.0,0.0666666666666666,97.33333333333331,0,0
12.0,2,0,1,0,150.0,78.0,18.0,0.8,64.0,1,1
1.0,0,0,0,0,290.0,82.0,6.0,0.0666666666666666,97.33333333333331,0,0
3.0,0,0,0,0,278.0,69.0,23.0,0.2,92.0,0,0
2.0,0,0,0,0,295.0,102.0,22.0,0.1333333333333333,94.66666666666669,0,0
4.0,0,0,0,0,185.0,47.0,12.0,0.2666666666666666,89.33333333333333,0,0
0.0,0,1,0,0,30.0,109.0,11.0,0.0,98.0,1,0
3.0,0,0,0,0,261.0,134.0,7.0,0.2,92.0,0,0
1.0,0,0,0,0,207.0,117.0,5.0,0.0666666666666666,97.33333333333331,0,0
10.0,2,0,1,0,30.0,52.0,14.0,0.6666666666666666,69.33333333333334,1,1
10.0,2,3,0,0,0.0,80.0,3.0,0.6666666666666666,67.33333333333334,1,1
3.0,1,0,0,0,187.0,103.0,25.0,0.2,92.0,0,0
8.0,1,0,1,0,120.0,38.0,8.0,0.5333333333333333,74.66666666666667,1,0
4.0,2,0,2,0,0.0,72.0,1.0,0.2666666666666666,81.33333333333333,1,0
10.0,1,0,0,2,0.0,94.0,9.0,0.6666666666666666,61.33333333333334,1,1
4.0,0,0,0,0,242.0,135.0,10.0,0.2666666666666666,89.33333333333333,0,0
8.0,0,0,0,0,215.0,67.0,20.0,0.5333333333333333,78.66666666666667,0,0
0.0,1,0,0,0,202.0,61.0,18.0,0.0,100.0,0,0
4.0,1,1,0,0,0.0,75.0,11.0,0.2666666666666666,87.33333333333333,1,0
0.0,0,0,0,0,270.0,138.0,13.0,0.0,100.0,0,0
7.0,1,0,1,0,60.0,64.0,3.0,0.4666666666666667,77.33333333333333,1,0
8.0,2,0,1,0,0.0,36.0,9.0,0.5333333333333333,74.66666666666667,1,0
3.0,1,0,0,0,323.0,75.0,12.0,0.2,92.0,0,0
8.0,0,0,0,0,251.0,108.0,22.0,0.5333333333333333,78.66666666666667,0,0
8.0,1,0,0,1,30.0,84.0,20.0,0.5333333333333333,72.66666666666667,1,1
0.0,1,1,0,0,90.0,100.0,24.0,0.0,98.0,1,0
0.0,0,1,0,0,150.0,39.0,5.0,0.0,98.0,1,0
11.0,2,1,0,0,30.0,90.0,3.0,0.7333333333333333,68.66666666666667,1,1
7.0,1,1,0,0,90.0,35.0,4.0,0.4666666666666667,79.33333333333333,1,0
3.0,0,0,0,0,224.0,85.0,24.0,0.2,92.0,0,0
0.0,1,2,0,0,60.0,37.0,17.0,0.0,96.0,1,0
5.0,5,3,1,0,0.0,64.0,24.0,0.3333333333333333,76.66666666666667,1,1
6.0,2,1,0,1,90.0,88.0,14.0,0.4,76.0,1,1
1.0,0,0,0,0,266.0,69.0,1.0,0.0666666666666666,97.33333333333331,0,0
1.0,1,2,0,0,0.0,95.0,17.0,0.0666666666666666,93.33333333333331,1,0
0.0,0,0,0,0,272.0,100.0,16.0,0.0,100.0,0,0
3.0,0,0,0,0,284.0,109.0,25.0,0.2,92.0,0,0
0.0,1,0,0,1,0.0,76.0,9.0,0.0,94.0,1,0
3.0,2,1,0,0,90.0,31.0,23.0,0.2,90.0,1,0
7.0,0,0,1,0,30.0,61.0,20.0,0.4666666666666667,77.33333333333333,1,0
6.0,2,1,1,0,30.0,97.0,20.0,0.4,78.0,1,0
4.0,1,0,0,0,262.0,60.0,4.0,0.2666666666666666,89.33333333333333,0,0
6.0,1,1,0,0,150.0,115.0,18.0,0.4,82.0,1,0
12.0,4,1,1,1,90.0,34.0,23.0,0.8,56.0,1,1
4.0,1,0,0,0,358.0,52.0,8.0,0.2666666666666666,89.33333333333333,0,0
10.0,1,2,0,0,0.0,41.0,7.0,0.6666666666666666,69.33333333333334,1,1
5.0,0,0,0,0,344.0,91.0,20.0,0.3333333333333333,86.66666666666667,0,0
1.0,2,1,0,0,0.0,101.0,19.0,0.0666666666666666,95.33333333333331,1,0
11.0,1,0,0,1,30.0,110.0,20.0,0.7333333333333333,64.66666666666667,1,1
7.0,1,0,0,0,340.0,72.0,15.0,0.4666666666666667,81.33333333333333,0,0
12.0,1,0,1,0,60.0,41.0,10.0,0.8,64.0,1,1
10.0,2,0,0,3,60.0,102.0,5.0,0.6666666666666666,55.33333333333334,1,1
8.0,1,1,0,0,90.0,83.0,15.0,0.5333333333333333,76.66666666666667,1,0
1.0,1,1,0,0,150.0,84.0,4.0,0.0666666666666666,95.33333333333331,1,0
8.0,1,1,0,0,120.0,69.0,15.0,0.5333333333333333,76.66666666666667,1,0
0.0,1,0,0,0,181.0,108.0,1.0,0.0,100.0,0,0
14.0,3,0,1,2,0.0,35.0,24.0,0.9333333333333332,46.66666666666666,1,1
10.0,0,0,0,0,281.0,102.0,7.0,0.6666666666666666,73.33333333333334,0,0
8.0,2,0,0,1,60.0,109.0,24.0,0.5333333333333333,72.66666666666667,1,1
1.0,0,0,0,0,269.0,88.0,15.0,0.0666666666666666,97.33333333333331,0,0
3.0,2,0,1,0,90.0,77.0,12.0,0.2,88.0,1,0
12.0,5,0,4,1,0.0,93.0,7.0,0.8,46.0,1,1
3.0,2,1,0,0,150.0,49.0,10.0,0.2,90.0,1,0
8.0,1,0,0,0,345.0,69.0,11.0,0.5333333333333333,78.66666666666667,0,0
2.0,1,1,0,0,30.0,46.0,22.0,0.1333333333333333,92.66666666666669,1,0
3.0,0,0,0,0,207.0,48.0,22.0,0.2,92.0,0,0
4.0,1,1,0,0,120.0,31.0,6.0,0.2666666666666666,87.33333333333333,1,0
12.0,6,2,1,2,30.0,37.0,12.0,0.8,48.0,1,1
10.0,4,0,1,3,30.0,54.0,2.0,0.6666666666666666,51.33333333333334,1,1
12.0,2,1,0,1,30.0,49.0,18.0,0.8,60.0,1,1
4.0,0,0,0,0,257.0,112.0,25.0,0.2666666666666666,89.33333333333333,0,0
2.0,1,1,0,0,150.0,96.0,1.0,0.1333333333333333,92.66666666666669,1,0
8.0,3,2,0,0,0.0,30.0,21.0,0.5333333333333333,74.66666666666667,1,0
3.0,0,1,0,0,150.0,42.0,17.0,0.2,90.0,1,0
6.0,3,1,3,0,0.0,70.0,23.0,0.4,70.0,1,1
8.0,4,2,1,1,0.0,80.0,19.0,0.5333333333333333,64.66666666666667,1,1
2.0,0,0,0,0,318.0,75.0,6.0,0.1333333333333333,94.66666666666669,0,0
5.0,0,0,0,0,333.0,59.0,21.0,0.3333333333333333,86.66666666666667,0,0
6.0,1,0,0,0,324.0,120.0,14.0,0.4,84.0,0,0
4.0,0,0,0,0,360.0,82.0,8.0,0.2666666666666666,89.33333333333333,0,0
3.0,0,0,0,0,187.0,79.0,24.0,0.2,92.0,0,0
0.0,0,0,0,0,197.0,47.0,7.0,0.0,100.0,0,0
4.0,2,0,0,1,0.0,80.0,7.0,0.2666666666666666,83.33333333333333,1,0
10.0,2,0,2,0,30.0,52.0,9.0,0.6666666666666666,65.33333333333334,1,1
1.0,0,0,0,0,355.0,137.0,7.0,0.0666666666666666,97.33333333333331,0,0
3.0,0,0,0,0,225.0,110.0,9.0,0.2,92.0,0,0
8.0,2,0,1,1,0.0,100.0,19.0,0.5333333333333333,68.66666666666667,1,1
2.0,0,0,0,0,316.0,87.0,18.0,0.1333333333333333,94.66666666666669,0,0
0.0,0,1,0,0,150.0,107.0,15.0,0.0,98.0,1,0
3.0,0,0,0,0,215.0,99.0,16.0,0.2,92.0,0,0
11.0,2,1,0,1,90.0,49.0,9.0,0.7333333333333333,62.66666666666667,1,1
6.0,4,2,1,0,30.0,36.0,25.0,0.4,76.0,1,1
3.0,2,1,0,0,90.0,96.0,3.0,0.2,90.0,1,0
9.0,1,0,0,0,190.0,52.0,11.0,0.6,76.0,0,0
7.0,1,0,1,0,150.0,62.0,5.0,0.4666666666666667,77.33333333333333,1,0
8.0,2,0,2,0,30.0,103.0,9.0,0.5333333333333333,70.66666666666667,1,1
2.0,1,0,0,0,307.0,55.0,3.0,0.1333333333333333,94.66666666666669,0,0
3.0,1,1,0,0,150.0,51.0,3.0,0.2,90.0,1,0
7.0,1,0,1,0,150.0,89.0,13.0,0.4666666666666667,77.33333333333333,1,0
2.0,0,0,0,0,310.0,76.0,21.0,0.1333333333333333,94.66666666666669,0,0
6.0,1,0,1,0,0.0,99.0,10.0,0.4,80.0,1,0
7.0,0,0,0,0,296.0,49.0,13.0,0.4666666666666667,81.33333333333333,0,0
1.0,0,0,0,0,308.0,99.0,22.0,0.0666666666666666,97.33333333333331,0,0
6.0,1,0,1,0,90.0,114.0,16.0,0.4,80.0,1,0
10.0,1,1,0,0,120.0,48.0,16.0,0.6666666666666666,71.33333333333334,1,0
0.0,1,0,1,0,150.0,80.0,24.0,0.0,96.0,1,0
6.0,0,0,1,0,90.0,37.0,12.0,0.4,80.0,1,0
3.0,2,3,0,0,30.0,30.0,5.0,0.2,86.0,1,0
3.0,0,0,0,0,259.0,54.0,25.0,0.2,92.0,0,0
5.0,1,0,1,0,30.0,48.0,11.0,0.3333333333333333,82.66666666666667,1,0
0.0,0,0,0,0,270.0,51.0,25.0,0.0,100.0,0,0
10.0,4,2,1,2,0.0,10.0,6.0,0.6666666666666666,53.33333333333334,1,1
1.0,1,0,0,0,354.0,125.0,12.0,0.0666666666666666,97.33333333333331,0,0
0.0,1,1,0,0,90.0,38.0,12.0,0.0,98.0,1,0
10.0,5,1,2,1,0.0,80.0,2.0,0.6666666666666666,57.33333333333334,1,1
9.0,4,1,2,1,0.0,30.0,7.0,0.6,60.0,1,1
10.0,4,2,2,1,0.0,72.0,16.0,0.6666666666666666,55.33333333333334,1,1
7.0,2,2,0,1,30.0,16.0,3.0,0.4666666666666667,71.33333333333333,1,1
6.0,3,1,1,0,60.0,106.0,5.0,0.4,78.0,1,0
3.0,0,0,0,0,314.0,59.0,21.0,0.2,92.0,0,0
7.0,1,1,1,0,60.0,52.0,22.0,0.4666666666666667,75.33333333333333,1,1
8.0,3,2,1,1,0.0,70.0,23.0,0.5333333333333333,64.66666666666667,1,1
11.0,3,2,0,1,30.0,43.0,12.0,0.7333333333333333,60.66666666666667,1,1
4.0,2,0,1,0,120.0,84.0,17.0,0.2666666666666666,85.33333333333333,1,0
3.0,0,0,0,0,181.0,123.0,24.0,0.2,92.0,0,0
6.0,3,0,3,0,30.0,98.0,4.0,0.4,72.0,1,1
2.0,0,0,0,0,218.0,132.0,6.0,0.1333333333333333,94.66666666666669,0,0
10.0,3,1,1,0,30.0,86.0,9.0,0.6666666666666666,67.33333333333334,1,1
6.0,1,0,0,0,314.0,114.0,2.0,0.4,84.0,0,0
4.0,2,0,0,1,120.0,58.0,10.0,0.2666666666666666,83.33333333333333,1,0
3.0,0,0,0,0,192.0,52.0,19.0,0.2,92.0,0,0
10.0,2,1,1,0,30.0,49.0,3.0,0.6666666666666666,67.33333333333334,1,1
14.0,3,0,2,0,90.0,48.0,25.0,0.9333333333333332,54.66666666666666,1,1
0.0,1,0,0,0,221.0,85.0,21.0,0.0,100.0,0,0
0.0,1,0,0,0,352.0,119.0,21.0,0.0,100.0,0,0
3.0,1,0,1,0,150.0,30.0,6.0,0.2,88.0,1,0
4.0,0,0,0,0,263.0,69.0,10.0,0.2666666666666666,89.33333333333333,0,0
3.0,1,0,0,0,265.0,84.0,24.0,0.2,92.0,0,0
6.0,0,0,0,0,209.0,108.0,19.0,0.4,84.0,0,0
4.0,0,0,0,0,277.0,140.0,22.0,0.2666666666666666,89.33333333333333,0,0
6.0,2,0,1,1,60.0,21.0,25.0,0.4,74.0,1,1
5.0,0,0,0,0,348.0,105.0,14.0,0.3333333333333333,86.66666666666667,0,0
6.0,0,0,0,0,271.0,98.0,25.0,0.4,84.0,0,0
8.0,2,1,0,0,0.0,79.0,25.0,0.5333333333333333,76.66666666666667,1,0
3.0,0,0,0,0,357.0,121.0,8.0,0.2,92.0,0,0
1.0,0,0,0,0,346.0,80.0,8.0,0.0666666666666666,97.33333333333331,0,0
2.0,0,0,0,0,220.0,53.0,24.0,0.1333333333333333,94.66666666666669,0,0
1.0,0,0,0,0,282.0,85.0,25.0,0.0666666666666666,97.33333333333331,0,0
13.0,2,1,1,0,0.0,36.0,11.0,0.8666666666666667,59.33333333333333,1,0
4.0,0,0,0,0,270.0,115.0,13.0,0.2666666666666666,89.33333333333333,0,0
3.0,1,1,0,0,150.0,47.0,24.0,0.2,90.0,1,0
5.0,0,0,0,0,232.0,125.0,8.0,0.3333333333333333,86.66666666666667,0,0
2.0,1,0,0,0,289.0,137.0,17.0,0.1333333333333333,94.66666666666669,0,0
3.0,0,0,0,0,350.0,48.0,15.0,0.2,92.0,0,0
6.0,1,0,1,0,120.0,94.0,5.0,0.4,80.0,1,0
8.0,2,0,2,0,30.0,71.0,2.0,0.5333333333333333,70.66666666666667,1,1
11.0,4,1,1,3,0.0,88.0,18.0,0.7333333333333333,46.66666666666667,1,1
0.0,1,0,1,0,0.0,128.0,18.0,0.0,96.0,1,0
3.0,0,0,0,0,243.0,58.0,21.0,0.2,92.0,0,0
8.0,2,2,0,1,30.0,63.0,5.0,0.5333333333333333,68.66666666666667,1,1
4.0,0,0,0,0,353.0,95.0,16.0,0.2666666666666666,89.33333333333333,0,0
1.0,0,0,0,0,339.0,107.0,22.0,0.0666666666666666,97.33333333333331,0,0
3.0,1,1,0,0,0.0,84.0,22.0,0.2,90.0,1,0
5.0,2,2,0,0,0.0,59.0,4.0,0.3333333333333333,82.66666666666667,1,0
12.0,0,0,0,1,120.0,99.0,7.0,0.8,62.0,1,1
12.0,4,1,2,1,0.0,89.0,14.0,0.8,52.0,1,1
7.0,2,1,1,0,30.0,97.0,7.0,0.4666666666666667,75.33333333333333,1,1
11.0,2,0,1,1,30.0,112.0,9.0,0.7333333333333333,60.66666666666667,1,1
8.0,1,0,0,0,307.0,84.0,2.0,0.5333333333333333,78.66666666666667,0,0
8.0,4,2,1,1,0.0,77.0,8.0,0.5333333333333333,64.66666666666667,1,1
11.0,3,0,0,2,60.0,108.0,3.0,0.7333333333333333,58.66666666666667,1,1
4.0,0,0,0,0,205.0,48.0,6.0,0.2666666666666666,89.33333333333333,0,0
4.0,0,0,0,0,357.0,123.0,24.0,0.2666666666666666,89.33333333333333,0,0
1.0,3,2,0,0,90.0,30.0,6.0,0.0666666666666666,93.33333333333331,1,0
3.0,0,0,0,0,309.0,85.0,24.0,0.2,92.0,0,0
5.0,1,0,0,1,150.0,55.0,12.0,0.3333333333333333,80.66666666666667,1,1
6.0,3,1,1,0,0.0,96.0,22.0,0.4,78.0,1,1
4.0,1,0,0,0,231.0,58.0,6.0,0.2666666666666666,89.33333333333333,0,0
0.0,1,0,0,0,335.0,99.0,14.0,0.0,100.0,0,0
5.0,1,0,0,0,216.0,46.0,2.0,0.3333333333333333,86.66666666666667,0,0
8.0,1,1,0,0,60.0,45.0,23.0,0.5333333333333333,76.66666666666667,1,0
1.0,0,0,0,0,312.0,98.0,23.0,0.0666666666666666,97.33333333333331,0,0
5.0,1,0,1,0,120.0,33.0,14.0,0.3333333333333333,82.66666666666667,1,0
4.0,1,0,0,0,338.0,66.0,20.0,0.2666666666666666,89.33333333333333,0,0
14.0,5,0,1,3,30.0,64.0,21.0,0.9333333333333332,40.66666666666666,1,1
6.0,0,0,0,0,269.0,103.0,14.0,0.4,84.0,0,0
11.0,3,0,1,2,30.0,20.0,24.0,0.7333333333333333,54.66666666666667,1,1
12.0,2,0,2,0,0.0,42.0,4.0,0.8,60.0,1,1
7.0,1,0,0,0,285.0,103.0,13.0,0.4666666666666667,81.33333333333333,0,0
6.0,1,0,0,1,30.0,108.0,3.0,0.4,78.0,1,0
7.0,0,1,0,0,60.0,62.0,7.0,0.4666666666666667,79.33333333333333,1,0
3.0,0,0,0,0,213.0,49.0,10.0,0.2,92.0,0,0
3.0,0,0,0,0,248.0,127.0,7.0,0.2,92.0,0,0
12.0,3,2,1,0,30.0,88.0,8.0,0.8,60.0,1,1
4.0,0,0,0,1,60.0,37.0,9.0,0.2666666666666666,83.33333333333333,1,0
6.0,1,0,0,1,30.0,101.0,20.0,0.4,78.0,1,1
4.0,1,0,0,0,238.0,119.0,8.0,0.2666666666666666,89.33333333333333,0,0
2.0,0,0,0,0,210.0,101.0,16.0,0.1333333333333333,94.66666666666669,0,0
3.0,0,0,0,0,238.0,77.0,5.0,0.2,92.0,0,0
1.0,0,0,0,0,237.0,45.0,17.0,0.0666666666666666,97.33333333333331,0,0
1.0,0,0,0,0,355.0,106.0,23.0,0.0666666666666666,97.33333333333331,0,0
12.0,4,0,0,3,0.0,99.0,7.0,0.8,50.0,1,1
13.0,4,0,2,2,0.0,36.0,22.0,0.8666666666666667,45.33333333333333,1,1
6.0,1,1,0,0,90.0,79.0,2.0,0.4,82.0,1,0
4.0,0,0,0,0,207.0,132.0,17.0,0.2666666666666666,89.33333333333333,0,0
4.0,0,0,0,0,328.0,103.0,11.0,0.2666666666666666,89.33333333333333,0,0
0.0,1,0,0,0,211.0,75.0,19.0,0.0,100.0,0,0
11.0,3,0,0,2,90.0,73.0,20.0,0.7333333333333333,58.66666666666667,1,1
7.0,0,1,0,0,120.0,99.0,21.0,0.4666666666666667,79.33333333333333,1,0
7.0,1,0,0,0,330.0,141.0,21.0,0.4666666666666667,81.33333333333333,0,0
2.0,1,1,0,0,30.0,79.0,2.0,0.1333333333333333,92.66666666666669,1,0
8.0,3,1,2,0,0.0,91.0,8.0,0.5333333333333333,68.66666666666667,1,1
7.0,3,0,2,0,120.0,110.0,24.0,0.4666666666666667,73.33333333333333,1,1
1.0,0,0,0,0,318.0,99.0,11.0,0.0666666666666666,97.33333333333331,0,0
11.0,3,1,1,0,0.0,105.0,22.0,0.7333333333333333,64.66666666666667,1,1
8.0,0,0,0,0,283.0,99.0,25.0,0.5333333333333333,78.66666666666667,0,0
8.0,0,0,0,0,224.0,104.0,10.0,0.5333333333333333,78.66666666666667,0,0
11.0,5,3,2,1,0.0,10.0,13.0,0.7333333333333333,50.66666666666667,1,1
2.0,0,0,0,0,349.0,55.0,13.0,0.1333333333333333,94.66666666666669,0,0
3.0,0,0,0,0,336.0,54.0,18.0,0.2,92.0,0,0
2.0,0,0,0,0,215.0,49.0,9.0,0.1333333333333333,94.66666666666669,0,0
13.0,4,0,0,3,0.0,68.0,2.0,0.8666666666666667,47.33333333333333,1,1
4.0,1,1,0,0,30.0,110.0,11.0,0.2666666666666666,87.33333333333333,1,0
9.0,2,2,0,0,0.0,59.0,6.0,0.6,72.0,1,0
3.0,0,0,0,0,313.0,130.0,7.0,0.2,92.0,0,0
3.0,1,0,0,0,257.0,98.0,10.0,0.2,92.0,0,0
4.0,0,0,0,0,231.0,107.0,6.0,0.2666666666666666,89.33333333333333,0,0
4.0,0,0,0,0,331.0,119.0,18.0,0.2666666666666666,89.33333333333333,0,0
4.0,0,0,0,0,252.0,114.0,25.0,0.2666666666666666,89.33333333333333,0,0
7.0,2,2,1,0,30.0,25.0,4.0,0.4666666666666667,73.33333333333333,1,1
3.0,2,2,0,0,30.0,88.0,11.0,0.2,88.0,1,0
0.0,0,0,0,0,237.0,72.0,7.0,0.0,100.0,0,0
14.0,5,0,1,3,30.0,14.0,16.0,0.9333333333333332,40.66666666666666,1,1
0.0,0,0,0,0,267.0,73.0,10.0,0.0,100.0,0,0
7.0,0,1,0,0,60.0,67.0,11.0,0.4666666666666667,79.33333333333333,1,0
7.0,3,0,2,0,60.0,91.0,20.0,0.4666666666666667,73.33333333333333,1,1
7.0,2,1,1,0,30.0,83.0,1.0,0.4666666666666667,75.33333333333333,1,0
11.0,3,2,0,0,30.0,45.0,21.0,0.7333333333333333,66.66666666666667,1,1
8.0,1,0,0,0,347.0,57.0,16.0,0.5333333333333333,78.66666666666667,0,1
9.0,4,1,2,0,0.0,22.0,4.0,0.6,66.0,1,1
4.0,2,1,0,0,60.0,54.0,8.0,0.2666666666666666,87.33333333333333,1,0
7.0,0,0,0,0,211.0,91.0,3.0,0.4666666666666667,81.33333333333333,0,0
4.0,0,0,0,0,183.0,101.0,12.0,0.2666666666666666,89.33333333333333,0,0
2.0,2,1,0,0,0.0,67.0,25.0,0.1333333333333333,92.66666666666669,1,0
3.0,2,0,1,0,120.0,102.0,12.0,0.2,88.0,1,0
1.0,1,0,0,0,314.0,134.0,3.0,0.0666666666666666,97.33333333333331,0,0
10.0,3,1,1,2,0.0,92.0,12.0,0.6666666666666666,55.33333333333334,1,1
8.0,3,3,0,0,30.0,40.0,13.0,0.5333333333333333,72.66666666666667,1,1
3.0,0,0,0,0,258.0,61.0,15.0,0.2,92.0,0,0
12.0,0,0,0,1,120.0,83.0,13.0,0.8,62.0,1,1
6.0,3,1,0,1,30.0,40.0,21.0,0.4,76.0,1,1
5.0,1,1,0,0,150.0,64.0,25.0,0.3333333333333333,84.66666666666667,1,0
11.0,3,2,1,0,60.0,38.0,9.0,0.7333333333333333,62.66666666666667,1,1
2.0,0,0,0,0,199.0,126.0,5.0,0.1333333333333333,94.66666666666669,0,0
5.0,1,1,0,0,60.0,111.0,2.0,0.3333333333333333,84.66666666666667,1,0
4.0,0,0,0,0,214.0,92.0,3.0,0.2666666666666666,89.33333333333333,0,1
0.0,0,0,0,0,193.0,68.0,25.0,0.0,100.0,0,0
0.0,1,2,0,0,0.0,107.0,20.0,0.0,96.0,1,0
1.0,1,0,0,0,250.0,122.0,15.0,0.0666666666666666,97.33333333333331,0,0
8.0,2,0,0,1,0.0,112.0,19.0,0.5333333333333333,72.66666666666667,1,1
0.0,1,0,0,0,250.0,63.0,15.0,0.0,100.0,0,0
5.0,2,2,0,0,0.0,82.0,10.0,0.3333333333333333,82.66666666666667,1,0
4.0,0,0,0,0,354.0,62.0,23.0,0.2666666666666666,89.33333333333333,0,0
1.0,0,0,0,0,256.0,80.0,25.0,0.0666666666666666,97.33333333333331,0,0
4.0,1,0,1,0,60.0,50.0,12.0,0.2666666666666666,85.33333333333333,1,0
4.0,0,0,0,0,254.0,60.0,11.0,0.2666666666666666,89.33333333333333,0,0
14.0,1,1,0,1,0.0,109.0,21.0,0.9333333333333332,54.66666666666666,1,1
4.0,1,0,1,0,0.0,71.0,5.0,0.2666666666666666,85.33333333333333,1,0
2.0,1,0,0,0,257.0,135.0,25.0,0.1333333333333333,94.66666666666669,0,0
14.0,0,0,1,0,0.0,70.0,5.0,0.9333333333333332,58.66666666666666,1,1
4.0,0,0,0,0,237.0,49.0,16.0,0.2666666666666666,89.33333333333333,0,0
4.0,0,0,0,0,228.0,51.0,4.0,0.2666666666666666,89.33333333333333,0,0
3.0,0,0,0,0,337.0,123.0,11.0,0.2,92.0,0,0
5.0,1,1,0,0,60.0,35.0,1.0,0.3333333333333333,84.66666666666667,1,0
14.0,1,0,0,1,60.0,60.0,14.0,0.9333333333333332,56.66666666666666,1,1
11.0,5,0,1,3,0.0,11.0,22.0,0.7333333333333333,48.66666666666667,1,1
2.0,0,0,0,0,261.0,123.0,25.0,0.1333333333333333,94.66666666666669,0,0
7.0,1,1,0,0,90.0,58.0,4.0,0.4666666666666667,79.33333333333333,1,0
7.0,1,0,1,0,30.0,51.0,7.0,0.4666666666666667,77.33333333333333,1,0
4.0,2,2,0,0,60.0,89.0,17.0,0.2666666666666666,85.33333333333333,1,0
8.0,3,1,1,1,0.0,16.0,13.0,0.5333333333333333,66.66666666666667,1,1
3.0,0,0,0,0,192.0,49.0,8.0,0.2,92.0,0,0
6.0,0,0,0,1,90.0,32.0,2.0,0.4,78.0,1,1
5.0,0,0,1,0,0.0,42.0,6.0,0.3333333333333333,82.66666666666667,1,0
8.0,2,1,0,0,150.0,79.0,3.0,0.5333333333333333,76.66666666666667,1,0
0.0,0,0,0,0,216.0,107.0,14.0,0.0,100.0,0,0
10.0,2,0,1,1,30.0,35.0,15.0,0.6666666666666666,63.33333333333334,1,1
0.0,0,0,0,0,257.0,48.0,5.0,0.0,100.0,0,0
0.0,0,0,0,0,240.0,104.0,21.0,0.0,100.0,0,0
8.0,2,2,0,0,0.0,54.0,24.0,0.5333333333333333,74.66666666666667,1,0
0.0,1,0,0,0,274.0,90.0,24.0,0.0,100.0,0,0
9.0,0,1,0,0,30.0,55.0,4.0,0.6,74.0,1,0
5.0,2,0,0,1,120.0,105.0,13.0,0.3333333333333333,80.66666666666667,1,1
10.0,0,0,0,0,317.0,111.0,15.0,0.6666666666666666,73.33333333333334,0,0
6.0,3,3,0,0,30.0,24.0,23.0,0.4,78.0,1,1
1.0,0,0,0,0,189.0,64.0,21.0,0.0666666666666666,97.33333333333331,0,0
4.0,1,1,1,0,30.0,109.0,12.0,0.2666666666666666,83.33333333333333,1,0
4.0,2,1,1,0,0.0,58.0,5.0,0.2666666666666666,83.33333333333333,1,0
1.0,0,0,0,0,300.0,68.0,24.0,0.0666666666666666,97.33333333333331,0,0
3.0,0,1,0,0,30.0,58.0,10.0,0.2,90.0,1,0
8.0,0,0,0,0,249.0,102.0,21.0,0.5333333333333333,78.66666666666667,0,0
6.0,0,0,0,0,236.0,131.0,22.0,0.4,84.0,0,0
3.0,0,0,0,0,188.0,124.0,24.0,0.2,92.0,0,0
6.0,1,0,0,1,0.0,54.0,4.0,0.4,78.0,1,1
2.0,0,0,0,0,204.0,83.0,10.0,0.1333333333333333,94.66666666666669,0,1
8.0,0,0,0,0,334.0,65.0,5.0,0.5333333333333333,78.66666666666667,0,0
7.0,1,0,0,0,310.0,83.0,11.0,0.4666666666666667,81.33333333333333,0,0
14.0,2,0,1,1,30.0,82.0,5.0,0.9333333333333332,52.66666666666666,1,1
3.0,0,0,0,0,215.0,58.0,12.0,0.2,92.0,0,0
8.0,0,0,0,0,359.0,75.0,11.0,0.5333333333333333,78.66666666666667,0,0
5.0,0,0,0,0,266.0,75.0,19.0,0.3333333333333333,86.66666666666667,0,0
3.0,1,0,0,0,261.0,102.0,19.0,0.2,92.0,0,0
4.0,2,1,0,0,120.0,43.0,5.0,0.2666666666666666,87.33333333333333,1,0
8.0,2,0,0,2,30.0,32.0,16.0,0.5333333333333333,66.66666666666667,1,1
4.0,1,0,0,0,184.0,40.0,22.0,0.2666666666666666,89.33333333333333,0,0
3.0,0,0,0,0,283.0,59.0,22.0,0.2,92.0,0,0
4.0,0,0,0,0,219.0,109.0,21.0,0.2666666666666666,89.33333333333333,0,0
6.0,2,2,0,0,60.0,109.0,14.0,0.4,80.0,1,0
0.0,0,0,0,0,328.0,83.0,7.0,0.0,100.0,0,0
3.0,1,0,1,0,0.0,70.0,17.0,0.2,88.0,1,0
4.0,1,0,1,0,0.0,50.0,8.0,0.2666666666666666,85.33333333333333,1,0
10.0,5,2,1,1,0.0,12.0,15.0,0.6666666666666666,59.33333333333334,1,1
14.0,1,1,1,0,0.0,83.0,21.0,0.9333333333333332,56.66666666666666,1,1
4.0,1,1,0,0,120.0,76.0,23.0,0.2666666666666666,87.33333333333333,1,0
5.0,0,0,0,0,189.0,117.0,14.0,0.3333333333333333,86.66666666666667,0,1
0.0,1,1,0,0,30.0,77.0,15.0,0.0,98.0,1,0
4.0,2,1,0,0,0.0,95.0,25.0,0.2666666666666666,87.33333333333333,1,0
11.0,2,0,1,1,0.0,57.0,13.0,0.7333333333333333,60.66666666666667,1,1
2.0,1,0,0,0,351.0,83.0,6.0,0.1333333333333333,94.66666666666669,0,0
2.0,0,0,0,0,182.0,41.0,14.0,0.1333333333333333,94.66666666666669,0,0
14.0,2,0,2,0,30.0,35.0,8.0,0.9333333333333332,54.66666666666666,1,1
6.0,0,0,1,0,30.0,107.0,25.0,0.4,80.0,1,0
6.0,3,2,0,1,0.0,76.0,15.0,0.4,74.0,1,1
3.0,1,0,1,0,150.0,38.0,5.0,0.2,88.0,1,0
7.0,1,1,0,0,150.0,83.0,13.0,0.4666666666666667,79.33333333333333,1,1
4.0,0,0,0,0,250.0,133.0,19.0,0.2666666666666666,89.33333333333333,0,0
7.0,2,0,1,0,90.0,56.0,6.0,0.4666666666666667,77.33333333333333,1,0
5.0,0,0,0,0,307.0,87.0,3.0,0.3333333333333333,86.66666666666667,0,0
1.0,2,1,0,0,150.0,87.0,12.0,0.0666666666666666,95.33333333333331,1,0
6.0,0,0,0,0,279.0,87.0,2.0,0.4,84.0,0,0
2.0,0,0,0,0,255.0,84.0,14.0,0.1333333333333333,94.66666666666669,0,0
4.0,0,0,0,0,185.0,95.0,12.0,0.2666666666666666,89.33333333333333,0,0
1.0,0,0,0,0,355.0,76.0,10.0,0.0666666666666666,97.33333333333331,0,0
4.0,2,2,0,0,0.0,48.0,12.0,0.2666666666666666,85.33333333333333,1,0
3.0,1,0,0,0,227.0,88.0,19.0,0.2,92.0,0,0
6.0,1,0,1,0,120.0,33.0,14.0,0.4,80.0,1,0
7.0,2,1,0,0,90.0,36.0,20.0,0.4666666666666667,79.33333333333333,1,0
5.0,0,0,0,0,314.0,129.0,23.0,0.3333333333333333,86.66666666666667,0,0
8.0,1,0,1,0,0.0,73.0,6.0,0.5333333333333333,74.66666666666667,1,0
5.0,0,1,0,0,0.0,71.0,12.0,0.3333333333333333,84.66666666666667,1,0
8.0,0,0,0,0,282.0,127.0,7.0,0.5333333333333333,78.66666666666667,0,0
7.0,2,1,1,1,0.0,33.0,18.0,0.4666666666666667,69.33333333333333,1,1
6.0,1,0,0,0,272.0,70.0,17.0,0.4,84.0,0,0
7.0,1,0,1,0,60.0,75.0,10.0,0.4666666666666667,77.33333333333333,1,0
9.0,3,2,0,0,0.0,82.0,16.0,0.6,72.0,1,0
8.0,0,0,0,1,60.0,121.0,2.0,0.5333333333333333,72.66666666666667,1,1
0.0,1,0,0,0,317.0,121.0,5.0,0.0,100.0,0,0
9.0,3,1,0,1,0.0,61.0,12.0,0.6,68.0,1,1
7.0,0,0,0,0,222.0,109.0,2.0,0.4666666666666667,81.33333333333333,0,0
5.0,0,0,0,0,278.0,79.0,6.0,0.3333333333333333,86.66666666666667,0,0
4.0,2,0,1,0,150.0,115.0,18.0,0.2666666666666666,85.33333333333333,1,0
11.0,3,1,0,1,30.0,97.0,9.0,0.7333333333333333,62.66666666666667,1,1
12.0,3,1,0,1,60.0,82.0,16.0,0.8,60.0,1,1
7.0,1,1,0,0,0.0,122.0,7.0,0.4666666666666667,79.33333333333333,1,0
5.0,1,0,1,0,0.0,48.0,15.0,0.3333333333333333,82.66666666666667,1,0
0.0,0,0,0,0,352.0,140.0,3.0,0.0,100.0,0,0
6.0,1,1,1,0,60.0,46.0,15.0,0.4,78.0,1,0
1.0,1,1,0,0,60.0,98.0,1.0,0.0666666666666666,95.33333333333331,1,0
6.0,3,1,1,0,30.0,36.0,13.0,0.4,78.0,1,0
4.0,1,1,0,0,120.0,54.0,9.0,0.2666666666666666,87.33333333333333,1,0
11.0,1,0,1,1,0.0,100.0,22.0,0.7333333333333333,60.66666666666667,1,1
4.0,0,0,0,0,248.0,117.0,7.0,0.2666666666666666,89.33333333333333,0,0
1.0,0,0,0,0,347.0,110.0,7.0,0.0666666666666666,97.33333333333331,0,0
8.0,2,0,1,0,30.0,52.0,19.0,0.5333333333333333,74.66666666666667,1,0
5.0,2,3,0,0,0.0,76.0,18.0,0.3333333333333333,80.66666666666667,1,0
5.0,2,1,2,0,30.0,47.0,11.0,0.3333333333333333,76.66666666666667,1,1
11.0,2,1,2,0,0.0,19.0,6.0,0.7333333333333333,60.66666666666667,1,1
2.0,1,0,0,0,180.0,99.0,19.0,0.1333333333333333,94.66666666666669,0,0
10.0,2,0,0,3,30.0,92.0,9.0,0.6666666666666666,55.33333333333334,1,1
3.0,0,0,0,0,299.0,60.0,10.0,0.2,92.0,0,0
4.0,1,0,0,0,358.0,90.0,16.0,0.2666666666666666,89.33333333333333,0,0
10.0,3,0,0,2,60.0,99.0,8.0,0.6666666666666666,61.33333333333334,1,1
3.0,3,2,0,0,0.0,115.0,22.0,0.2,88.0,1,0
4.0,0,0,0,0,315.0,88.0,15.0,0.2666666666666666,89.33333333333333,0,0
7.0,4,2,0,2,0.0,26.0,5.0,0.4666666666666667,65.33333333333333,1,1
1.0,1,0,0,0,199.0,47.0,9.0,0.0666666666666666,97.33333333333331,0,0
7.0,5,2,1,1,30.0,26.0,23.0,0.4666666666666667,67.33333333333333,1,1
3.0,1,0,0,0,192.0,123.0,25.0,0.2,92.0,0,0
3.0,0,0,0,0,356.0,131.0,13.0,0.2,92.0,0,0
8.0,2,0,1,0,60.0,42.0,8.0,0.5333333333333333,74.66666666666667,1,0
9.0,2,2,0,0,30.0,102.0,16.0,0.6,72.0,1,0
4.0,0,1,0,0,30.0,98.0,21.0,0.2666666666666666,87.33333333333333,1,0
0.0,0,0,0,0,325.0,65.0,19.0,0.0,100.0,0,0
4.0,2,1,0,1,0.0,80.0,15.0,0.2666666666666666,81.33333333333333,1,1
4.0,0,0,0,0,331.0,76.0,4.0,0.2666666666666666,89.33333333333333,0,0
11.0,3,0,2,1,0.0,89.0,12.0,0.7333333333333333,56.66666666666667,1,1
3.0,0,0,0,0,196.0,82.0,20.0,0.2,92.0,0,0
3.0,0,0,0,0,243.0,134.0,25.0,0.2,92.0,0,0
0.0,0,1,0,0,30.0,53.0,7.0,0.0,98.0,1,0
3.0,0,0,0,0,224.0,131.0,9.0,0.2,92.0,0,0
5.0,1,1,0,0,60.0,95.0,13.0,0.3333333333333333,84.66666666666667,1,0
6.0,1,0,0,0,344.0,140.0,16.0,0.4,84.0,0,0
12.0,2,0,1,2,30.0,31.0,15.0,0.8,52.0,1,1
7.0,1,0,0,1,60.0,42.0,2.0,0.4666666666666667,75.33333333333333,1,1
0.0,0,0,0,0,212.0,113.0,20.0,0.0,100.0,0,0
0.0,0,0,0,0,289.0,64.0,24.0,0.0,100.0,0,0
1.0,0,0,0,0,258.0,128.0,8.0,0.0666666666666666,97.33333333333331,0,0
4.0,0,0,0,0,196.0,63.0,16.0,0.2666666666666666,89.33333333333333,0,0
10.0,0,1,0,0,30.0,59.0,23.0,0.6666666666666666,71.33333333333334,1,0
6.0,1,0,0,0,275.0,76.0,25.0,0.4,84.0,0,0
12.0,2,0,2,1,0.0,33.0,18.0,0.8,54.0,1,1
6.0,1,0,0,0,270.0,132.0,19.0,0.4,84.0,0,0
0.0,0,0,0,0,239.0,56.0,6.0,0.0,100.0,0,0
9.0,2,0,1,0,60.0,81.0,7.0,0.6,72.0,1,1
11.0,2,1,1,0,0.0,90.0,14.0,0.7333333333333333,64.66666666666667,1,1
2.0,2,1,0,0,0.0,43.0,11.0,0.1333333333333333,92.66666666666669,1,0
13.0,2,0,0,2,30.0,106.0,17.0,0.8666666666666667,53.33333333333333,1,1
0.0,0,0,0,0,228.0,70.0,16.0,0.0,100.0,0,0
1.0,0,0,0,0,350.0,106.0,13.0,0.0666666666666666,97.33333333333331,0,0
12.0,3,0,2,1,60.0,24.0,25.0,0.8,54.0,1,1
1.0,1,1,0,0,120.0,119.0,23.0,0.0666666666666666,95.33333333333331,1,0
2.0,0,0,0,0,296.0,77.0,16.0,0.1333333333333333,94.66666666666669,0,0
4.0,1,0,0,0,351.0,57.0,15.0,0.2666666666666666,89.33333333333333,0,0
2.0,0,0,0,0,180.0,101.0,20.0,0.1333333333333333,94.66666666666669,0,0
6.0,1,0,0,1,0.0,119.0,11.0,0.4,78.0,1,1
6.0,2,2,0,0,0.0,106.0,14.0,0.4,80.0,1,0
4.0,0,0,0,0,360.0,61.0,5.0,0.2666666666666666,89.33333333333333,0,0
6.0,3,1,2,0,60.0,88.0,6.0,0.4,74.0,1,1
2.0,0,0,0,0,312.0,110.0,21.0,0.1333333333333333,94.66666666666669,0,0
3.0,0,0,0,0,356.0,88.0,24.0,0.2,92.0,0,0
6.0,1,0,0,0,180.0,56.0,10.0,0.4,84.0,0,0
12.0,5,1,0,3,0.0,26.0,21.0,0.8,48.0,1,1
7.0,2,1,1,0,90.0,74.0,25.0,0.4666666666666667,75.33333333333333,1,1
14.0,2,0,2,1,0.0,26.0,16.0,0.9333333333333332,48.66666666666666,1,1
10.0,1,0,1,0,60.0,108.0,18.0,0.6666666666666666,69.33333333333334,1,0
1.0,0,0,0,0,235.0,87.0,25.0,0.0666666666666666,97.33333333333331,0,0
0.0,0,0,0,0,203.0,84.0,3.0,0.0,100.0,0,0
0.0,2,2,0,0,0.0,90.0,24.0,0.0,96.0,1,0
11.0,3,0,2,0,120.0,48.0,22.0,0.7333333333333333,62.66666666666667,1,1
4.0,0,0,0,0,248.0,101.0,4.0,0.2666666666666666,89.33333333333333,0,0
0.0,0,0,0,0,316.0,130.0,12.0,0.0,100.0,0,0
8.0,0,0,0,0,355.0,131.0,11.0,0.5333333333333333,78.66666666666667,0,0
6.0,3,2,1,0,0.0,57.0,9.0,0.4,76.0,1,1
0.0,0,0,0,0,256.0,114.0,25.0,0.0,100.0,0,0
0.0,2,1,0,0,120.0,115.0,12.0,0.0,98.0,1,0
1.0,0,0,0,0,358.0,71.0,12.0,0.0666666666666666,97.33333333333331,0,0
4.0,0,0,0,0,265.0,106.0,13.0,0.2666666666666666,89.33333333333333,0,0
7.0,0,0,0,0,227.0,119.0,17.0,0.4666666666666667,81.33333333333333,0,1
14.0,2,0,1,0,0.0,73.0,21.0,0.9333333333333332,58.66666666666666,1,1
5.0,3,1,1,0,60.0,69.0,11.0,0.3333333333333333,80.66666666666667,1,0
4.0,0,0,0,0,334.0,111.0,9.0,0.2666666666666666,89.33333333333333,0,0
8.0,2,0,1,1,0.0,47.0,14.0,0.5333333333333333,68.66666666666667,1,1
4.0,1,0,0,0,280.0,128.0,20.0,0.2666666666666666,89.33333333333333,0,0
6.0,2,0,0,2,60.0,111.0,5.0,0.4,72.0,1,1
0.0,3,2,0,0,30.0,107.0,13.0,0.0,96.0,1,0
11.0,1,1,0,0,30.0,103.0,24.0,0.7333333333333333,68.66666666666667,1,0
2.0,0,0,0,0,315.0,135.0,9.0,0.1333333333333333,94.66666666666669,0,0
8.0,2,0,0,1,60.0,67.0,16.0,0.5333333333333333,72.66666666666667,1,1
14.0,4,0,2,2,0.0,64.0,11.0,0.9333333333333332,42.66666666666666,1,1
12.0,2,1,0,0,150.0,112.0,6.0,0.8,66.0,1,1
8.0,2,1,0,1,120.0,99.0,4.0,0.5333333333333333,70.66666666666667,1,1
1.0,0,0,0,0,346.0,106.0,7.0,0.0666666666666666,97.33333333333331,0,0
6.0,2,1,1,0,30.0,36.0,12.0,0.4,78.0,1,1
12.0,4,1,0,4,0.0,68.0,19.0,0.8,42.0,1,1
0.0,0,0,0,0,218.0,130.0,25.0,0.0,100.0,0,0
8.0,2,1,1,0,60.0,29.0,16.0,0.5333333333333333,72.66666666666667,1,1
1.0,0,1,0,0,150.0,107.0,10.0,0.0666666666666666,95.33333333333331,1,0
10.0,3,1,1,1,90.0,71.0,22.0,0.6666666666666666,61.33333333333334,1,1
1.0,0,0,0,0,314.0,90.0,10.0,0.0666666666666666,97.33333333333331,0,0
4.0,0,0,0,0,204.0,101.0,8.0,0.2666666666666666,89.33333333333333,0,0
8.0,1,0,1,0,90.0,111.0,10.0,0.5333333333333333,74.66666666666667,1,0
0.0,0,0,0,0,246.0,114.0,21.0,0.0,100.0,0,0
7.0,0,0,0,0,339.0,102.0,17.0,0.4666666666666667,81.33333333333333,0,0
3.0,1,0,0,0,330.0,133.0,20.0,0.2,92.0,0,0
0.0,0,0,0,0,209.0,120.0,16.0,0.0,100.0,0,0
2.0,1,0,0,0,254.0,74.0,1.0,0.1333333333333333,94.66666666666669,0,0
2.0,0,0,0,0,268.0,140.0,7.0,0.1333333333333333,94.66666666666669,0,0
0.0,1,1,0,0,60.0,72.0,6.0,0.0,98.0,1,0
11.0,4,2,1,0,0.0,102.0,16.0,0.7333333333333333,62.66666666666667,1,1
8.0,0,0,0,0,203.0,71.0,7.0,0.5333333333333333,78.66666666666667,0,0
2.0,1,1,0,0,30.0,115.0,11.0,0.1333333333333333,92.66666666666669,1,0
6.0,2,1,0,0,60.0,96.0,7.0,0.4,82.0,1,0
2.0,1,0,1,0,60.0,69.0,9.0,0.1333333333333333,90.66666666666669,1,0
11.0,4,1,1,2,0.0,81.0,21.0,0.7333333333333333,52.66666666666667,1,1
1.0,1,0,0,0,340.0,138.0,2.0,0.0666666666666666,97.33333333333331,0,0
14.0,2,0,1,1,0.0,27.0,21.0,0.9333333333333332,52.66666666666666,1,1
3.0,1,1,0,0,150.0,81.0,4.0,0.2,90.0,1,0
7.0,0,1,0,0,60.0,104.0,14.0,0.4666666666666667,79.33333333333333,1,0
10.0,2,1,0,1,30.0,22.0,18.0,0.6666666666666666,65.33333333333334,1,1
4.0,2,1,0,0,150.0,70.0,5.0,0.2666666666666666,87.33333333333333,1,0
13.0,5,3,1,0,0.0,84.0,22.0,0.8666666666666667,55.33333333333333,1,1
5.0,0,0,0,0,352.0,132.0,23.0,0.3333333333333333,86.66666666666667,0,0
9.0,1,0,1,0,30.0,120.0,8.0,0.6,72.0,1,0
0.0,0,0,0,0,253.0,137.0,25.0,0.0,100.0,0,0
4.0,0,0,0,0,246.0,76.0,13.0,0.2666666666666666,89.33333333333333,0,0
5.0,0,0,0,0,277.0,107.0,24.0,0.3333333333333333,86.66666666666667,0,0
2.0,0,0,0,0,231.0,47.0,21.0,0.1333333333333333,94.66666666666669,0,0
1.0,0,0,0,0,353.0,90.0,25.0,0.0666666666666666,97.33333333333331,0,0
0.0,1,1,0,0,30.0,124.0,4.0,0.0,98.0,1,0
9.0,5,2,2,1,0.0,38.0,11.0,0.6,58.0,1,1
0.0,1,0,0,0,313.0,64.0,20.0,0.0,100.0,0,0
0.0,0,0,0,0,233.0,76.0,8.0,0.0,100.0,0,0
1.0,1,0,0,0,354.0,90.0,16.0,0.0666666666666666,97.33333333333331,0,0
2.0,0,0,0,0,297.0,84.0,19.0,0.1333333333333333,94.66666666666669,0,0
4.0,0,0,0,0,299.0,121.0,9.0,0.2666666666666666,89.33333333333333,0,0
7.0,1,1,0,0,120.0,76.0,22.0,0.4666666666666667,79.33333333333333,1,0
6.0,1,0,0,0,311.0,131.0,2.0,0.4,84.0,0,0
5.0,1,0,0,0,260.0,55.0,3.0,0.3333333333333333,86.66666666666667,0,0
4.0,1,1,0,0,150.0,55.0,23.0,0.2666666666666666,87.33333333333333,1,0
14.0,4,2,0,2,0.0,32.0,20.0,0.9333333333333332,46.66666666666666,1,1
3.0,0,0,0,0,329.0,103.0,1.0,0.2,92.0,0,0
10.0,3,1,1,0,0.0,90.0,9.0,0.6666666666666666,67.33333333333334,1,1
3.0,2,1,0,0,0.0,86.0,1.0,0.2,90.0,1,0
12.0,4,1,1,1,60.0,86.0,6.0,0.8,56.0,1,1
3.0,1,0,0,0,242.0,102.0,5.0,0.2,92.0,0,0
12.0,5,1,1,3,0.0,85.0,1.0,0.8,44.0,1,1
4.0,1,0,0,0,283.0,116.0,25.0,0.2666666666666666,89.33333333333333,0,0
2.0,0,1,0,0,90.0,100.0,16.0,0.1333333333333333,92.66666666666669,1,0
9.0,4,2,1,0,30.0,90.0,6.0,0.6,68.0,1,1
2.0,0,0,0,0,225.0,68.0,21.0,0.1333333333333333,94.66666666666669,0,0
2.0,0,0,0,0,216.0,73.0,22.0,0.1333333333333333,94.66666666666669,0,0
1.0,0,0,0,0,267.0,48.0,17.0,0.0666666666666666,97.33333333333331,0,0
10.0,1,0,1,1,0.0,49.0,25.0,0.6666666666666666,63.33333333333334,1,1
0.0,1,0,0,0,261.0,87.0,12.0,0.0,100.0,0,0
9.0,3,1,2,0,30.0,103.0,9.0,0.6,66.0,1,1
0.0,0,0,0,0,218.0,117.0,6.0,0.0,100.0,0,0
7.0,4,1,2,0,0.0,61.0,3.0,0.4666666666666667,71.33333333333333,1,1
1.0,0,0,0,0,300.0,103.0,6.0,0.0666666666666666,97.33333333333331,0,0
3.0,0,1,0,0,120.0,100.0,7.0,0.2,90.0,1,0
3.0,3,2,0,0,30.0,115.0,9.0,0.2,88.0,1,0
3.0,1,0,1,0,90.0,62.0,8.0,0.2,88.0,1,0
7.0,2,0,2,0,30.0,115.0,23.0,0.4666666666666667,73.33333333333333,1,1
10.0,2,1,0,1,0.0,67.0,19.0,0.6666666666666666,65.33333333333334,1,1
12.0,3,0,2,0,0.0,80.0,8.0,0.8,60.0,1,1
4.0,1,0,0,0,207.0,109.0,13.0,0.2666666666666666,89.33333333333333,0,0
3.0,0,0,0,0,310.0,81.0,23.0,0.2,92.0,0,0
5.0,0,1,0,0,30.0,96.0,4.0,0.3333333333333333,84.66666666666667,1,0
1.0,0,0,0,0,331.0,71.0,4.0,0.0666666666666666,97.33333333333331,0,0
4.0,0,0,0,0,312.0,116.0,23.0,0.2666666666666666,89.33333333333333,0,0
4.0,0,0,0,0,340.0,102.0,2.0,0.2666666666666666,89.33333333333333,0,0
2.0,1,0,0,0,285.0,112.0,13.0,0.1333333333333333,94.66666666666669,0,0
12.0,3,0,1,1,30.0,68.0,22.0,0.8,58.0,1,1
8.0,2,1,1,0,30.0,40.0,9.0,0.5333333333333333,72.66666666666667,1,1
6.0,3,1,0,2,0.0,28.0,6.0,0.4,70.0,1,1
0.0,2,1,0,0,60.0,56.0,1.0,0.0,98.0,1,0
3.0,0,0,0,0,329.0,128.0,16.0,0.2,92.0,0,0
8.0,0,0,0,0,324.0,130.0,2.0,0.5333333333333333,78.66666666666667,0,0
6.0,4,1,2,0,0.0,40.0,4.0,0.4,74.0,1,1
1.0,1,0,0,0,324.0,88.0,12.0,0.0666666666666666,97.33333333333331,0,0
7.0,1,0,0,0,187.0,107.0,4.0,0.4666666666666667,81.33333333333333,0,0
9.0,5,1,0,3,0.0,45.0,23.0,0.6,56.0,1,1
6.0,2,1,0,0,120.0,114.0,9.0,0.4,82.0,1,0
3.0,1,1,0,0,150.0,37.0,10.0,0.2,90.0,1,0
4.0,0,0,0,0,295.0,112.0,12.0,0.2666666666666666,89.33333333333333,0,0
4.0,0,0,0,0,290.0,124.0,14.0,0.2666666666666666,89.33333333333333,0,0
11.0,1,1,0,1,30.0,32.0,15.0,0.7333333333333333,62.66666666666667,1,1
2.0,0,0,0,0,348.0,79.0,20.0,0.1333333333333333,94.66666666666669,0,0
8.0,0,1,0,0,150.0,104.0,13.0,0.5333333333333333,76.66666666666667,1,0
6.0,1,1,0,0,0.0,119.0,6.0,0.4,82.0,1,0
1.0,0,0,0,0,208.0,119.0,23.0,0.0666666666666666,97.33333333333331,0,0
5.0,1,1,0,0,60.0,104.0,12.0,0.3333333333333333,84.66666666666667,1,0
4.0,0,1,0,0,0.0,56.0,1.0,0.2666666666666666,87.33333333333333,1,0
1.0,0,0,0,0,226.0,50.0,25.0,0.0666666666666666,97.33333333333331,0,0
14.0,3,0,0,4,60.0,75.0,25.0,0.9333333333333332,38.66666666666666,1,1
4.0,1,1,0,0,60.0,33.0,14.0,0.2666666666666666,87.33333333333333,1,0
0.0,1,2,0,0,120.0,44.0,3.0,0.0,96.0,1,0
7.0,3,3,0,1,30.0,94.0,4.0,0.4666666666666667,69.33333333333333,1,1
2.0,1,0,0,0,298.0,111.0,12.0,0.1333333333333333,94.66666666666669,0,0
6.0,2,1,1,0,0.0,34.0,8.0,0.4,78.0,1,0
13.0,4,0,3,0,0.0,57.0,13.0,0.8666666666666667,53.33333333333333,1,1
7.0,0,0,1,0,60.0,98.0,3.0,0.4666666666666667,77.33333333333333,1,0
3.0,0,0,0,0,234.0,137.0,20.0,0.2,92.0,0,0
5.0,2,1,0,0,60.0,79.0,5.0,0.3333333333333333,84.66666666666667,1,0
0.0,1,0,0,1,60.0,46.0,20.0,0.0,94.0,1,0
0.0,0,0,0,0,268.0,68.0,11.0,0.0,100.0,0,0
6.0,2,0,1,0,0.0,63.0,11.0,0.4,80.0,1,0
3.0,1,0,1,0,90.0,94.0,3.0,0.2,88.0,1,0
8.0,0,0,0,0,287.0,117.0,13.0,0.5333333333333333,78.66666666666667,0,0
2.0,1,0,0,0,286.0,103.0,2.0,0.1333333333333333,94.66666666666669,0,0
13.0,4,2,0,2,0.0,94.0,25.0,0.8666666666666667,49.33333333333333,1,1
3.0,1,0,0,0,295.0,103.0,9.0,0.2,92.0,0,0
8.0,0,1,0,0,90.0,49.0,19.0,0.5333333333333333,76.66666666666667,1,0
7.0,1,0,1,0,30.0,118.0,7.0,0.4666666666666667,77.33333333333333,1,0
3.0,2,1,0,0,30.0,66.0,10.0,0.2,90.0,1,0
4.0,0,0,1,0,120.0,86.0,17.0,0.2666666666666666,85.33333333333333,1,0
0.0,1,0,0,0,297.0,111.0,9.0,0.0,100.0,0,0
13.0,2,1,1,0,90.0,30.0,12.0,0.8666666666666667,59.33333333333333,1,1
2.0,1,0,1,0,30.0,119.0,15.0,0.1333333333333333,90.66666666666669,1,0
10.0,2,2,0,0,30.0,55.0,11.0,0.6666666666666666,69.33333333333334,1,1
12.0,3,0,1,1,120.0,25.0,10.0,0.8,58.0,1,1
4.0,0,0,0,0,327.0,99.0,21.0,0.2666666666666666,89.33333333333333,0,0
8.0,2,0,1,1,60.0,31.0,19.0,0.5333333333333333,68.66666666666667,1,1
2.0,1,1,0,0,150.0,48.0,2.0,0.1333333333333333,92.66666666666669,1,0
4.0,1,0,0,0,180.0,79.0,12.0,0.2666666666666666,89.33333333333333,0,0
11.0,4,1,1,1,30.0,34.0,21.0,0.7333333333333333,58.66666666666667,1,1
1.0,1,1,0,0,0.0,80.0,20.0,0.0666666666666666,95.33333333333331,1,0
0.0,0,0,0,0,218.0,112.0,1.0,0.0,100.0,0,0
12.0,3,1,1,1,0.0,69.0,12.0,0.8,56.0,1,1
10.0,5,0,0,4,0.0,87.0,25.0,0.6666666666666666,49.33333333333334,1,1
3.0,2,0,1,0,30.0,70.0,22.0,0.2,88.0,1,0
10.0,5,0,2,3,0.0,36.0,11.0,0.6666666666666666,47.33333333333334,1,1
4.0,0,0,0,0,214.0,69.0,21.0,0.2666666666666666,89.33333333333333,0,0
3.0,0,0,0,0,343.0,139.0,5.0,0.2,92.0,0,0
9.0,0,0,0,1,60.0,72.0,17.0,0.6,70.0,1,1
3.0,0,0,1,0,60.0,121.0,3.0,0.2,88.0,1,0
10.0,4,2,0,1,0.0,19.0,11.0,0.6666666666666666,63.33333333333334,1,1
7.0,0,0,0,0,249.0,85.0,3.0,0.4666666666666667,81.33333333333333,0,0
6.0,1,1,0,0,30.0,40.0,2.0,0.4,82.0,1,0
8.0,0,0,1,0,60.0,60.0,25.0,0.5333333333333333,74.66666666666667,1,0
7.0,1,1,0,0,90.0,77.0,14.0,0.4666666666666667,79.33333333333333,1,0
9.0,2,0,0,1,90.0,94.0,16.0,0.6,70.0,1,1
12.0,5,2,1,1,0.0,23.0,12.0,0.8,54.0,1,1
0.0,0,1,0,0,0.0,98.0,21.0,0.0,98.0,1,0
8.0,2,1,0,0,90.0,117.0,25.0,0.5333333333333333,76.66666666666667,1,0
5.0,1,0,1,1,0.0,38.0,17.0,0.3333333333333333,76.66666666666667,1,1
3.0,0,0,0,0,279.0,115.0,6.0,0.2,92.0,0,0
2.0,0,0,0,0,255.0,86.0,8.0,0.1333333333333333,94.66666666666669,0,0
11.0,2,0,2,0,30.0,81.0,13.0,0.7333333333333333,62.66666666666667,1,1
3.0,0,0,0,0,274.0,129.0,7.0,0.2,92.0,0,0
7.0,2,2,0,0,90.0,77.0,15.0,0.4666666666666667,77.33333333333333,1,0
2.0,2,1,1,0,0.0,62.0,9.0,0.1333333333333333,88.66666666666667,1,0
3.0,0,0,0,0,300.0,82.0,2.0,0.2,92.0,0,0
7.0,0,0,0,0,353.0,125.0,25.0,0.4666666666666667,81.33333333333333,0,0
2.0,0,0,0,0,357.0,78.0,15.0,0.1333333333333333,94.66666666666669,0,0
4.0,0,0,0,0,276.0,134.0,15.0,0.2666666666666666,89.33333333333333,0,0
4.0,0,0,0,0,294.0,118.0,14.0,0.2666666666666666,89.33333333333333,0,0
13.0,2,1,0,2,30.0,47.0,14.0,0.8666666666666667,51.33333333333333,1,1
1.0,0,0,0,0,294.0,119.0,24.0,0.0666666666666666,97.33333333333331,0,0
2.0,1,0,1,0,0.0,102.0,8.0,0.1333333333333333,90.66666666666669,1,0
1.0,1,0,0,0,348.0,90.0,6.0,0.0666666666666666,97.33333333333331,0,0
3.0,2,1,0,0,90.0,37.0,7.0,0.2,90.0,1,0
5.0,1,1,0,0,90.0,39.0,4.0,0.3333333333333333,84.66666666666667,1,0
4.0,1,0,0,0,316.0,70.0,14.0,0.2666666666666666,89.33333333333333,0,0
6.0,1,0,2,0,90.0,81.0,25.0,0.4,76.0,1,1
7.0,1,0,0,1,30.0,116.0,6.0,0.4666666666666667,75.33333333333333,1,1
2.0,2,2,0,0,0.0,22.0,6.0,0.1333333333333333,90.66666666666669,1,0
9.0,3,2,0,0,120.0,87.0,25.0,0.6,72.0,1,0
12.0,1,0,0,1,30.0,115.0,9.0,0.8,62.0,1,1
3.0,0,0,0,0,295.0,62.0,22.0,0.2,92.0,0,0
11.0,1,1,0,1,30.0,108.0,14.0,0.7333333333333333,62.66666666666667,1,1
3.0,0,1,0,0,30.0,36.0,21.0,0.2,90.0,1,0
2.0,0,0,0,0,226.0,133.0,24.0,0.1333333333333333,94.66666666666669,0,0
4.0,0,0,0,0,190.0,65.0,10.0,0.2666666666666666,89.33333333333333,0,0
0.0,1,1,0,0,60.0,68.0,22.0,0.0,98.0,1,0
3.0,0,0,0,0,241.0,90.0,7.0,0.2,92.0,0,1
10.0,2,0,1,1,60.0,25.0,4.0,0.6666666666666666,63.33333333333334,1,1
3.0,0,0,0,0,272.0,121.0,2.0,0.2,92.0,0,0
6.0,5,4,1,0,30.0,62.0,6.0,0.4,72.0,1,1
8.0,0,0,0,0,182.0,107.0,22.0,0.5333333333333333,78.66666666666667,0,0
3.0,1,0,1,0,150.0,55.0,6.0,0.2,88.0,1,0
10.0,3,1,1,1,60.0,87.0,14.0,0.6666666666666666,61.33333333333334,1,1
4.0,1,1,0,0,30.0,46.0,2.0,0.2666666666666666,87.33333333333333,1,0
3.0,1,0,0,0,191.0,68.0,17.0,0.2,92.0,0,0
4.0,1,0,0,0,290.0,71.0,17.0,0.2666666666666666,89.33333333333333,0,0
3.0,1,0,0,0,189.0,93.0,5.0,0.2,92.0,0,1
3.0,1,0,0,0,298.0,70.0,16.0,0.2,92.0,0,0
4.0,0,0,0,0,184.0,116.0,3.0,0.2666666666666666,89.33333333333333,0,0
12.0,6,2,2,1,0.0,40.0,2.0,0.8,50.0,1,1
10.0,2,1,1,1,60.0,87.0,14.0,0.6666666666666666,61.33333333333334,1,1
14.0,4,0,3,1,0.0,67.0,4.0,0.9333333333333332,44.66666666666666,1,1
9.0,1,0,1,0,120.0,32.0,10.0,0.6,72.0,1,0
5.0,0,0,0,0,243.0,91.0,2.0,0.3333333333333333,86.66666666666667,0,0
8.0,2,2,0,0,30.0,83.0,22.0,0.5333333333333333,74.66666666666667,1,0
12.0,3,1,1,1,0.0,30.0,5.0,0.8,56.0,1,1
3.0,2,1,1,0,60.0,90.0,23.0,0.2,86.0,1,0
12.0,1,1,1,0,90.0,21.0,2.0,0.8,62.0,1,1
2.0,1,0,0,0,236.0,111.0,23.0,0.1333333333333333,94.66666666666669,0,0
9.0,0,0,1,0,30.0,65.0,24.0,0.6,72.0,1,1
2.0,1,1,0,0,90.0,38.0,15.0,0.1333333333333333,92.66666666666669,1,0
9.0,5,3,2,0,0.0,50.0,14.0,0.6,62.0,1,1
13.0,4,0,2,2,60.0,20.0,14.0,0.8666666666666667,45.33333333333333,1,1
0.0,0,0,0,0,327.0,62.0,23.0,0.0,100.0,0,0
8.0,1,0,0,0,356.0,97.0,6.0,0.5333333333333333,78.66666666666667,0,0
5.0,1,1,0,0,30.0,63.0,2.0,0.3333333333333333,84.66666666666667,1,0
3.0,1,0,0,0,316.0,104.0,11.0,0.2,92.0,0,0
6.0,2,0,2,0,30.0,103.0,17.0,0.4,76.0,1,1
2.0,0,0,0,0,272.0,95.0,21.0,0.1333333333333333,94.66666666666669,0,0
6.0,3,1,1,1,30.0,72.0,7.0,0.4,72.0,1,1
4.0,1,1,0,0,150.0,48.0,15.0,0.2666666666666666,87.33333333333333,1,0
6.0,4,2,2,0,0.0,22.0,17.0,0.4,72.0,1,1
3.0,0,0,0,0,278.0,64.0,2.0,0.2,92.0,0,0
4.0,0,0,0,0,304.0,97.0,19.0,0.2666666666666666,89.33333333333333,0,0
3.0,0,0,0,0,262.0,50.0,15.0,0.2,92.0,0,0
6.0,3,1,1,0,60.0,95.0,3.0,0.4,78.0,1,0
1.0,0,1,0,0,30.0,34.0,21.0,0.0666666666666666,95.33333333333331,1,0
6.0,1,1,0,0,60.0,102.0,8.0,0.4,82.0,1,0
4.0,2,0,1,0,30.0,57.0,12.0,0.2666666666666666,85.33333333333333,1,0
5.0,2,1,0,1,0.0,65.0,16.0,0.3333333333333333,78.66666666666667,1,1
2.0,0,0,0,0,235.0,131.0,4.0,0.1333333333333333,94.66666666666669,0,0
5.0,1,0,0,0,316.0,55.0,5.0,0.3333333333333333,86.66666666666667,0,0
5.0,2,1,0,0,150.0,94.0,8.0,0.3333333333333333,84.66666666666667,1,0
3.0,0,1,0,0,60.0,103.0,3.0,0.2,90.0,1,0
3.0,0,0,0,0,186.0,123.0,9.0,0.2,92.0,0,0
4.0,2,1,0,0,120.0,65.0,9.0,0.2666666666666666,87.33333333333333,1,0
3.0,0,0,1,0,150.0,64.0,17.0,0.2,88.0,1,0
7.0,1,0,0,0,211.0,84.0,3.0,0.4666666666666667,81.33333333333333,0,0
9.0,1,1,1,0,0.0,57.0,14.0,0.6,70.0,1,1
10.0,4,0,2,1,0.0,82.0,22.0,0.6666666666666666,59.33333333333334,1,1
4.0,0,0,0,0,251.0,108.0,7.0,0.2666666666666666,89.33333333333333,0,0
2.0,0,0,0,0,246.0,116.0,21.0,0.1333333333333333,94.66666666666669,0,0
2.0,0,0,0,0,261.0,62.0,25.0,0.1333333333333333,94.66666666666669,0,0
4.0,0,1,0,0,90.0,67.0,22.0,0.2666666666666666,87.33333333333333,1,0
1.0,1,2,0,0,60.0,25.0,9.0,0.0666666666666666,93.33333333333331,1,0
3.0,2,1,0,0,120.0,71.0,5.0,0.2,90.0,1,0
4.0,2,2,0,0,30.0,101.0,14.0,0.2666666666666666,85.33333333333333,1,1
3.0,3,3,0,0,60.0,95.0,13.0,0.2,86.0,1,0
8.0,0,1,0,0,0.0,110.0,13.0,0.5333333333333333,76.66666666666667,1,0
1.0,0,0,0,0,349.0,87.0,21.0,0.0666666666666666,97.33333333333331,0,0
4.0,1,1,0,0,0.0,112.0,20.0,0.2666666666666666,87.33333333333333,1,0
2.0,0,0,0,0,354.0,103.0,22.0,0.1333333333333333,94.66666666666669,0,0
4.0,0,1,0,0,120.0,113.0,16.0,0.2666666666666666,87.33333333333333,1,0
5.0,0,0,0,0,188.0,116.0,3.0,0.3333333333333333,86.66666666666667,0,0
2.0,0,0,0,0,319.0,62.0,17.0,0.1333333333333333,94.66666666666669,0,0
7.0,0,0,0,0,244.0,93.0,9.0,0.4666666666666667,81.33333333333333,0,0
7.0,1,0,0,1,0.0,82.0,20.0,0.4666666666666667,75.33333333333333,1,1
3.0,2,2,0,0,0.0,61.0,16.0,0.2,88.0,1,0
3.0,1,0,0,0,304.0,62.0,22.0,0.2,92.0,0,0
4.0,0,0,0,0,330.0,66.0,13.0,0.2666666666666666,89.33333333333333,0,0
12.0,3,2,0,1,0.0,102.0,18.0,0.8,58.0,1,1
7.0,3,2,0,0,0.0,23.0,16.0,0.4666666666666667,77.33333333333333,1,0
1.0,0,0,0,0,244.0,107.0,1.0,0.0666666666666666,97.33333333333331,0,0
9.0,1,1,0,0,90.0,56.0,25.0,0.6,74.0,1,0
7.0,2,1,0,0,90.0,92.0,15.0,0.4666666666666667,79.33333333333333,1,0
2.0,0,0,0,0,201.0,58.0,12.0,0.1333333333333333,94.66666666666669,0,0
7.0,1,1,0,0,90.0,79.0,8.0,0.4666666666666667,79.33333333333333,1,0
5.0,0,0,0,1,90.0,39.0,8.0,0.3333333333333333,80.66666666666667,1,0
1.0,0,0,0,0,209.0,41.0,23.0,0.0666666666666666,97.33333333333331,0,0
1.0,1,0,0,0,330.0,66.0,9.0,0.0666666666666666,97.33333333333331,0,0
5.0,0,0,0,0,183.0,74.0,5.0,0.3333333333333333,86.66666666666667,0,0
4.0,0,0,0,0,333.0,79.0,19.0,0.2666666666666666,89.33333333333333,0,0
10.0,1,0,1,0,60.0,99.0,17.0,0.6666666666666666,69.33333333333334,1,0
1.0,0,0,0,0,202.0,84.0,23.0,0.0666666666666666,97.33333333333331,0,0
11.0,4,0,1,2,0.0,50.0,21.0,0.7333333333333333,54.66666666666667,1,1
5.0,1,0,1,0,90.0,47.0,3.0,0.3333333333333333,82.66666666666667,1,0
4.0,1,1,0,0,0.0,39.0,8.0,0.2666666666666666,87.33333333333333,1,0
10.0,3,0,2,1,30.0,24.0,15.0,0.6666666666666666,59.33333333333334,1,1
0.0,0,0,0,0,326.0,68.0,9.0,0.0,100.0,0,0
5.0,3,0,2,1,0.0,59.0,7.0,0.3333333333333333,72.66666666666667,1,1
6.0,0,0,0,0,246.0,134.0,3.0,0.4,84.0,0,0
6.0,3,0,2,0,90.0,42.0,17.0,0.4,76.0,1,1
4.0,1,0,0,0,291.0,110.0,4.0,0.2666666666666666,89.33333333333333,0,0
2.0,0,0,0,1,30.0,55.0,7.0,0.1333333333333333,88.66666666666667,1,0
0.0,0,0,0,0,326.0,120.0,14.0,0.0,100.0,0,0
4.0,3,0,1,1,30.0,64.0,9.0,0.2666666666666666,79.33333333333333,1,1
1.0,0,1,0,0,30.0,97.0,18.0,0.0666666666666666,95.33333333333331,1,0
9.0,0,0,0,0,247.0,74.0,1.0,0.6,76.0,0,0
3.0,0,1,0,0,0.0,103.0,10.0,0.2,90.0,1,0
12.0,4,0,5,0,0.0,32.0,14.0,0.8,48.0,1,1
10.0,2,2,0,1,0.0,56.0,2.0,0.6666666666666666,63.33333333333334,1,1
6.0,1,0,0,0,357.0,52.0,8.0,0.4,84.0,0,0
4.0,1,2,0,0,30.0,44.0,16.0,0.2666666666666666,85.33333333333333,1,0
8.0,0,0,1,0,60.0,119.0,3.0,0.5333333333333333,74.66666666666667,1,0
2.0,0,0,0,0,233.0,53.0,15.0,0.1333333333333333,94.66666666666669,0,0
3.0,0,0,0,0,206.0,53.0,23.0,0.2,92.0,0,0
3.0,0,1,0,0,0.0,113.0,11.0,0.2,90.0,1,0
11.0,1,0,0,2,30.0,43.0,4.0,0.7333333333333333,58.66666666666667,1,1
2.0,0,0,0,0,311.0,129.0,16.0,0.1333333333333333,94.66666666666669,0,0
8.0,1,0,0,1,120.0,41.0,16.0,0.5333333333333333,72.66666666666667,1,1
5.0,1,2,0,0,90.0,71.0,11.0,0.3333333333333333,82.66666666666667,1,0
12.0,0,0,0,1,150.0,57.0,25.0,0.8,62.0,1,1
1.0,2,1,0,0,60.0,56.0,20.0,0.0666666666666666,95.33333333333331,1,0
11.0,2,1,1,0,90.0,96.0,7.0,0.7333333333333333,64.66666666666667,1,1
2.0,1,1,0,0,30.0,109.0,10.0,0.1333333333333333,92.66666666666669,1,0
4.0,1,0,0,0,276.0,85.0,18.0,0.2666666666666666,89.33333333333333,0,0
3.0,1,0,1,0,60.0,41.0,13.0,0.2,88.0,1,0
0.0,1,0,0,0,182.0,119.0,21.0,0.0,100.0,0,0
3.0,2,1,0,0,30.0,102.0,14.0,0.2,90.0,1,0
14.0,6,2,1,2,0.0,77.0,23.0,0.9333333333333332,42.66666666666666,1,1
8.0,2,1,0,1,0.0,93.0,13.0,0.5333333333333333,70.66666666666667,1,1
4.0,0,0,0,0,358.0,95.0,14.0,0.2666666666666666,89.33333333333333,0,0
6.0,3,0,3,0,30.0,80.0,25.0,0.4,72.0,1,1
4.0,2,1,2,0,30.0,57.0,20.0,0.2666666666666666,79.33333333333333,1,1
3.0,2,2,0,0,60.0,55.0,16.0,0.2,88.0,1,0
4.0,1,1,0,0,0.0,56.0,4.0,0.2666666666666666,87.33333333333333,1,0
8.0,0,0,0,0,293.0,111.0,15.0,0.5333333333333333,78.66666666666667,0,0
12.0,1,0,2,0,60.0,33.0,15.0,0.8,60.0,1,1
0.0,0,0,0,0,231.0,43.0,19.0,0.0,100.0,0,0
3.0,0,0,0,0,336.0,142.0,18.0,0.2,92.0,0,0
7.0,3,2,1,0,0.0,91.0,4.0,0.4666666666666667,73.33333333333333,1,1
11.0,3,2,0,0,30.0,41.0,7.0,0.7333333333333333,66.66666666666667,1,1
8.0,0,1,0,0,120.0,80.0,10.0,0.5333333333333333,76.66666666666667,1,0
6.0,3,1,1,1,30.0,22.0,2.0,0.4,72.0,1,1
0.0,0,0,0,0,180.0,64.0,2.0,0.0,100.0,0,0
2.0,0,0,0,0,292.0,75.0,20.0,0.1333333333333333,94.66666666666669,0,0
3.0,0,0,0,0,234.0,115.0,23.0,0.2,92.0,0,0
1.0,1,0,0,0,341.0,120.0,21.0,0.0666666666666666,97.33333333333331,0,1
4.0,2,1,0,0,90.0,61.0,3.0,0.2666666666666666,87.33333333333333,1,0
1.0,0,0,0,0,235.0,71.0,8.0,0.0666666666666666,97.33333333333331,0,0
7.0,1,0,0,0,337.0,64.0,24.0,0.4666666666666667,81.33333333333333,0,0
7.0,2,0,1,0,150.0,28.0,18.0,0.4666666666666667,77.33333333333333,1,0
1.0,0,0,0,0,192.0,90.0,15.0,0.0666666666666666,97.33333333333331,0,0
4.0,0,1,0,0,0.0,119.0,16.0,0.2666666666666666,87.33333333333333,1,0
8.0,0,1,0,0,150.0,119.0,18.0,0.5333333333333333,76.66666666666667,1,0
2.0,2,1,0,0,60.0,96.0,13.0,0.1333333333333333,92.66666666666669,1,0
1.0,0,0,0,0,186.0,76.0,17.0,0.0666666666666666,97.33333333333331,0,0
2.0,1,0,0,0,221.0,125.0,14.0,0.1333333333333333,94.66666666666669,0,0
3.0,4,4,0,0,60.0,90.0,7.0,0.2,84.0,1,1
2.0,1,0,0,0,278.0,140.0,21.0,0.1333333333333333,94.66666666666669,0,0
8.0,0,1,0,0,30.0,67.0,7.0,0.5333333333333333,76.66666666666667,1,0
3.0,0,0,0,0,233.0,50.0,24.0,0.2,92.0,0,0
6.0,2,2,0,0,0.0,80.0,17.0,0.4,80.0,1,0
4.0,0,1,0,0,150.0,102.0,11.0,0.2666666666666666,87.33333333333333,1,0
6.0,2,2,0,1,0.0,73.0,15.0,0.4,74.0,1,1
4.0,1,0,1,0,30.0,127.0,24.0,0.2666666666666666,85.33333333333333,1,0
3.0,0,0,0,0,228.0,89.0,20.0,0.2,92.0,0,0
4.0,1,0,2,0,30.0,32.0,9.0,0.2666666666666666,81.33333333333333,1,1
2.0,0,0,0,0,217.0,127.0,13.0,0.1333333333333333,94.66666666666669,0,0
3.0,0,0,0,0,350.0,131.0,3.0,0.2,92.0,0,0
5.0,2,1,0,0,0.0,52.0,23.0,0.3333333333333333,84.66666666666667,1,0
10.0,1,1,0,0,150.0,42.0,22.0,0.6666666666666666,71.33333333333334,1,0
2.0,0,0,0,0,234.0,56.0,8.0,0.1333333333333333,94.66666666666669,0,0
7.0,3,1,1,1,30.0,39.0,8.0,0.4666666666666667,69.33333333333333,1,1
4.0,0,0,1,0,60.0,53.0,21.0,0.2666666666666666,85.33333333333333,1,0
2.0,0,0,0,0,254.0,47.0,11.0,0.1333333333333333,94.66666666666669,0,0
13.0,3,1,2,1,0.0,54.0,3.0,0.8666666666666667,49.33333333333333,1,1
7.0,1,0,1,0,120.0,102.0,11.0,0.4666666666666667,77.33333333333333,1,0
4.0,1,0,0,0,280.0,117.0,24.0,0.2666666666666666,89.33333333333333,0,0
9.0,0,0,0,0,256.0,88.0,14.0,0.6,76.0,0,0
5.0,4,2,0,1,30.0,71.0,11.0,0.3333333333333333,76.66666666666667,1,1
12.0,2,1,1,0,60.0,38.0,5.0,0.8,62.0,1,1
3.0,0,1,0,0,0.0,115.0,10.0,0.2,90.0,1,0
8.0,2,0,2,0,60.0,83.0,13.0,0.5333333333333333,70.66666666666667,1,1
8.0,4,1,1,1,30.0,81.0,17.0,0.5333333333333333,66.66666666666667,1,1
1.0,1,1,0,0,90.0,119.0,14.0,0.0666666666666666,95.33333333333331,1,0
4.0,0,0,0,0,214.0,100.0,4.0,0.2666666666666666,89.33333333333333,0,1
1.0,0,0,0,0,357.0,123.0,6.0,0.0666666666666666,97.33333333333331,0,0
8.0,2,1,0,0,120.0,98.0,1.0,0.5333333333333333,76.66666666666667,1,0
1.0,2,2,0,0,120.0,44.0,9.0,0.0666666666666666,93.33333333333331,1,0
14.0,2,0,0,3,0.0,34.0,14.0,0.9333333333333332,44.66666666666666,1,1
1.0,1,0,0,0,304.0,58.0,23.0,0.0666666666666666,97.33333333333331,0,0
9.0,3,0,2,1,30.0,28.0,22.0,0.6,62.0,1,1
6.0,0,0,0,0,347.0,80.0,21.0,0.4,84.0,0,0
4.0,2,1,1,0,0.0,89.0,10.0,0.2666666666666666,83.33333333333333,1,0
14.0,3,1,2,0,90.0,98.0,1.0,0.9333333333333332,52.66666666666666,1,1
1.0,0,0,0,0,325.0,123.0,13.0,0.0666666666666666,97.33333333333331,0,0
7.0,4,3,1,0,0.0,35.0,15.0,0.4666666666666667,71.33333333333333,1,1
3.0,1,1,0,0,90.0,55.0,17.0,0.2,90.0,1,0
1.0,1,0,0,0,350.0,90.0,4.0,0.0666666666666666,97.33333333333331,0,0
4.0,2,2,0,0,0.0,110.0,22.0,0.2666666666666666,85.33333333333333,1,0
12.0,2,0,1,1,60.0,62.0,11.0,0.8,58.0,1,1
5.0,0,1,0,0,30.0,86.0,23.0,0.3333333333333333,84.66666666666667,1,0
6.0,0,0,0,0,331.0,100.0,10.0,0.4,84.0,0,0
4.0,0,0,0,0,206.0,65.0,14.0,0.2666666666666666,89.33333333333333,0,0
8.0,2,2,0,0,30.0,90.0,9.0,0.5333333333333333,74.66666666666667,1,0
3.0,0,0,0,0,360.0,121.0,9.0,0.2,92.0,0,0
8.0,0,0,0,0,188.0,106.0,3.0,0.5333333333333333,78.66666666666667,0,0
0.0,0,0,0,0,310.0,139.0,13.0,0.0,100.0,0,0
5.0,1,0,0,0,270.0,83.0,10.0,0.3333333333333333,86.66666666666667,0,0
3.0,1,1,0,0,30.0,31.0,5.0,0.2,90.0,1,0
11.0,2,0,1,2,0.0,65.0,16.0,0.7333333333333333,54.66666666666667,1,1
2.0,0,0,0,0,256.0,120.0,2.0,0.1333333333333333,94.66666666666669,0,0
2.0,1,1,0,0,150.0,73.0,18.0,0.1333333333333333,92.66666666666669,1,0
11.0,2,0,0,1,30.0,102.0,15.0,0.7333333333333333,64.66666666666667,1,1
6.0,3,1,1,0,0.0,75.0,9.0,0.4,78.0,1,0
12.0,1,0,1,1,120.0,47.0,3.0,0.8,58.0,1,1
0.0,1,0,1,0,150.0,116.0,16.0,0.0,96.0,1,0
11.0,5,0,2,2,30.0,70.0,25.0,0.7333333333333333,50.66666666666667,1,1
2.0,1,1,0,0,60.0,48.0,24.0,0.1333333333333333,92.66666666666669,1,0
8.0,3,1,2,0,30.0,89.0,18.0,0.5333333333333333,68.66666666666667,1,1
8.0,1,0,0,0,280.0,88.0,20.0,0.5333333333333333,78.66666666666667,0,0
6.0,0,0,1,0,0.0,127.0,25.0,0.4,80.0,1,0
1.0,0,0,0,0,191.0,77.0,23.0,0.0666666666666666,97.33333333333331,0,0
3.0,0,0,0,0,269.0,94.0,1.0,0.2,92.0,0,0
8.0,2,0,2,0,90.0,74.0,15.0,0.5333333333333333,70.66666666666667,1,1
4.0,2,1,0,0,120.0,112.0,18.0,0.2666666666666666,87.33333333333333,1,0
6.0,0,0,0,0,222.0,57.0,20.0,0.4,84.0,0,0
7.0,0,0,0,0,221.0,61.0,14.0,0.4666666666666667,81.33333333333333,0,0
9.0,2,0,2,0,0.0,79.0,5.0,0.6,68.0,1,1
5.0,1,1,0,0,120.0,76.0,10.0,0.3333333333333333,84.66666666666667,1,0
0.0,0,0,0,0,326.0,64.0,6.0,0.0,100.0,0,0
10.0,4,2,1,1,0.0,93.0,7.0,0.6666666666666666,59.33333333333334,1,0
12.0,0,1,0,0,60.0,118.0,13.0,0.8,66.0,1,1
5.0,0,0,0,0,353.0,141.0,8.0,0.3333333333333333,86.66666666666667,0,0
2.0,0,0,1,0,120.0,82.0,16.0,0.1333333333333333,90.66666666666669,1,0
4.0,0,0,1,0,30.0,48.0,20.0,0.2666666666666666,85.33333333333333,1,0
3.0,0,0,0,0,345.0,115.0,9.0,0.2,92.0,0,0
10.0,1,1,0,0,30.0,103.0,18.0,0.6666666666666666,71.33333333333334,1,0
2.0,0,0,0,0,230.0,90.0,25.0,0.1333333333333333,94.66666666666669,0,0
3.0,1,0,0,1,30.0,88.0,19.0,0.2,86.0,1,0
8.0,1,0,1,0,60.0,114.0,9.0,0.5333333333333333,74.66666666666667,1,0
8.0,0,0,0,0,321.0,136.0,11.0,0.5333333333333333,78.66666666666667,0,0
0.0,1,0,0,0,293.0,85.0,12.0,0.0,100.0,0,0
5.0,1,0,0,0,330.0,74.0,7.0,0.3333333333333333,86.66666666666667,0,0
3.0,2,0,1,0,60.0,94.0,15.0,0.2,88.0,1,0
4.0,0,0,0,0,218.0,114.0,4.0,0.2666666666666666,89.33333333333333,0,0
6.0,4,2,0,2,30.0,58.0,17.0,0.4,68.0,1,1
14.0,3,2,0,1,30.0,28.0,24.0,0.9333333333333332,52.66666666666666,1,1
1.0,0,0,0,0,297.0,106.0,4.0,0.0666666666666666,97.33333333333331,0,0
5.0,3,3,0,0,0.0,53.0,6.0,0.3333333333333333,80.66666666666667,1,0
6.0,1,1,0,0,0.0,60.0,14.0,0.4,82.0,1,0
4.0,0,0,0,0,312.0,72.0,10.0,0.2666666666666666,89.33333333333333,0,0
6.0,3,1,1,0,60.0,83.0,6.0,0.4,78.0,1,0
6.0,4,0,1,3,30.0,72.0,1.0,0.4,62.0,1,1
2.0,0,0,0,0,193.0,62.0,5.0,0.1333333333333333,94.66666666666669,0,0
7.0,1,0,0,0,201.0,77.0,25.0,0.4666666666666667,81.33333333333333,0,0
1.0,1,0,0,0,279.0,76.0,12.0,0.0666666666666666,97.33333333333331,0,0
6.0,0,0,0,0,252.0,126.0,7.0,0.4,84.0,0,0
4.0,1,0,0,0,338.0,131.0,6.0,0.2666666666666666,89.33333333333333,0,0
13.0,3,1,0,1,0.0,71.0,18.0,0.8666666666666667,57.33333333333333,1,1
12.0,1,0,0,2,30.0,97.0,12.0,0.8,56.0,1,1
1.0,0,0,0,0,269.0,103.0,15.0,0.0666666666666666,97.33333333333331,0,0
12.0,3,0,3,0,30.0,33.0,20.0,0.8,56.0,1,1
6.0,1,1,0,0,150.0,39.0,10.0,0.4,82.0,1,0
4.0,2,1,0,0,30.0,105.0,21.0,0.2666666666666666,87.33333333333333,1,0
3.0,1,0,0,0,332.0,81.0,17.0,0.2,92.0,0,0
3.0,0,0,0,0,187.0,64.0,8.0,0.2,92.0,0,0
7.0,2,0,1,0,60.0,60.0,10.0,0.4666666666666667,77.33333333333333,1,0
4.0,0,0,0,0,234.0,53.0,12.0,0.2666666666666666,89.33333333333333,0,0
6.0,0,0,0,0,325.0,95.0,18.0,0.4,84.0,0,0
8.0,1,0,1,0,30.0,54.0,10.0,0.5333333333333333,74.66666666666667,1,0
1.0,1,0,0,0,272.0,91.0,7.0,0.0666666666666666,97.33333333333331,0,0
2.0,2,1,1,0,60.0,92.0,11.0,0.1333333333333333,88.66666666666667,1,0
2.0,0,1,0,0,30.0,121.0,13.0,0.1333333333333333,92.66666666666669,1,0
4.0,0,0,0,0,196.0,42.0,5.0,0.2666666666666666,89.33333333333333,0,0
2.0,0,0,0,0,213.0,69.0,22.0,0.1333333333333333,94.66666666666669,0,0
3.0,0,0,0,0,304.0,135.0,16.0,0.2,92.0,0,0
12.0,1,1,0,0,60.0,41.0,3.0,0.8,66.0,1,1
4.0,2,1,2,0,90.0,79.0,18.0,0.2666666666666666,79.33333333333333,1,1
4.0,4,3,0,0,30.0,15.0,24.0,0.2666666666666666,83.33333333333333,1,0
4.0,1,1,0,0,30.0,77.0,8.0,0.2666666666666666,87.33333333333333,1,0
5.0,1,0,0,0,307.0,82.0,15.0,0.3333333333333333,86.66666666666667,0,0
12.0,2,0,1,1,90.0,103.0,3.0,0.8,58.0,1,1
12.0,2,0,0,2,60.0,103.0,4.0,0.8,56.0,1,1
11.0,2,1,0,1,30.0,63.0,23.0,0.7333333333333333,62.66666666666667,1,1
7.0,3,0,1,2,0.0,67.0,4.0,0.4666666666666667,65.33333333333333,1,1
2.0,0,0,0,0,331.0,103.0,9.0,0.1333333333333333,94.66666666666669,0,0
8.0,3,1,0,2,30.0,39.0,13.0,0.5333333333333333,64.66666666666667,1,1
1.0,2,1,0,0,150.0,81.0,17.0,0.0666666666666666,95.33333333333331,1,0
13.0,2,0,0,2,60.0,88.0,16.0,0.8666666666666667,53.33333333333333,1,1
8.0,3,1,2,0,30.0,64.0,1.0,0.5333333333333333,68.66666666666667,1,1
0.0,0,0,0,0,290.0,68.0,4.0,0.0,100.0,0,0
1.0,0,0,0,0,193.0,69.0,14.0,0.0666666666666666,97.33333333333331,0,0
3.0,0,0,0,0,205.0,96.0,21.0,0.2,92.0,0,0
6.0,2,0,0,1,120.0,66.0,21.0,0.4,78.0,1,1
10.0,2,1,2,0,0.0,84.0,14.0,0.6666666666666666,63.33333333333334,1,1
12.0,5,1,0,3,30.0,44.0,8.0,0.8,48.0,1,1
3.0,0,0,0,0,200.0,113.0,2.0,0.2,92.0,0,0
3.0,1,1,0,0,120.0,56.0,17.0,0.2,90.0,1,0
1.0,0,0,0,0,255.0,69.0,19.0,0.0666666666666666,97.33333333333331,0,0
6.0,4,2,1,1,0.0,17.0,17.0,0.4,70.0,1,1
3.0,2,1,0,0,120.0,96.0,5.0,0.2,90.0,1,0
1.0,0,0,0,0,204.0,74.0,22.0,0.0666666666666666,97.33333333333331,0,0
1.0,1,0,0,0,189.0,56.0,22.0,0.0666666666666666,97.33333333333331,0,0
7.0,3,0,2,0,120.0,57.0,24.0,0.4666666666666667,73.33333333333333,1,1
7.0,3,0,2,1,0.0,40.0,8.0,0.4666666666666667,67.33333333333333,1,1
6.0,2,1,0,0,0.0,97.0,24.0,0.4,82.0,1,0
7.0,0,0,0,0,346.0,67.0,14.0,0.4666666666666667,81.33333333333333,0,0
1.0,1,1,0,0,150.0,82.0,24.0,0.0666666666666666,95.33333333333331,1,0
8.0,0,1,0,0,30.0,67.0,16.0,0.5333333333333333,76.66666666666667,1,0
1.0,1,0,0,0,199.0,56.0,13.0,0.0666666666666666,97.33333333333331,0,0
3.0,0,0,0,0,287.0,127.0,6.0,0.2,92.0,0,1
4.0,1,0,0,0,181.0,121.0,15.0,0.2666666666666666,89.33333333333333,0,0
6.0,0,0,0,0,217.0,122.0,2.0,0.4,84.0,0,0
10.0,2,1,0,2,60.0,21.0,10.0,0.6666666666666666,59.33333333333334,1,1
8.0,1,0,2,0,0.0,31.0,17.0,0.5333333333333333,70.66666666666667,1,1
6.0,4,2,2,0,30.0,81.0,15.0,0.4,72.0,1,1
1.0,0,0,0,0,200.0,73.0,12.0,0.0666666666666666,97.33333333333331,0,0
5.0,1,0,0,0,212.0,115.0,6.0,0.3333333333333333,86.66666666666667,0,0
4.0,0,0,0,0,259.0,72.0,4.0,0.2666666666666666,89.33333333333333,0,0
12.0,4,1,0,2,60.0,89.0,6.0,0.8,54.0,1,1
2.0,1,0,0,0,241.0,66.0,19.0,0.1333333333333333,94.66666666666669,0,0
2.0,0,0,0,0,339.0,139.0,20.0,0.1333333333333333,94.66666666666669,0,0
1.0,1,0,0,0,217.0,108.0,3.0,0.0666666666666666,97.33333333333331,0,0
1.0,0,0,0,0,306.0,139.0,23.0,0.0666666666666666,97.33333333333331,0,0
8.0,2,1,0,0,0.0,72.0,17.0,0.5333333333333333,76.66666666666667,1,0
14.0,2,0,0,3,0.0,81.0,8.0,0.9333333333333332,44.66666666666666,1,1
2.0,0,1,0,0,0.0,94.0,10.0,0.1333333333333333,92.66666666666669,1,0
0.0,0,0,0,0,266.0,80.0,21.0,0.0,100.0,0,0
12.0,1,1,1,0,0.0,84.0,2.0,0.8,62.0,1,1
6.0,0,0,0,0,306.0,102.0,24.0,0.4,84.0,0,0
8.0,1,0,0,1,120.0,65.0,7.0,0.5333333333333333,72.66666666666667,1,1
0.0,1,1,0,0,150.0,120.0,11.0,0.0,98.0,1,0
5.0,0,0,0,0,332.0,106.0,25.0,0.3333333333333333,86.66666666666667,0,0
11.0,4,3,1,0,0.0,86.0,21.0,0.7333333333333333,60.66666666666667,1,1
12.0,4,1,2,0,0.0,20.0,22.0,0.8,58.0,1,1
12.0,2,0,0,3,0.0,26.0,5.0,0.8,50.0,1,1
7.0,3,1,2,0,60.0,57.0,10.0,0.4666666666666667,71.33333333333333,1,1
6.0,0,0,0,0,222.0,62.0,12.0,0.4,84.0,0,0
12.0,2,1,1,1,30.0,100.0,7.0,0.8,56.0,1,1
13.0,3,0,0,3,30.0,40.0,8.0,0.8666666666666667,47.33333333333333,1,1
4.0,1,1,0,0,0.0,100.0,8.0,0.2666666666666666,87.33333333333333,1,0
3.0,0,0,0,0,251.0,83.0,11.0,0.2,92.0,0,0
0.0,0,0,0,0,319.0,112.0,5.0,0.0,100.0,0,0
3.0,1,1,0,1,0.0,103.0,7.0,0.2,84.0,1,0
6.0,1,1,0,0,60.0,105.0,19.0,0.4,82.0,1,0
9.0,1,1,1,0,0.0,98.0,17.0,0.6,70.0,1,0
9.0,2,0,1,0,150.0,93.0,4.0,0.6,72.0,1,1
5.0,0,0,0,0,241.0,99.0,16.0,0.3333333333333333,86.66666666666667,0,0
2.0,1,0,0,0,223.0,117.0,9.0,0.1333333333333333,94.66666666666669,0,0
8.0,1,1,0,0,90.0,59.0,4.0,0.5333333333333333,76.66666666666667,1,0
8.0,2,0,3,0,30.0,60.0,25.0,0.5333333333333333,66.66666666666667,1,1
5.0,0,0,0,0,293.0,86.0,14.0,0.3333333333333333,86.66666666666667,0,0
5.0,2,2,1,0,0.0,81.0,23.0,0.3333333333333333,78.66666666666667,1,1
10.0,4,2,1,1,30.0,17.0,23.0,0.6666666666666666,59.33333333333334,1,1
10.0,2,0,2,1,30.0,108.0,19.0,0.6666666666666666,59.33333333333334,1,1
0.0,0,0,0,0,317.0,122.0,5.0,0.0,100.0,0,0
10.0,3,1,2,0,60.0,106.0,25.0,0.6666666666666666,63.33333333333334,1,1
6.0,2,0,1,1,30.0,85.0,19.0,0.4,74.0,1,1
0.0,0,1,0,0,30.0,120.0,13.0,0.0,98.0,1,0
0.0,0,0,0,0,274.0,86.0,1.0,0.0,100.0,0,0
2.0,0,0,0,0,338.0,96.0,20.0,0.1333333333333333,94.66666666666669,0,0
4.0,1,1,0,0,90.0,33.0,17.0,0.2666666666666666,87.33333333333333,1,0
7.0,0,0,0,0,217.0,56.0,9.0,0.4666666666666667,81.33333333333333,0,0
0.0,1,0,0,0,225.0,91.0,13.0,0.0,100.0,0,0
4.0,0,1,0,0,0.0,87.0,17.0,0.2666666666666666,87.33333333333333,1,0
0.0,1,0,0,0,348.0,80.0,3.0,0.0,100.0,0,0
7.0,1,0,1,0,0.0,79.0,11.0,0.4666666666666667,77.33333333333333,1,0
0.0,1,0,0,0,290.0,128.0,11.0,0.0,100.0,0,0
11.0,2,3,0,0,0.0,34.0,25.0,0.7333333333333333,64.66666666666667,1,1
1.0,0,0,0,0,331.0,135.0,17.0,0.0666666666666666,97.33333333333331,0,0
8.0,0,0,0,0,342.0,53.0,8.0,0.5333333333333333,78.66666666666667,0,0
6.0,3,1,2,0,30.0,82.0,19.0,0.4,74.0,1,1
4.0,0,0,0,0,220.0,47.0,2.0,0.2666666666666666,89.33333333333333,0,0
2.0,0,0,0,0,236.0,69.0,15.0,0.1333333333333333,94.66666666666669,0,0
11.0,4,1,2,1,0.0,97.0,13.0,0.7333333333333333,54.66666666666667,1,1
0.0,0,0,0,0,192.0,128.0,1.0,0.0,100.0,0,0
3.0,1,1,0,0,30.0,52.0,12.0,0.2,90.0,1,0
11.0,2,2,0,0,30.0,53.0,13.0,0.7333333333333333,66.66666666666667,1,1
0.0,0,1,0,0,150.0,61.0,1.0,0.0,98.0,1,0
4.0,3,2,0,0,0.0,101.0,9.0,0.2666666666666666,85.33333333333333,1,0
1.0,0,0,0,0,208.0,114.0,17.0,0.0666666666666666,97.33333333333331,0,0
6.0,0,0,0,0,353.0,84.0,4.0,0.4,84.0,0,0
9.0,2,0,1,1,90.0,93.0,13.0,0.6,66.0,1,1
11.0,2,1,0,1,30.0,81.0,13.0,0.7333333333333333,62.66666666666667,1,1
4.0,0,0,0,0,293.0,100.0,17.0,0.2666666666666666,89.33333333333333,0,0
4.0,2,0,2,0,30.0,78.0,13.0,0.2666666666666666,81.33333333333333,1,0
3.0,3,2,0,0,0.0,69.0,15.0,0.2,88.0,1,0
8.0,0,0,0,0,186.0,101.0,17.0,0.5333333333333333,78.66666666666667,0,0
9.0,6,1,2,3,0.0,35.0,3.0,0.6,48.0,1,1
7.0,1,0,0,0,298.0,140.0,4.0,0.4666666666666667,81.33333333333333,0,0
4.0,1,0,0,1,90.0,94.0,1.0,0.2666666666666666,83.33333333333333,1,0
6.0,1,0,0,0,285.0,80.0,4.0,0.4,84.0,0,0
0.0,0,0,0,0,211.0,64.0,8.0,0.0,100.0,0,0
1.0,0,0,0,0,249.0,98.0,24.0,0.0666666666666666,97.33333333333331,0,0
4.0,1,1,0,0,90.0,45.0,5.0,0.2666666666666666,87.33333333333333,1,0
6.0,1,0,2,0,60.0,43.0,18.0,0.4,76.0,1,1
4.0,0,0,0,0,301.0,133.0,19.0,0.2666666666666666,89.33333333333333,0,0
3.0,0,0,0,0,264.0,129.0,11.0,0.2,92.0,0,0
4.0,1,0,0,0,360.0,133.0,15.0,0.2666666666666666,89.33333333333333,0,0
3.0,0,0,0,0,194.0,59.0,6.0,0.2,92.0,0,0
4.0,0,0,0,0,249.0,120.0,11.0,0.2666666666666666,89.33333333333333,0,0
11.0,3,0,0,3,90.0,40.0,2.0,0.7333333333333333,52.66666666666667,1,1
8.0,0,0,0,0,201.0,68.0,15.0,0.5333333333333333,78.66666666666667,0,0
8.0,2,1,0,1,120.0,107.0,20.0,0.5333333333333333,70.66666666666667,1,1
8.0,2,2,0,0,0.0,84.0,12.0,0.5333333333333333,74.66666666666667,1,0
8.0,1,0,1,0,30.0,132.0,23.0,0.5333333333333333,74.66666666666667,1,0
5.0,1,0,0,0,210.0,91.0,2.0,0.3333333333333333,86.66666666666667,0,0
4.0,0,0,0,0,306.0,93.0,18.0,0.2666666666666666,89.33333333333333,0,0
3.0,1,0,0,0,227.0,46.0,16.0,0.2,92.0,0,0
12.0,4,2,2,1,0.0,28.0,13.0,0.8,50.0,1,1
12.0,2,0,1,0,120.0,67.0,25.0,0.8,64.0,1,1
0.0,0,0,0,0,186.0,84.0,25.0,0.0,100.0,0,0
3.0,0,0,0,0,266.0,77.0,15.0,0.2,92.0,0,0
7.0,1,1,0,0,120.0,54.0,4.0,0.4666666666666667,79.33333333333333,1,0
4.0,0,0,0,0,199.0,85.0,17.0,0.2666666666666666,89.33333333333333,0,0
4.0,2,0,1,0,90.0,60.0,14.0,0.2666666666666666,85.33333333333333,1,0
4.0,0,0,0,0,306.0,91.0,2.0,0.2666666666666666,89.33333333333333,0,0
8.0,0,0,0,0,190.0,90.0,24.0,0.5333333333333333,78.66666666666667,0,0
11.0,5,1,0,3,0.0,42.0,7.0,0.7333333333333333,50.66666666666667,1,1
5.0,0,0,0,0,236.0,68.0,2.0,0.3333333333333333,86.66666666666667,0,0
7.0,1,0,0,0,246.0,109.0,11.0,0.4666666666666667,81.33333333333333,0,0
8.0,2,1,0,0,0.0,82.0,25.0,0.5333333333333333,76.66666666666667,1,0
10.0,2,0,1,2,0.0,47.0,10.0,0.6666666666666666,57.33333333333334,1,1
11.0,4,1,1,3,0.0,69.0,17.0,0.7333333333333333,46.66666666666667,1,1
11.0,4,3,0,0,30.0,23.0,16.0,0.7333333333333333,64.66666666666667,1,1
0.0,0,0,0,0,320.0,55.0,11.0,0.0,100.0,0,0
12.0,1,0,2,0,60.0,79.0,8.0,0.8,60.0,1,1
3.0,1,1,0,0,30.0,99.0,3.0,0.2,90.0,1,0
6.0,0,0,0,0,249.0,84.0,23.0,0.4,84.0,0,0
0.0,0,0,0,0,310.0,72.0,2.0,0.0,100.0,0,0
3.0,1,0,0,0,196.0,78.0,8.0,0.2,92.0,0,0
4.0,0,0,0,0,341.0,99.0,3.0,0.2666666666666666,89.33333333333333,0,0
6.0,1,0,2,0,0.0,80.0,1.0,0.4,76.0,1,1
2.0,1,0,0,0,203.0,47.0,6.0,0.1333333333333333,94.66666666666669,0,0
0.0,1,1,0,0,150.0,83.0,16.0,0.0,98.0,1,0
12.0,5,2,2,1,0.0,14.0,13.0,0.8,50.0,1,1
1.0,1,0,0,0,286.0,55.0,5.0,0.0666666666666666,97.33333333333331,0,0
3.0,1,0,0,0,235.0,118.0,7.0,0.2,92.0,0,0
2.0,0,0,0,0,189.0,117.0,22.0,0.1333333333333333,94.66666666666669,0,0
2.0,0,0,0,0,323.0,52.0,8.0,0.1333333333333333,94.66666666666669,0,0
5.0,1,1,0,0,0.0,56.0,1.0,0.3333333333333333,84.66666666666667,1,0
6.0,1,0,1,0,0.0,32.0,16.0,0.4,80.0,1,0
4.0,0,0,0,0,324.0,69.0,10.0,0.2666666666666666,89.33333333333333,0,0
2.0,0,0,0,0,357.0,114.0,24.0,0.1333333333333333,94.66666666666669,0,0
4.0,2,1,0,0,90.0,89.0,4.0,0.2666666666666666,87.33333333333333,1,0
8.0,0,0,0,0,337.0,68.0,13.0,0.5333333333333333,78.66666666666667,0,0
1.0,0,0,0,0,329.0,132.0,23.0,0.0666666666666666,97.33333333333331,0,0
7.0,2,1,1,0,90.0,65.0,18.0,0.4666666666666667,75.33333333333333,1,1
12.0,3,2,0,1,0.0,37.0,13.0,0.8,58.0,1,1
4.0,0,0,0,0,242.0,55.0,10.0,0.2666666666666666,89.33333333333333,0,0
4.0,0,0,0,0,187.0,73.0,5.0,0.2666666666666666,89.33333333333333,0,0
4.0,0,0,1,0,90.0,44.0,15.0,0.2666666666666666,85.33333333333333,1,0
1.0,1,1,0,0,0.0,56.0,2.0,0.0666666666666666,95.33333333333331,1,0
8.0,0,0,0,0,296.0,63.0,23.0,0.5333333333333333,78.66666666666667,0,0
8.0,4,2,1,0,0.0,87.0,14.0,0.5333333333333333,70.66666666666667,1,1
1.0,0,0,0,0,204.0,103.0,7.0,0.0666666666666666,97.33333333333331,0,0
4.0,1,1,0,0,150.0,75.0,10.0,0.2666666666666666,87.33333333333333,1,0
3.0,2,1,0,0,30.0,101.0,17.0,0.2,90.0,1,0
6.0,5,2,2,0,30.0,67.0,23.0,0.4,72.0,1,1
3.0,2,0,1,0,120.0,55.0,13.0,0.2,88.0,1,0
6.0,0,0,0,0,239.0,93.0,18.0,0.4,84.0,0,0
3.0,0,0,0,0,297.0,135.0,24.0,0.2,92.0,0,0
6.0,2,2,1,0,30.0,85.0,21.0,0.4,76.0,1,1
6.0,2,1,0,0,150.0,89.0,18.0,0.4,82.0,1,0
12.0,4,1,1,2,60.0,38.0,19.0,0.8,50.0,1,1
0.0,0,0,0,0,358.0,51.0,9.0,0.0,100.0,0,0
1.0,0,0,0,0,213.0,95.0,3.0,0.0666666666666666,97.33333333333331,0,0
7.0,4,2,0,1,30.0,71.0,2.0,0.4666666666666667,71.33333333333333,1,1
14.0,2,1,1,0,30.0,42.0,10.0,0.9333333333333332,56.66666666666666,1,1
8.0,3,0,1,1,90.0,100.0,12.0,0.5333333333333333,68.66666666666667,1,1
2.0,0,0,0,0,235.0,127.0,23.0,0.1333333333333333,94.66666666666669,0,0
3.0,1,0,0,0,354.0,102.0,13.0,0.2,92.0,0,0
8.0,0,0,0,0,213.0,86.0,3.0,0.5333333333333333,78.66666666666667,0,0
3.0,0,0,0,0,358.0,50.0,5.0,0.2,92.0,0,0
4.0,1,0,0,0,180.0,72.0,24.0,0.2666666666666666,89.33333333333333,0,0
2.0,0,0,0,0,222.0,51.0,16.0,0.1333333333333333,94.66666666666669,0,0
5.0,2,1,0,0,90.0,34.0,25.0,0.3333333333333333,84.66666666666667,1,0
1.0,1,0,0,0,180.0,48.0,9.0,0.0666666666666666,97.33333333333331,0,0
10.0,5,2,1,1,30.0,98.0,2.0,0.6666666666666666,59.33333333333334,1,1
8.0,3,0,2,1,60.0,71.0,13.0,0.5333333333333333,64.66666666666667,1,1
0.0,1,1,0,0,30.0,115.0,22.0,0.0,98.0,1,0
0.0,0,0,0,0,311.0,115.0,3.0,0.0,100.0,0,0
12.0,2,1,1,0,30.0,81.0,17.0,0.8,62.0,1,1
5.0,1,0,0,1,120.0,49.0,19.0,0.3333333333333333,80.66666666666667,1,1
3.0,1,0,0,0,358.0,110.0,6.0,0.2,92.0,0,0
3.0,0,0,0,0,223.0,46.0,25.0,0.2,92.0,0,0
7.0,2,1,1,0,0.0,79.0,10.0,0.4666666666666667,75.33333333333333,1,0
4.0,1,0,0,0,281.0,63.0,18.0,0.2666666666666666,89.33333333333333,0,0
3.0,2,0,1,0,0.0,54.0,24.0,0.2,88.0,1,0
6.0,0,0,0,0,327.0,54.0,13.0,0.4,84.0,0,0
6.0,1,0,0,0,205.0,117.0,4.0,0.4,84.0,0,0
12.0,3,2,0,1,0.0,32.0,19.0,0.8,58.0,1,1
4.0,1,0,0,0,259.0,68.0,21.0,0.2666666666666666,89.33333333333333,0,0
3.0,1,0,0,0,333.0,67.0,15.0,0.2,92.0,0,0
7.0,2,1,0,0,0.0,73.0,21.0,0.4666666666666667,79.33333333333333,1,0
4.0,3,1,1,0,120.0,86.0,4.0,0.2666666666666666,83.33333333333333,1,0
1.0,1,2,0,0,30.0,45.0,6.0,0.0666666666666666,93.33333333333331,1,0
10.0,3,0,2,0,60.0,98.0,21.0,0.6666666666666666,65.33333333333334,1,1
7.0,1,1,0,0,30.0,115.0,8.0,0.4666666666666667,79.33333333333333,1,0
4.0,0,0,0,0,358.0,90.0,2.0,0.2666666666666666,89.33333333333333,0,0
10.0,2,0,0,2,30.0,91.0,15.0,0.6666666666666666,61.33333333333334,1,1
11.0,2,0,1,0,30.0,95.0,13.0,0.7333333333333333,66.66666666666667,1,1
8.0,1,0,1,0,150.0,95.0,25.0,0.5333333333333333,74.66666666666667,1,0
4.0,0,0,0,0,236.0,100.0,13.0,0.2666666666666666,89.33333333333333,0,0
8.0,1,1,0,0,60.0,87.0,7.0,0.5333333333333333,76.66666666666667,1,0
3.0,1,0,0,1,90.0,47.0,17.0,0.2,86.0,1,0
3.0,0,0,0,0,183.0,51.0,19.0,0.2,92.0,0,0
10.0,5,2,0,3,30.0,28.0,21.0,0.6666666666666666,51.33333333333334,1,1
7.0,1,1,0,0,0.0,57.0,13.0,0.4666666666666667,79.33333333333333,1,0
8.0,2,1,0,1,60.0,100.0,22.0,0.5333333333333333,70.66666666666667,1,1
1.0,0,1,0,0,150.0,112.0,19.0,0.0666666666666666,95.33333333333331,1,0
1.0,1,0,0,0,247.0,130.0,13.0,0.0666666666666666,97.33333333333331,0,0
5.0,1,0,0,0,231.0,94.0,1.0,0.3333333333333333,86.66666666666667,0,0
14.0,3,1,1,1,0.0,25.0,20.0,0.9333333333333332,50.66666666666666,1,1
11.0,5,1,2,1,0.0,14.0,13.0,0.7333333333333333,54.66666666666667,1,1
1.0,0,0,0,0,274.0,126.0,25.0,0.0666666666666666,97.33333333333331,0,0
3.0,2,1,0,0,120.0,43.0,25.0,0.2,90.0,1,0
0.0,0,0,0,0,190.0,102.0,17.0,0.0,100.0,0,0
2.0,0,0,0,0,276.0,65.0,13.0,0.1333333333333333,94.66666666666669,0,0
10.0,3,2,0,1,60.0,15.0,22.0,0.6666666666666666,63.33333333333334,1,1
0.0,2,0,2,0,0.0,87.0,17.0,0.0,92.0,1,0
0.0,0,0,0,0,212.0,66.0,20.0,0.0,100.0,0,0
3.0,1,1,0,0,90.0,66.0,25.0,0.2,90.0,1,0
11.0,2,2,1,0,0.0,43.0,25.0,0.7333333333333333,62.66666666666667,1,1
5.0,0,1,0,0,150.0,101.0,20.0,0.3333333333333333,84.66666666666667,1,0
5.0,2,1,0,0,120.0,44.0,5.0,0.3333333333333333,84.66666666666667,1,0
0.0,0,0,0,0,182.0,43.0,1.0,0.0,100.0,0,0
5.0,2,0,0,1,150.0,116.0,11.0,0.3333333333333333,80.66666666666667,1,0
3.0,1,1,0,0,150.0,39.0,10.0,0.2,90.0,1,0
8.0,0,0,0,0,331.0,77.0,15.0,0.5333333333333333,78.66666666666667,0,0
2.0,0,0,0,0,336.0,119.0,20.0,0.1333333333333333,94.66666666666669,0,0
5.0,0,0,0,0,184.0,56.0,1.0,0.3333333333333333,86.66666666666667,0,0
3.0,1,0,1,0,0.0,121.0,11.0,0.2,88.0,1,0
4.0,0,1,0,0,150.0,37.0,11.0,0.2666666666666666,87.33333333333333,1,0
8.0,2,1,0,1,60.0,25.0,4.0,0.5333333333333333,70.66666666666667,1,1
0.0,0,0,0,0,203.0,65.0,13.0,0.0,100.0,0,0
1.0,0,0,0,0,218.0,114.0,23.0,0.0666666666666666,97.33333333333331,0,0
7.0,6,2,3,1,0.0,77.0,2.0,0.4666666666666667,59.33333333333333,1,1
3.0,0,0,0,0,188.0,73.0,12.0,0.2,92.0,0,0
2.0,1,0,0,0,262.0,84.0,22.0,0.1333333333333333,94.66666666666669,0,0
11.0,1,0,1,1,30.0,98.0,23.0,0.7333333333333333,60.66666666666667,1,1
4.0,2,1,0,0,60.0,120.0,17.0,0.2666666666666666,87.33333333333333,1,0
4.0,0,0,0,0,269.0,112.0,20.0,0.2666666666666666,89.33333333333333,0,0
10.0,5,1,3,1,0.0,73.0,5.0,0.6666666666666666,53.33333333333334,1,1
10.0,0,0,0,0,349.0,133.0,16.0,0.6666666666666666,73.33333333333334,0,0
11.0,1,0,1,0,30.0,114.0,22.0,0.7333333333333333,66.66666666666667,1,1
1.0,1,1,0,0,0.0,111.0,16.0,0.0666666666666666,95.33333333333331,1,0
8.0,1,1,0,0,120.0,96.0,9.0,0.5333333333333333,76.66666666666667,1,0
8.0,0,0,1,0,30.0,86.0,4.0,0.5333333333333333,74.66666666666667,1,0
3.0,0,0,0,0,347.0,129.0,10.0,0.2,92.0,0,0
2.0,1,1,0,0,0.0,64.0,10.0,0.1333333333333333,92.66666666666669,1,0
2.0,0,0,0,0,190.0,127.0,3.0,0.1333333333333333,94.66666666666669,0,0
1.0,0,0,0,0,318.0,111.0,10.0,0.0666666666666666,97.33333333333331,0,0
4.0,0,1,0,0,150.0,38.0,25.0,0.2666666666666666,87.33333333333333,1,0
6.0,0,0,0,0,286.0,136.0,5.0,0.4,84.0,0,0
2.0,0,0,0,0,345.0,69.0,15.0,0.1333333333333333,94.66666666666669,0,0
0.0,1,1,0,0,120.0,36.0,17.0,0.0,98.0,1,1
6.0,3,0,1,1,0.0,100.0,19.0,0.4,74.0,1,1
10.0,3,1,2,0,0.0,55.0,18.0,0.6666666666666666,63.33333333333334,1,1
7.0,2,1,0,0,60.0,71.0,16.0,0.4666666666666667,79.33333333333333,1,0
2.0,0,0,0,0,299.0,83.0,20.0,0.1333333333333333,94.66666666666669,0,0
2.0,1,0,0,0,245.0,129.0,23.0,0.1333333333333333,94.66666666666669,0,0
1.0,0,0,0,0,240.0,119.0,13.0,0.0666666666666666,97.33333333333331,0,0
12.0,4,1,1,1,0.0,20.0,6.0,0.8,56.0,1,1
12.0,4,1,0,2,0.0,98.0,13.0,0.8,54.0,1,1
11.0,6,2,0,3,0.0,10.0,17.0,0.7333333333333333,48.66666666666667,1,1
2.0,0,0,0,0,266.0,102.0,17.0,0.1333333333333333,94.66666666666669,0,0
3.0,0,0,0,0,296.0,65.0,24.0,0.2,92.0,0,0
12.0,2,2,1,0,0.0,106.0,25.0,0.8,60.0,1,1
3.0,2,2,0,0,60.0,114.0,25.0,0.2,88.0,1,0
12.0,5,1,0,3,0.0,10.0,17.0,0.8,48.0,1,1
14.0,4,0,2,1,0.0,35.0,6.0,0.9333333333333332,48.66666666666666,1,1
4.0,2,0,1,0,30.0,38.0,25.0,0.2666666666666666,85.33333333333333,1,0
0.0,0,0,0,0,359.0,122.0,11.0,0.0,100.0,0,0
12.0,4,1,2,2,0.0,16.0,23.0,0.8,46.0,1,1
5.0,3,1,0,1,0.0,84.0,10.0,0.3333333333333333,78.66666666666667,1,1
7.0,2,0,1,1,0.0,69.0,6.0,0.4666666666666667,71.33333333333333,1,1
12.0,3,0,1,3,30.0,96.0,23.0,0.8,46.0,1,1
4.0,2,0,1,1,0.0,69.0,24.0,0.2666666666666666,79.33333333333333,1,1
4.0,1,1,0,0,60.0,90.0,16.0,0.2666666666666666,87.33333333333333,1,0
3.0,0,0,0,0,326.0,91.0,16.0,0.2,92.0,0,0
6.0,2,1,1,0,60.0,91.0,21.0,0.4,78.0,1,1
8.0,1,0,1,0,60.0,84.0,10.0,0.5333333333333333,74.66666666666667,1,0
6.0,0,1,0,0,150.0,89.0,18.0,0.4,82.0,1,0
1.0,2,0,1,0,0.0,114.0,4.0,0.0666666666666666,93.33333333333331,1,0
7.0,3,1,1,0,60.0,76.0,19.0,0.4666666666666667,75.33333333333333,1,1
7.0,1,0,0,0,340.0,116.0,8.0,0.4666666666666667,81.33333333333333,0,0
4.0,0,0,0,0,343.0,130.0,7.0,0.2666666666666666,89.33333333333333,0,0
3.0,0,0,0,0,318.0,145.0,2.0,0.2,92.0,0,0
11.0,1,1,1,0,90.0,43.0,25.0,0.7333333333333333,64.66666666666667,1,1
11.0,3,0,0,3,30.0,83.0,4.0,0.7333333333333333,52.66666666666667,1,1
14.0,4,0,1,2,60.0,108.0,19.0,0.9333333333333332,46.66666666666666,1,1
4.0,0,0,0,0,358.0,96.0,11.0,0.2666666666666666,89.33333333333333,0,0
7.0,0,1,0,0,120.0,91.0,22.0,0.4666666666666667,79.33333333333333,1,0
7.0,1,1,0,0,0.0,41.0,5.0,0.4666666666666667,79.33333333333333,1,0
0.0,1,0,0,0,302.0,76.0,21.0,0.0,100.0,0,0
3.0,0,0,0,0,218.0,87.0,1.0,0.2,92.0,0,0
5.0,0,0,1,0,30.0,77.0,13.0,0.3333333333333333,82.66666666666667,1,0
1.0,1,1,0,0,0.0,124.0,11.0,0.0666666666666666,95.33333333333331,1,0
8.0,0,0,0,0,277.0,48.0,23.0,0.5333333333333333,78.66666666666667,0,0
1.0,0,0,0,0,352.0,134.0,18.0,0.0666666666666666,97.33333333333331,0,0
6.0,1,0,1,0,60.0,116.0,20.0,0.4,80.0,1,0
3.0,0,0,0,0,194.0,111.0,13.0,0.2,92.0,0,0
6.0,1,0,0,0,274.0,109.0,25.0,0.4,84.0,0,0
2.0,1,1,0,0,30.0,106.0,2.0,0.1333333333333333,92.66666666666669,1,0
2.0,0,0,0,0,190.0,76.0,18.0,0.1333333333333333,94.66666666666669,0,0
9.0,0,1,0,0,60.0,66.0,7.0,0.6,74.0,1,0
12.0,6,1,1,3,30.0,43.0,4.0,0.8,44.0,1,1
7.0,1,2,0,0,0.0,109.0,3.0,0.4666666666666667,77.33333333333333,1,1
10.0,4,1,3,0,30.0,85.0,20.0,0.6666666666666666,59.33333333333334,1,0
1.0,0,0,0,0,338.0,74.0,20.0,0.0666666666666666,97.33333333333331,0,0
6.0,0,0,0,0,273.0,125.0,15.0,0.4,84.0,0,0
6.0,0,0,0,0,227.0,122.0,5.0,0.4,84.0,0,0
0.0,1,0,0,0,255.0,107.0,8.0,0.0,100.0,0,0
8.0,2,1,0,1,0.0,69.0,11.0,0.5333333333333333,70.66666666666667,1,1
2.0,0,0,0,0,266.0,129.0,25.0,0.1333333333333333,94.66666666666669,0,1
0.0,2,1,0,0,90.0,111.0,1.0,0.0,98.0,1,0
2.0,0,0,0,0,200.0,120.0,1.0,0.1333333333333333,94.66666666666669,0,0
11.0,2,1,0,1,60.0,93.0,25.0,0.7333333333333333,62.66666666666667,1,1
10.0,1,0,0,1,90.0,96.0,18.0,0.6666666666666666,67.33333333333334,1,1
6.0,0,1,0,0,120.0,108.0,7.0,0.4,82.0,1,0
3.0,0,0,0,0,198.0,127.0,9.0,0.2,92.0,0,0
6.0,0,0,0,0,334.0,117.0,22.0,0.4,84.0,0,0
4.0,0,0,0,0,229.0,118.0,16.0,0.2666666666666666,89.33333333333333,0,0
9.0,3,2,2,0,0.0,10.0,12.0,0.6,64.0,1,1
4.0,0,0,0,0,341.0,91.0,22.0,0.2666666666666666,89.33333333333333,0,0
6.0,1,0,0,1,30.0,47.0,6.0,0.4,78.0,1,1
3.0,1,0,0,0,217.0,123.0,13.0,0.2,92.0,0,0
10.0,5,0,3,2,30.0,21.0,17.0,0.6666666666666666,49.33333333333334,1,1
6.0,0,0,0,0,257.0,124.0,25.0,0.4,84.0,0,0
8.0,1,0,0,0,292.0,133.0,2.0,0.5333333333333333,78.66666666666667,0,0
4.0,1,1,0,0,120.0,52.0,16.0,0.2666666666666666,87.33333333333333,1,0
9.0,1,0,0,1,150.0,109.0,10.0,0.6,70.0,1,1
12.0,3,3,0,0,60.0,92.0,22.0,0.8,62.0,1,1
10.0,4,0,1,3,0.0,26.0,8.0,0.6666666666666666,51.33333333333334,1,1
10.0,3,1,2,0,60.0,47.0,25.0,0.6666666666666666,63.33333333333334,1,1
5.0,0,0,0,0,254.0,65.0,4.0,0.3333333333333333,86.66666666666667,0,0
11.0,1,1,0,0,30.0,90.0,1.0,0.7333333333333333,68.66666666666667,1,1
7.0,1,0,0,0,303.0,73.0,14.0,0.4666666666666667,81.33333333333333,0,0
3.0,1,1,1,0,0.0,91.0,1.0,0.2,86.0,1,0
13.0,5,0,2,2,0.0,68.0,15.0,0.8666666666666667,45.33333333333333,1,1
3.0,0,0,0,0,272.0,68.0,25.0,0.2,92.0,0,0
7.0,0,1,0,0,150.0,115.0,23.0,0.4666666666666667,79.33333333333333,1,0
1.0,0,0,0,0,332.0,135.0,20.0,0.0666666666666666,97.33333333333331,0,0
9.0,3,0,1,2,0.0,28.0,6.0,0.6,60.0,1,1
3.0,0,0,0,0,315.0,82.0,11.0,0.2,92.0,0,0
0.0,1,0,0,0,277.0,93.0,16.0,0.0,100.0,0,0
8.0,0,0,0,0,242.0,124.0,18.0,0.5333333333333333,78.66666666666667,0,0
6.0,1,1,1,0,30.0,80.0,9.0,0.4,78.0,1,0
10.0,5,2,2,0,30.0,94.0,10.0,0.6666666666666666,61.33333333333334,1,1
0.0,0,1,0,0,0.0,83.0,24.0,0.0,98.0,1,0
11.0,2,1,2,0,0.0,104.0,13.0,0.7333333333333333,60.66666666666667,1,1
12.0,2,2,0,0,90.0,88.0,12.0,0.8,64.0,1,1
2.0,0,0,0,0,195.0,86.0,9.0,0.1333333333333333,94.66666666666669,0,0
6.0,0,0,0,0,260.0,50.0,3.0,0.4,84.0,0,0
7.0,2,0,2,0,30.0,93.0,25.0,0.4666666666666667,73.33333333333333,1,1
4.0,0,0,0,0,279.0,70.0,6.0,0.2666666666666666,89.33333333333333,0,0
4.0,2,1,0,0,150.0,118.0,24.0,0.2666666666666666,87.33333333333333,1,0
12.0,2,1,1,0,0.0,76.0,25.0,0.8,62.0,1,1
7.0,2,1,0,0,60.0,122.0,11.0,0.4666666666666667,79.33333333333333,1,0
6.0,1,1,0,0,120.0,52.0,24.0,0.4,82.0,1,0
13.0,2,1,0,2,0.0,70.0,15.0,0.8666666666666667,51.33333333333333,1,1
2.0,0,0,0,0,258.0,125.0,11.0,0.1333333333333333,94.66666666666669,0,0
6.0,0,0,0,0,226.0,121.0,6.0,0.4,84.0,0,0
2.0,0,0,0,0,249.0,83.0,17.0,0.1333333333333333,94.66666666666669,0,0
0.0,1,0,1,0,0.0,72.0,15.0,0.0,96.0,1,0
8.0,1,0,0,0,225.0,69.0,1.0,0.5333333333333333,78.66666666666667,0,0
6.0,1,0,2,0,60.0,37.0,13.0,0.4,76.0,1,0
8.0,2,0,0,1,60.0,120.0,8.0,0.5333333333333333,72.66666666666667,1,1
4.0,0,0,0,0,326.0,131.0,23.0,0.2666666666666666,89.33333333333333,0,0
6.0,0,0,0,0,202.0,104.0,16.0,0.4,84.0,0,0
8.0,5,1,2,1,0.0,48.0,22.0,0.5333333333333333,62.66666666666667,1,1
1.0,0,0,0,0,357.0,129.0,20.0,0.0666666666666666,97.33333333333331,0,0
10.0,2,0,1,1,0.0,61.0,15.0,0.6666666666666666,63.33333333333334,1,1
10.0,4,0,2,2,0.0,91.0,25.0,0.6666666666666666,53.33333333333334,1,1
3.0,1,0,0,0,273.0,85.0,23.0,0.2,92.0,0,0
14.0,6,1,1,3,0.0,17.0,9.0,0.9333333333333332,38.66666666666666,1,1
8.0,1,0,0,0,197.0,55.0,11.0,0.5333333333333333,78.66666666666667,0,0
7.0,0,0,0,0,223.0,118.0,11.0,0.4666666666666667,81.33333333333333,0,0
6.0,0,0,0,0,240.0,110.0,22.0,0.4,84.0,0,0
3.0,0,0,0,0,193.0,129.0,10.0,0.2,92.0,0,0
1.0,3,2,0,0,0.0,94.0,8.0,0.0666666666666666,93.33333333333331,1,0
6.0,0,0,1,0,0.0,73.0,13.0,0.4,80.0,1,0
6.0,3,1,1,0,0.0,74.0,1.0,0.4,78.0,1,0
14.0,6,2,1,2,0.0,43.0,20.0,0.9333333333333332,42.66666666666666,1,1
3.0,4,2,0,2,0.0,36.0,7.0,0.2,76.0,1,1
14.0,5,3,2,0,0.0,62.0,20.0,0.9333333333333332,48.66666666666666,1,1
4.0,0,0,0,0,205.0,99.0,2.0,0.2666666666666666,89.33333333333333,0,0
7.0,1,0,1,0,0.0,67.0,16.0,0.4666666666666667,77.33333333333333,1,0
5.0,1,1,1,0,0.0,95.0,11.0,0.3333333333333333,80.66666666666667,1,0
2.0,0,0,0,0,335.0,82.0,5.0,0.1333333333333333,94.66666666666669,0,0
1.0,0,0,0,0,249.0,62.0,12.0,0.0666666666666666,97.33333333333331,0,0
4.0,1,0,0,0,260.0,98.0,24.0,0.2666666666666666,89.33333333333333,0,0
1.0,0,0,0,0,289.0,131.0,1.0,0.0666666666666666,97.33333333333331,0,0
6.0,1,1,0,0,150.0,97.0,23.0,0.4,82.0,1,0
3.0,0,0,0,0,309.0,62.0,7.0,0.2,92.0,0,0
2.0,0,0,0,0,276.0,99.0,16.0,0.1333333333333333,94.66666666666669,0,0
9.0,1,1,1,0,0.0,101.0,21.0,0.6,70.0,1,1
9.0,2,1,0,0,90.0,105.0,3.0,0.6,74.0,1,0
3.0,1,0,1,1,0.0,87.0,14.0,0.2,82.0,1,1
3.0,2,2,0,0,30.0,70.0,12.0,0.2,88.0,1,0
3.0,1,0,0,0,293.0,138.0,21.0,0.2,92.0,0,0
6.0,0,0,0,0,316.0,83.0,8.0,0.4,84.0,0,0
14.0,3,0,2,1,0.0,39.0,25.0,0.9333333333333332,48.66666666666666,1,1
2.0,0,0,0,0,187.0,88.0,19.0,0.1333333333333333,94.66666666666669,0,0
3.0,1,2,0,0,0.0,99.0,18.0,0.2,88.0,1,0
4.0,1,2,0,0,0.0,57.0,4.0,0.2666666666666666,85.33333333333333,1,0
1.0,1,0,0,0,208.0,91.0,11.0,0.0666666666666666,97.33333333333331,0,0
6.0,2,1,1,0,60.0,112.0,10.0,0.4,78.0,1,0
12.0,3,0,1,1,90.0,81.0,8.0,0.8,58.0,1,1
9.0,5,1,2,2,0.0,42.0,10.0,0.6,54.0,1,1
11.0,1,0,0,0,305.0,88.0,20.0,0.7333333333333333,70.66666666666667,0,0
4.0,0,0,0,0,192.0,48.0,1.0,0.2666666666666666,89.33333333333333,0,0
1.0,1,0,0,0,258.0,133.0,8.0,0.0666666666666666,97.33333333333331,0,0
4.0,0,0,0,0,213.0,114.0,2.0,0.2666666666666666,89.33333333333333,0,0
6.0,0,1,0,0,90.0,84.0,9.0,0.4,82.0,1,0
12.0,2,0,1,1,30.0,29.0,8.0,0.8,58.0,1,1
5.0,1,0,0,0,229.0,48.0,8.0,0.3333333333333333,86.66666666666667,0,0
8.0,1,0,1,0,0.0,123.0,4.0,0.5333333333333333,74.66666666666667,1,0
3.0,1,0,0,0,258.0,94.0,12.0,0.2,92.0,0,0
4.0,1,0,0,1,90.0,58.0,1.0,0.2666666666666666,83.33333333333333,1,0
2.0,1,1,0,0,145.0,300.0,3.0,0.17,86.33,0,0
8.0,2,0,0,1,150.0,35.0,3.0,0.5333333333333333,72.66666666666667,1,1
12.0,1,0,0,2,30.0,110.0,2.0,0.8,56.0,1,1
2.0,0,0,0,0,191.0,131.0,5.0,0.1333333333333333,94.66666666666669,0,0
4.0,2,1,0,1,30.0,61.0,23.0,0.2666666666666666,81.33333333333333,1,1
4.0,0,0,0,0,207.0,69.0,4.0,0.2666666666666666,89.33333333333333,0,0
6.0,2,2,0,0,0.0,118.0,18.0,0.4,80.0,1,0
4.0,0,0,0,0,274.0,112.0,22.0,0.2666666666666666,89.33333333333333,0,0
6.0,4,2,1,0,30.0,94.0,1.0,0.4,76.0,1,1
7.0,4,0,4,0,0.0,25.0,7.0,0.4666666666666667,65.33333333333333,1,1
9.0,1,1,1,0,0.0,84.0,9.0,0.6,70.0,1,1
4.0,1,0,0,0,223.0,87.0,4.0,0.2666666666666666,89.33333333333333,0,0
11.0,1,0,1,0,30.0,107.0,1.0,0.7333333333333333,66.66666666666667,1,1
2.0,1,0,0,0,205.0,71.0,10.0,0.1333333333333333,94.66666666666669,0,0
8.0,1,0,0,0,339.0,84.0,16.0,0.5333333333333333,78.66666666666667,0,0
7.0,0,0,1,0,30.0,58.0,23.0,0.4666666666666667,77.33333333333333,1,0
1.0,1,0,0,0,304.0,82.0,5.0,0.0666666666666666,97.33333333333331,0,0
2.0,0,0,0,0,275.0,136.0,4.0,0.1333333333333333,94.66666666666669,0,0
4.0,2,2,0,0,90.0,52.0,17.0,0.2666666666666666,85.33333333333333,1,0
5.0,0,0,0,0,326.0,115.0,19.0,0.3333333333333333,86.66666666666667,0,0
0.0,0,0,0,0,359.0,114.0,9.0,0.0,100.0,0,0
3.0,0,1,0,0,150.0,43.0,6.0,0.2,90.0,1,0
1.0,1,0,0,0,262.0,78.0,12.0,0.0666666666666666,97.33333333333331,0,0
2.0,1,2,0,0,120.0,108.0,21.0,0.1333333333333333,90.66666666666669,1,0
4.0,1,0,0,0,296.0,95.0,15.0,0.2666666666666666,89.33333333333333,0,0
2.0,1,0,1,0,0.0,43.0,19.0,0.1333333333333333,90.66666666666669,1,0
2.0,2,0,2,0,120.0,30.0,20.0,0.1333333333333333,86.66666666666667,1,0
4.0,0,0,1,0,0.0,102.0,12.0,0.2666666666666666,85.33333333333333,1,0
6.0,3,0,2,0,60.0,82.0,13.0,0.4,76.0,1,1
10.0,4,1,1,2,0.0,86.0,12.0,0.6666666666666666,55.33333333333334,1,1
2.0,0,1,0,0,120.0,59.0,8.0,0.1333333333333333,92.66666666666669,1,0
8.0,1,1,0,0,150.0,42.0,13.0,0.5333333333333333,76.66666666666667,1,0
6.0,2,1,1,0,0.0,103.0,19.0,0.4,78.0,1,1
13.0,5,1,0,4,0.0,86.0,20.0,0.8666666666666667,39.33333333333333,1,1
3.0,0,0,1,0,120.0,27.0,14.0,0.2,88.0,1,0
0.0,0,0,0,0,205.0,75.0,6.0,0.0,100.0,0,0
12.0,4,2,2,1,0.0,16.0,22.0,0.8,50.0,1,1
3.0,2,0,1,0,60.0,68.0,14.0,0.2,88.0,1,0
4.0,1,0,0,0,210.0,56.0,17.0,0.2666666666666666,89.33333333333333,0,0
3.0,0,0,0,0,360.0,87.0,13.0,0.2,92.0,0,0
3.0,0,0,0,0,258.0,74.0,7.0,0.2,92.0,0,1
8.0,2,3,0,0,30.0,43.0,17.0,0.5333333333333333,72.66666666666667,1,1
4.0,2,0,1,0,30.0,68.0,1.0,0.2666666666666666,85.33333333333333,1,0
4.0,1,0,0,0,205.0,76.0,9.0,0.2666666666666666,89.33333333333333,0,0
10.0,4,1,2,1,0.0,39.0,8.0,0.6666666666666666,57.33333333333334,1,1
13.0,0,0,0,1,0.0,86.0,14.0,0.8666666666666667,59.33333333333333,1,1
4.0,0,0,0,0,182.0,115.0,14.0,0.2666666666666666,89.33333333333333,0,0
5.0,1,0,0,0,268.0,58.0,8.0,0.3333333333333333,86.66666666666667,0,0
0.0,1,0,0,0,205.0,121.0,10.0,0.0,100.0,0,0
7.0,5,0,3,1,0.0,67.0,11.0,0.4666666666666667,63.33333333333333,1,1
2.0,1,0,0,0,356.0,106.0,22.0,0.1333333333333333,94.66666666666669,0,0
7.0,1,1,1,0,0.0,84.0,10.0,0.4666666666666667,75.33333333333333,1,0
1.0,2,1,0,0,30.0,89.0,13.0,0.0666666666666666,95.33333333333331,1,0
4.0,1,1,0,0,30.0,88.0,2.0,0.2666666666666666,87.33333333333333,1,0
6.0,3,1,2,0,0.0,60.0,3.0,0.4,74.0,1,1
4.0,0,0,0,0,355.0,58.0,4.0,0.2666666666666666,89.33333333333333,0,0
1.0,0,0,0,0,244.0,116.0,19.0,0.0666666666666666,97.33333333333331,0,0
4.0,1,0,0,0,308.0,92.0,1.0,0.2666666666666666,89.33333333333333,0,0
7.0,2,0,1,0,0.0,82.0,19.0,0.4666666666666667,77.33333333333333,1,0
1.0,2,1,0,0,120.0,67.0,10.0,0.0666666666666666,95.33333333333331,1,0
3.0,2,1,0,0,30.0,51.0,18.0,0.2,90.0,1,0
11.0,4,2,0,1,30.0,49.0,14.0,0.7333333333333333,60.66666666666667,1,1
1.0,1,0,0,0,285.0,82.0,24.0,0.0666666666666666,97.33333333333331,0,0
4.0,1,1,1,0,0.0,55.0,8.0,0.2666666666666666,83.33333333333333,1,0
3.0,1,0,0,0,181.0,72.0,24.0,0.2,92.0,0,0
1.0,2,1,0,0,120.0,99.0,10.0,0.0666666666666666,95.33333333333331,1,0
10.0,4,2,1,0,30.0,77.0,3.0,0.6666666666666666,65.33333333333334,1,1
12.0,3,0,3,1,0.0,90.0,1.0,0.8,50.0,1,1
10.0,2,1,1,0,30.0,59.0,4.0,0.6666666666666666,67.33333333333334,1,1
2.0,2,1,0,0,120.0,53.0,18.0,0.1333333333333333,92.66666666666669,1,0
11.0,3,1,1,1,0.0,63.0,9.0,0.7333333333333333,58.66666666666667,1,1
3.0,2,1,0,0,60.0,86.0,7.0,0.2,90.0,1,0
3.0,1,0,1,0,0.0,115.0,6.0,0.2,88.0,1,0
6.0,1,0,0,0,229.0,69.0,1.0,0.4,84.0,0,0
10.0,0,1,0,0,0.0,124.0,2.0,0.6666666666666666,71.33333333333334,1,0
5.0,0,0,0,0,312.0,125.0,21.0,0.3333333333333333,86.66666666666667,0,0
12.0,4,1,1,2,0.0,38.0,23.0,0.8,50.0,1,1
8.0,1,1,0,0,30.0,85.0,15.0,0.5333333333333333,76.66666666666667,1,0
10.0,2,0,1,2,0.0,81.0,23.0,0.6666666666666666,57.33333333333334,1,0
11.0,2,1,2,0,0.0,24.0,18.0,0.7333333333333333,60.66666666666667,1,1
8.0,0,0,0,0,293.0,93.0,19.0,0.5333333333333333,78.66666666666667,0,0
3.0,2,0,1,0,120.0,107.0,24.0,0.2,88.0,1,0
4.0,0,0,0,0,219.0,52.0,21.0,0.2666666666666666,89.33333333333333,0,0
5.0,1,0,0,0,360.0,91.0,19.0,0.3333333333333333,86.66666666666667,0,0
2.0,2,1,0,0,120.0,91.0,14.0,0.1333333333333333,92.66666666666669,1,0
11.0,2,0,2,0,90.0,89.0,23.0,0.7333333333333333,62.66666666666667,1,1
6.0,3,2,1,0,0.0,46.0,6.0,0.4,76.0,1,1
12.0,4,1,2,0,60.0,52.0,14.0,0.8,58.0,1,1
4.0,0,0,0,0,354.0,127.0,13.0,0.2666666666666666,89.33333333333333,0,0
4.0,1,0,0,0,360.0,104.0,15.0,0.2666666666666666,89.33333333333333,0,0
3.0,0,0,0,0,309.0,72.0,21.0,0.2,92.0,0,0
4.0,0,1,0,0,60.0,55.0,18.0,0.2666666666666666,87.33333333333333,1,0
12.0,1,0,1,0,0.0,97.0,12.0,0.8,64.0,1,1
4.0,0,0,0,0,254.0,61.0,23.0,0.2666666666666666,89.33333333333333,0,0
5.0,2,0,1,0,0.0,52.0,16.0,0.3333333333333333,82.66666666666667,1,0
10.0,2,1,1,0,60.0,38.0,20.0,0.6666666666666666,67.33333333333334,1,1
10.0,3,0,2,1,0.0,66.0,14.0,0.6666666666666666,59.33333333333334,1,1
6.0,1,0,1,0,150.0,55.0,23.0,0.4,80.0,1,0
12.0,1,0,1,1,0.0,93.0,4.0,0.8,58.0,1,1
1.0,0,0,0,0,339.0,122.0,18.0,0.0666666666666666,97.33333333333331,0,0
4.0,0,0,0,0,291.0,108.0,23.0,0.2666666666666666,89.33333333333333,0,0
13.0,5,1,2,1,0.0,27.0,16.0,0.8666666666666667,49.33333333333333,1,1
1.0,0,0,0,0,258.0,62.0,7.0,0.0666666666666666,97.33333333333331,0,0
11.0,1,0,0,0,223.0,69.0,18.0,0.7333333333333333,70.66666666666667,0,0
4.0,1,1,0,0,150.0,61.0,16.0,0.2666666666666666,87.33333333333333,1,0
5.0,1,0,0,0,262.0,124.0,9.0,0.3333333333333333,86.66666666666667,0,0
2.0,1,0,0,0,344.0,70.0,23.0,0.1333333333333333,94.66666666666669,0,0
10.0,1,0,1,0,90.0,104.0,11.0,0.6666666666666666,69.33333333333334,1,1
6.0,1,0,0,0,287.0,143.0,1.0,0.4,84.0,0,0
2.0,0,0,0,0,188.0,114.0,8.0,0.1333333333333333,94.66666666666669,0,0
7.0,0,1,0,0,30.0,49.0,24.0,0.4666666666666667,79.33333333333333,1,0
6.0,2,2,0,0,60.0,92.0,2.0,0.4,80.0,1,0
5.0,0,0,0,0,257.0,62.0,1.0,0.3333333333333333,86.66666666666667,0,0
6.0,2,0,0,1,150.0,106.0,3.0,0.4,78.0,1,0
4.0,0,0,0,0,258.0,141.0,4.0,0.2666666666666666,89.33333333333333,0,0
6.0,3,0,1,1,30.0,36.0,16.0,0.4,74.0,1,1
2.0,1,0,0,0,274.0,61.0,9.0,0.1333333333333333,94.66666666666669,0,0
2.0,0,0,0,0,232.0,84.0,12.0,0.1333333333333333,94.66666666666669,0,0
5.0,1,1,0,0,60.0,44.0,6.0,0.3333333333333333,84.66666666666667,1,0
10.0,3,1,1,2,0.0,64.0,14.0,0.6666666666666666,55.33333333333334,1,1
0.0,1,0,0,0,336.0,103.0,5.0,0.0,100.0,0,0
1.0,0,0,0,0,332.0,75.0,24.0,0.0666666666666666,97.33333333333331,0,0
11.0,2,0,1,2,90.0,86.0,2.0,0.7333333333333333,54.66666666666667,1,1
14.0,1,1,0,0,120.0,105.0,18.0,0.9333333333333332,60.66666666666666,1,1
3.0,2,1,1,0,30.0,74.0,23.0,0.2,86.0,1,0
13.0,3,1,0,2,90.0,64.0,14.0,0.8666666666666667,51.33333333333333,1,0
10.0,2,1,0,1,0.0,110.0,3.0,0.6666666666666666,65.33333333333334,1,1
10.0,2,1,0,1,30.0,41.0,9.0,0.6666666666666666,65.33333333333334,1,1
12.0,2,1,1,1,0.0,81.0,4.0,0.8,56.0,1,1
7.0,0,1,0,0,150.0,38.0,2.0,0.4666666666666667,79.33333333333333,1,0
0.0,0,0,0,0,321.0,88.0,3.0,0.0,100.0,0,0
7.0,0,0,1,0,120.0,35.0,1.0,0.4666666666666667,77.33333333333333,1,0
3.0,1,0,0,0,257.0,111.0,13.0,0.2,92.0,0,0
5.0,1,0,1,0,150.0,97.0,15.0,0.3333333333333333,82.66666666666667,1,0
1.0,0,0,0,0,328.0,132.0,23.0,0.0666666666666666,97.33333333333331,0,0
6.0,3,0,2,0,30.0,111.0,9.0,0.4,76.0,1,1
14.0,2,1,2,0,0.0,64.0,23.0,0.9333333333333332,52.66666666666666,1,1
2.0,0,0,0,0,257.0,53.0,23.0,0.1333333333333333,94.66666666666669,0,0
0.0,1,0,0,0,235.0,127.0,9.0,0.0,100.0,0,0
10.0,1,0,1,0,30.0,68.0,25.0,0.6666666666666666,69.33333333333334,1,1
6.0,1,0,0,0,260.0,112.0,4.0,0.4,84.0,0,0
3.0,0,0,0,0,337.0,63.0,15.0,0.2,92.0,0,0
4.0,4,0,3,0,0.0,103.0,11.0,0.2666666666666666,77.33333333333333,1,1
4.0,1,0,0,0,195.0,98.0,6.0,0.2666666666666666,89.33333333333333,0,0
10.0,0,0,0,1,0.0,100.0,16.0,0.6666666666666666,67.33333333333334,1,1
12.0,2,2,1,0,0.0,85.0,3.0,0.8,60.0,1,1
2.0,1,0,0,0,325.0,130.0,21.0,0.1333333333333333,94.66666666666669,0,0
11.0,2,1,0,1,30.0,118.0,24.0,0.7333333333333333,62.66666666666667,1,1
5.0,2,1,0,1,120.0,95.0,23.0,0.3333333333333333,78.66666666666667,1,1
3.0,1,0,1,0,120.0,114.0,21.0,0.2,88.0,1,0
0.0,0,0,0,0,345.0,129.0,1.0,0.0,100.0,0,0
11.0,4,1,3,0,0.0,33.0,10.0,0.7333333333333333,56.66666666666667,1,1
0.0,0,0,0,0,309.0,87.0,14.0,0.0,100.0,0,0
1.0,0,0,0,0,331.0,122.0,14.0,0.0666666666666666,97.33333333333331,0,0
2.0,0,0,0,0,223.0,114.0,10.0,0.1333333333333333,94.66666666666669,0,0
3.0,2,2,0,0,60.0,26.0,1.0,0.2,88.0,1,0
8.0,4,1,0,2,0.0,39.0,24.0,0.5333333333333333,64.66666666666667,1,1
3.0,1,0,0,0,245.0,80.0,12.0,0.2,92.0,0,0
4.0,0,0,0,0,352.0,118.0,22.0,0.2666666666666666,89.33333333333333,0,0
4.0,1,1,1,0,60.0,100.0,13.0,0.2666666666666666,83.33333333333333,1,0
7.0,2,2,0,0,60.0,94.0,25.0,0.4666666666666667,77.33333333333333,1,0
10.0,2,0,0,1,150.0,29.0,18.0,0.6666666666666666,67.33333333333334,1,1
7.0,1,1,0,0,120.0,81.0,23.0,0.4666666666666667,79.33333333333333,1,0
8.0,1,0,1,0,150.0,56.0,21.0,0.5333333333333333,74.66666666666667,1,0
3.0,0,0,0,0,294.0,70.0,23.0,0.2,92.0,0,0
4.0,1,2,0,0,90.0,79.0,19.0,0.2666666666666666,85.33333333333333,1,0
9.0,2,0,0,2,30.0,50.0,20.0,0.6,64.0,1,1
0.0,2,0,1,0,0.0,63.0,10.0,0.0,96.0,1,0
4.0,1,0,0,0,332.0,72.0,1.0,0.2666666666666666,89.33333333333333,0,0
12.0,1,0,0,1,60.0,76.0,25.0,0.8,62.0,1,1
0.0,0,1,0,0,120.0,109.0,1.0,0.0,98.0,1,0
13.0,2,2,1,0,30.0,105.0,6.0,0.8666666666666667,57.33333333333333,1,1
2.0,1,0,0,1,120.0,78.0,23.0,0.1333333333333333,88.66666666666667,1,0
14.0,2,1,0,1,90.0,100.0,4.0,0.9333333333333332,54.66666666666666,1,1
6.0,1,1,0,0,60.0,106.0,9.0,0.4,82.0,1,0
10.0,1,0,0,0,221.0,59.0,20.0,0.6666666666666666,73.33333333333334,0,0
4.0,1,0,0,0,180.0,123.0,2.0,0.2666666666666666,89.33333333333333,0,0
4.0,0,0,0,0,266.0,131.0,16.0,0.2666666666666666,89.33333333333333,0,0
10.0,1,1,0,1,30.0,86.0,13.0,0.6666666666666666,65.33333333333334,1,1
2.0,1,1,0,0,0.0,114.0,25.0,0.1333333333333333,92.66666666666669,1,0
0.0,2,2,0,0,30.0,31.0,18.0,0.0,96.0,1,0
5.0,1,1,0,0,60.0,36.0,1.0,0.3333333333333333,84.66666666666667,1,0
11.0,3,1,1,0,60.0,38.0,10.0,0.7333333333333333,64.66666666666667,1,1
13.0,3,1,1,1,0.0,57.0,12.0,0.8666666666666667,53.33333333333333,1,1
0.0,0,0,0,0,335.0,111.0,4.0,0.0,100.0,0,0
8.0,1,0,0,0,228.0,62.0,22.0,0.5333333333333333,78.66666666666667,0,0
8.0,3,1,1,0,30.0,71.0,23.0,0.5333333333333333,72.66666666666667,1,1
1.0,0,0,0,0,182.0,120.0,23.0,0.0666666666666666,97.33333333333331,0,0
8.0,0,0,0,0,321.0,140.0,1.0,0.5333333333333333,78.66666666666667,0,0
3.0,1,0,0,0,266.0,51.0,18.0,0.2,92.0,0,0
1.0,1,0,0,0,278.0,57.0,13.0,0.0666666666666666,97.33333333333331,0,0
0.0,1,0,0,0,201.0,98.0,10.0,0.0,100.0,0,0
3.0,2,1,0,0,30.0,45.0,8.0,0.2,90.0,1,0
4.0,0,0,0,0,314.0,111.0,5.0,0.2666666666666666,89.33333333333333,0,0
0.0,0,0,0,0,289.0,118.0,18.0,0.0,100.0,0,0
13.0,3,0,1,1,60.0,32.0,20.0,0.8666666666666667,55.33333333333333,1,1
7.0,0,0,0,0,187.0,122.0,24.0,0.4666666666666667,81.33333333333333,0,0
11.0,1,1,1,0,0.0,22.0,21.0,0.7333333333333333,64.66666666666667,1,1
4.0,1,1,0,0,90.0,106.0,17.0,0.2666666666666666,87.33333333333333,1,0
6.0,1,1,0,0,120.0,71.0,10.0,0.4,82.0,1,0
2.0,0,1,0,0,30.0,96.0,1.0,0.1333333333333333,92.66666666666669,1,0
3.0,0,0,0,0,301.0,81.0,3.0,0.2,92.0,0,0
9.0,2,1,0,1,0.0,104.0,16.0,0.6,68.0,1,1
14.0,3,0,2,1,30.0,26.0,14.0,0.9333333333333332,48.66666666666666,1,1
9.0,1,0,1,0,120.0,94.0,5.0,0.6,72.0,1,0
6.0,0,1,0,0,30.0,100.0,11.0,0.4,82.0,1,0
10.0,4,2,0,1,0.0,26.0,12.0,0.6666666666666666,63.33333333333334,1,1
1.0,2,1,0,0,90.0,111.0,8.0,0.0666666666666666,95.33333333333331,1,0
2.0,0,0,0,0,289.0,117.0,19.0,0.1333333333333333,94.66666666666669,0,0
3.0,1,0,0,0,217.0,73.0,25.0,0.2,92.0,0,0
3.0,0,0,0,0,327.0,124.0,19.0,0.2,92.0,0,0
12.0,1,0,0,0,328.0,128.0,13.0,0.8,68.0,0,0
6.0,1,1,0,1,0.0,88.0,2.0,0.4,76.0,1,1
12.0,4,2,0,1,60.0,69.0,10.0,0.8,58.0,1,1
1.0,1,0,0,0,344.0,105.0,2.0,0.0666666666666666,97.33333333333331,0,0
12.0,3,1,0,2,60.0,80.0,9.0,0.8,54.0,1,1
12.0,2,0,1,0,60.0,69.0,5.0,0.8,64.0,1,1
12.0,4,0,1,2,0.0,52.0,13.0,0.8,52.0,1,1
3.0,0,0,0,0,195.0,46.0,24.0,0.2,92.0,0,0
3.0,1,1,0,0,0.0,45.0,17.0,0.2,90.0,1,0
11.0,2,0,2,0,0.0,97.0,11.0,0.7333333333333333,62.66666666666667,1,1
7.0,3,2,0,0,30.0,105.0,1.0,0.4666666666666667,77.33333333333333,1,0
3.0,0,0,0,0,360.0,104.0,12.0,0.2,92.0,0,0
0.0,0,0,0,0,278.0,142.0,1.0,0.0,100.0,0,0
3.0,2,0,1,0,0.0,77.0,14.0,0.2,88.0,1,0
4.0,0,0,0,0,321.0,94.0,8.0,0.2666666666666666,89.33333333333333,0,0
11.0,5,1,1,2,30.0,87.0,24.0,0.7333333333333333,52.66666666666667,1,1
4.0,1,2,0,0,0.0,56.0,2.0,0.2666666666666666,85.33333333333333,1,0
11.0,3,1,1,1,30.0,74.0,7.0,0.7333333333333333,58.66666666666667,1,1
2.0,0,1,0,0,0.0,112.0,22.0,0.1333333333333333,92.66666666666669,1,0
1.0,1,0,0,0,319.0,129.0,7.0,0.0666666666666666,97.33333333333331,0,1
0.0,2,1,0,0,150.0,75.0,11.0,0.0,98.0,1,0
8.0,0,0,0,0,249.0,109.0,3.0,0.5333333333333333,78.66666666666667,0,0
12.0,3,1,1,0,120.0,83.0,25.0,0.8,62.0,1,1
9.0,0,0,0,0,258.0,81.0,4.0,0.6,76.0,0,0
4.0,2,0,2,0,90.0,93.0,9.0,0.2666666666666666,81.33333333333333,1,0
6.0,2,1,2,0,0.0,86.0,11.0,0.4,74.0,1,1
5.0,0,0,0,0,214.0,88.0,24.0,0.3333333333333333,86.66666666666667,0,0
1.0,0,0,0,0,334.0,58.0,1.0,0.0666666666666666,97.33333333333331,0,0
8.0,3,1,2,1,0.0,41.0,5.0,0.5333333333333333,62.66666666666667,1,1
8.0,2,0,0,1,120.0,62.0,20.0,0.5333333333333333,72.66666666666667,1,1
12.0,3,0,2,2,0.0,38.0,14.0,0.8,48.0,1,1
7.0,0,1,0,0,90.0,112.0,13.0,0.4666666666666667,79.33333333333333,1,0
11.0,5,0,2,2,0.0,65.0,10.0,0.7333333333333333,50.66666666666667,1,1
10.0,4,2,2,1,0.0,36.0,18.0,0.6666666666666666,55.33333333333334,1,1
8.0,2,1,1,0,30.0,88.0,19.0,0.5333333333333333,72.66666666666667,1,1
5.0,1,0,1,0,0.0,36.0,12.0,0.3333333333333333,82.66666666666667,1,0
3.0,0,0,0,0,258.0,108.0,25.0,0.2,92.0,0,0
5.0,0,0,0,0,218.0,78.0,15.0,0.3333333333333333,86.66666666666667,0,0
0.0,0,1,0,0,0.0,58.0,7.0,0.0,98.0,1,0
10.0,2,1,2,0,0.0,56.0,12.0,0.6666666666666666,63.33333333333334,1,1
6.0,0,0,0,1,30.0,50.0,12.0,0.4,78.0,1,0
0.0,1,1,0,0,90.0,56.0,7.0,0.0,98.0,1,0
5.0,1,0,0,0,230.0,52.0,15.0,0.3333333333333333,86.66666666666667,0,0
10.0,3,0,1,1,90.0,50.0,12.0,0.6666666666666666,63.33333333333334,1,1
4.0,3,1,1,0,0.0,38.0,25.0,0.2666666666666666,83.33333333333333,1,0
7.0,3,0,1,1,0.0,112.0,12.0,0.4666666666666667,71.33333333333333,1,1
1.0,0,0,0,0,291.0,91.0,16.0,0.0666666666666666,97.33333333333331,0,0
12.0,3,1,2,1,60.0,75.0,24.0,0.8,52.0,1,1
1.0,0,0,0,0,348.0,63.0,19.0,0.0666666666666666,97.33333333333331,0,0
13.0,4,1,2,1,0.0,91.0,15.0,0.8666666666666667,49.33333333333333,1,1
7.0,0,0,0,1,0.0,48.0,13.0,0.4666666666666667,75.33333333333333,1,1
11.0,3,0,2,1,0.0,74.0,8.0,0.7333333333333333,56.66666666666667,1,1
9.0,2,1,0,0,120.0,33.0,15.0,0.6,74.0,1,0
8.0,0,0,0,0,321.0,88.0,7.0,0.5333333333333333,78.66666666666667,0,0
2.0,0,0,0,0,348.0,122.0,18.0,0.1333333333333333,94.66666666666669,0,0
4.0,1,0,0,0,199.0,98.0,4.0,0.2666666666666666,89.33333333333333,0,0
7.0,2,2,0,0,30.0,63.0,5.0,0.4666666666666667,77.33333333333333,1,0
12.0,3,1,0,2,30.0,72.0,20.0,0.8,54.0,1,1
3.0,1,1,0,0,60.0,122.0,20.0,0.2,90.0,1,0
3.0,1,1,0,0,0.0,68.0,20.0,0.2,90.0,1,0
9.0,2,0,1,0,120.0,29.0,21.0,0.6,72.0,1,1
4.0,1,0,0,0,200.0,128.0,10.0,0.2666666666666666,89.33333333333333,0,0
3.0,1,1,0,0,150.0,68.0,2.0,0.2,90.0,1,0
6.0,0,0,0,0,250.0,61.0,25.0,0.4,84.0,0,0
4.0,1,0,1,0,90.0,85.0,23.0,0.2666666666666666,85.33333333333333,1,0
2.0,1,0,0,0,234.0,68.0,10.0,0.1333333333333333,94.66666666666669,0,0
2.0,0,0,0,0,244.0,81.0,24.0,0.1333333333333333,94.66666666666669,0,0
6.0,1,0,0,0,287.0,68.0,4.0,0.4,84.0,0,0
10.0,3,0,2,1,0.0,31.0,1.0,0.6666666666666666,59.33333333333334,1,1
12.0,4,0,1,3,0.0,59.0,13.0,0.8,46.0,1,1
3.0,2,1,1,0,60.0,64.0,15.0,0.2,86.0,1,0
0.0,0,0,0,0,350.0,72.0,16.0,0.0,100.0,0,0
5.0,1,0,0,1,120.0,83.0,13.0,0.3333333333333333,80.66666666666667,1,1
10.0,2,1,0,1,0.0,116.0,19.0,0.6666666666666666,65.33333333333334,1,1
12.0,5,0,0,4,0.0,46.0,22.0,0.8,44.0,1,1
1.0,2,0,1,0,150.0,50.0,6.0,0.0666666666666666,93.33333333333331,1,1
2.0,1,1,0,0,60.0,40.0,25.0,0.1333333333333333,92.66666666666669,1,0
8.0,1,1,0,0,150.0,114.0,12.0,0.5333333333333333,76.66666666666667,1,0
1.0,0,0,0,0,292.0,115.0,21.0,0.0666666666666666,97.33333333333331,0,0
1.0,1,0,0,0,348.0,125.0,18.0,0.0666666666666666,97.33333333333331,0,0
8.0,1,2,0,0,30.0,54.0,15.0,0.5333333333333333,74.66666666666667,1,0
7.0,1,0,1,0,120.0,60.0,25.0,0.4666666666666667,77.33333333333333,1,0
10.0,0,0,0,1,90.0,51.0,19.0,0.6666666666666666,67.33333333333334,1,1
4.0,0,0,0,0,196.0,51.0,13.0,0.2666666666666666,89.33333333333333,0,0
1.0,0,0,0,0,222.0,112.0,2.0,0.0666666666666666,97.33333333333331,0,0
0.0,1,0,1,0,60.0,55.0,12.0,0.0,96.0,1,0
3.0,0,1,0,0,120.0,36.0,2.0,0.2,90.0,1,0
4.0,1,0,0,0,238.0,47.0,16.0,0.2666666666666666,89.33333333333333,0,0
1.0,0,0,0,0,356.0,137.0,23.0,0.0666666666666666,97.33333333333331,0,0
6.0,0,0,0,1,150.0,91.0,25.0,0.4,78.0,1,1
9.0,2,0,1,1,90.0,20.0,15.0,0.6,66.0,1,1
10.0,3,0,0,2,0.0,91.0,10.0,0.6666666666666666,61.33333333333334,1,1
10.0,1,1,1,0,60.0,29.0,7.0,0.6666666666666666,67.33333333333334,1,1
4.0,1,0,0,0,207.0,75.0,13.0,0.2666666666666666,89.33333333333333,0,0
2.0,0,0,0,0,227.0,107.0,23.0,0.1333333333333333,94.66666666666669,0,0
6.0,1,1,0,0,150.0,46.0,24.0,0.4,82.0,1,0
4.0,0,0,0,0,354.0,105.0,8.0,0.2666666666666666,89.33333333333333,0,0
0.0,1,0,0,0,216.0,76.0,25.0,0.0,100.0,0,0
4.0,1,0,0,1,90.0,28.0,13.0,0.2666666666666666,83.33333333333333,1,0
9.0,2,1,1,0,60.0,90.0,21.0,0.6,70.0,1,1
4.0,0,0,0,0,326.0,100.0,21.0,0.2666666666666666,89.33333333333333,0,0
3.0,0,0,0,0,237.0,108.0,2.0,0.2,92.0,0,0
4.0,0,1,0,0,150.0,43.0,22.0,0.2666666666666666,87.33333333333333,1,0
2.0,1,1,0,0,0.0,54.0,10.0,0.1333333333333333,92.66666666666669,1,0
2.0,2,0,1,0,60.0,109.0,23.0,0.1333333333333333,90.66666666666669,1,1
4.0,0,0,0,0,280.0,53.0,24.0,0.2666666666666666,89.33333333333333,0,0
4.0,0,0,0,0,232.0,56.0,9.0,0.2666666666666666,89.33333333333333,0,0
7.0,3,1,1,0,90.0,93.0,15.0,0.4666666666666667,75.33333333333333,1,1
12.0,3,2,0,1,90.0,15.0,2.0,0.8,58.0,1,1
7.0,1,0,1,1,0.0,72.0,15.0,0.4666666666666667,71.33333333333333,1,1
8.0,1,1,0,0,90.0,105.0,3.0,0.5333333333333333,76.66666666666667,1,0
11.0,1,0,0,2,0.0,63.0,20.0,0.7333333333333333,58.66666666666667,1,1
8.0,1,2,0,0,90.0,103.0,11.0,0.5333333333333333,74.66666666666667,1,1
14.0,3,1,1,2,30.0,70.0,2.0,0.9333333333333332,44.66666666666666,1,1
2.0,0,0,0,0,198.0,87.0,19.0,0.1333333333333333,94.66666666666669,0,0
12.0,4,1,3,0,30.0,51.0,16.0,0.8,54.0,1,1
6.0,3,1,1,1,30.0,93.0,9.0,0.4,72.0,1,1
0.0,2,1,0,0,90.0,44.0,21.0,0.0,98.0,1,0
4.0,1,0,0,0,295.0,101.0,14.0,0.2666666666666666,89.33333333333333,0,0
9.0,4,1,1,2,30.0,39.0,2.0,0.6,58.0,1,1
4.0,1,1,0,0,120.0,104.0,19.0,0.2666666666666666,87.33333333333333,1,0
7.0,0,0,0,0,218.0,120.0,19.0,0.4666666666666667,81.33333333333333,0,0
0.0,0,0,1,0,30.0,95.0,13.0,0.0,96.0,1,0
2.0,0,0,0,0,183.0,121.0,18.0,0.1333333333333333,94.66666666666669,0,0
12.0,2,0,0,1,90.0,49.0,7.0,0.8,62.0,1,1
11.0,4,1,2,2,30.0,27.0,6.0,0.7333333333333333,48.66666666666667,1,1
1.0,0,0,0,0,252.0,97.0,17.0,0.0666666666666666,97.33333333333331,0,0
1.0,0,0,0,0,360.0,87.0,5.0,0.0666666666666666,97.33333333333331,0,0
3.0,0,0,0,0,350.0,61.0,3.0,0.2,92.0,0,0
12.0,5,0,2,2,0.0,20.0,8.0,0.8,48.0,1,1
5.0,1,0,0,0,234.0,115.0,6.0,0.3333333333333333,86.66666666666667,0,0
13.0,3,1,0,1,0.0,112.0,21.0,0.8666666666666667,57.33333333333333,1,1
3.0,0,0,0,0,208.0,114.0,25.0,0.2,92.0,0,0
8.0,1,0,1,0,90.0,48.0,24.0,0.5333333333333333,74.66666666666667,1,0
6.0,4,0,2,1,30.0,29.0,20.0,0.4,70.0,1,1
6.0,0,0,0,0,213.0,104.0,16.0,0.4,84.0,0,0
4.0,0,0,0,0,212.0,117.0,12.0,0.2666666666666666,89.33333333333333,0,0
0.0,1,1,0,0,90.0,89.0,19.0,0.0,98.0,1,0
2.0,0,0,0,0,316.0,143.0,14.0,0.1333333333333333,94.66666666666669,0,0
4.0,0,0,0,0,341.0,123.0,10.0,0.2666666666666666,89.33333333333333,0,0
8.0,2,2,0,1,60.0,58.0,8.0,0.5333333333333333,68.66666666666667,1,1
4.0,0,0,0,0,248.0,99.0,14.0,0.2666666666666666,89.33333333333333,0,0
4.0,0,0,0,0,325.0,119.0,19.0,0.2666666666666666,89.33333333333333,0,0
3.0,0,0,0,0,316.0,73.0,9.0,0.2,92.0,0,0
4.0,0,0,0,0,256.0,53.0,10.0,0.2666666666666666,89.33333333333333,0,0
8.0,3,1,1,0,30.0,70.0,19.0,0.5333333333333333,72.66666666666667,1,1
6.0,0,1,0,0,150.0,43.0,19.0,0.4,82.0,1,0
4.0,1,2,0,0,0.0,93.0,15.0,0.2666666666666666,85.33333333333333,1,0
3.0,0,0,0,0,348.0,112.0,8.0,0.2,92.0,0,0
3.0,0,0,0,0,308.0,107.0,11.0,0.2,92.0,0,0
10.0,4,2,0,1,60.0,99.0,4.0,0.6666666666666666,63.33333333333334,1,1
1.0,1,0,0,0,236.0,56.0,11.0,0.0666666666666666,97.33333333333331,0,0
4.0,1,0,0,0,232.0,106.0,22.0,0.2666666666666666,89.33333333333333,0,1
2.0,2,1,0,0,150.0,109.0,14.0,0.1333333333333333,92.66666666666669,1,0
4.0,1,1,0,0,30.0,48.0,5.0,0.2666666666666666,87.33333333333333,1,0
2.0,1,0,0,0,310.0,112.0,14.0,0.1333333333333333,94.66666666666669,0,0
0.0,0,1,0,0,0.0,54.0,8.0,0.0,98.0,1,0
3.0,0,0,0,0,268.0,76.0,11.0,0.2,92.0,0,0
5.0,0,1,0,0,60.0,83.0,22.0,0.3333333333333333,84.66666666666667,1,0
8.0,3,0,3,0,0.0,72.0,2.0,0.5333333333333333,66.66666666666667,1,1
12.0,1,0,2,0,0.0,54.0,17.0,0.8,60.0,1,1
8.0,3,1,2,1,0.0,56.0,17.0,0.5333333333333333,62.66666666666667,1,1
10.0,4,0,2,1,0.0,53.0,5.0,0.6666666666666666,59.33333333333334,1,1
2.0,1,0,0,0,186.0,122.0,3.0,0.1333333333333333,94.66666666666669,0,0
11.0,1,0,1,0,0.0,73.0,14.0,0.7333333333333333,66.66666666666667,1,1
2.0,0,0,0,0,232.0,67.0,8.0,0.1333333333333333,94.66666666666669,0,0
7.0,0,0,0,0,281.0,71.0,23.0,0.4666666666666667,81.33333333333333,0,0
4.0,0,0,0,0,232.0,119.0,19.0,0.2666666666666666,89.33333333333333,0,0
0.0,0,0,0,0,317.0,63.0,3.0,0.0,100.0,0,0
1.0,2,0,1,0,90.0,69.0,17.0,0.0666666666666666,93.33333333333331,1,0
2.0,1,0,1,0,120.0,84.0,12.0,0.1333333333333333,90.66666666666669,1,0
7.0,1,0,0,0,211.0,78.0,21.0,0.4666666666666667,81.33333333333333,0,0
2.0,0,0,0,0,293.0,66.0,3.0,0.1333333333333333,94.66666666666669,0,0
6.0,2,0,1,1,0.0,37.0,11.0,0.4,74.0,1,1
7.0,1,2,0,0,0.0,77.0,24.0,0.4666666666666667,77.33333333333333,1,0
8.0,1,0,0,1,90.0,97.0,23.0,0.5333333333333333,72.66666666666667,1,1
9.0,5,0,3,1,0.0,26.0,21.0,0.6,58.0,1,1
6.0,0,0,0,0,248.0,62.0,21.0,0.4,84.0,0,0
11.0,1,1,0,1,0.0,100.0,15.0,0.7333333333333333,62.66666666666667,1,1
4.0,0,0,0,0,331.0,140.0,13.0,0.2666666666666666,89.33333333333333,0,0
3.0,0,0,0,0,276.0,67.0,17.0,0.2,92.0,0,0
6.0,0,0,0,0,180.0,63.0,3.0,0.4,84.0,0,0
11.0,2,2,1,0,0.0,74.0,17.0,0.7333333333333333,62.66666666666667,1,1
3.0,0,0,0,0,232.0,84.0,11.0,0.2,92.0,0,0
9.0,2,0,1,1,60.0,67.0,19.0,0.6,66.0,1,1
5.0,2,0,0,1,30.0,62.0,25.0,0.3333333333333333,80.66666666666667,1,1
0.0,1,0,0,0,294.0,104.0,17.0,0.0,100.0,0,0
3.0,4,2,1,0,0.0,96.0,13.0,0.2,84.0,1,0
0.0,1,0,0,0,338.0,139.0,19.0,0.0,100.0,0,0
3.0,0,0,0,0,233.0,87.0,5.0,0.2,92.0,0,0
7.0,1,0,1,0,150.0,56.0,12.0,0.4666666666666667,77.33333333333333,1,0
4.0,1,0,0,0,235.0,113.0,21.0,0.2666666666666666,89.33333333333333,0,0
9.0,1,0,2,0,90.0,94.0,22.0,0.6,68.0,1,1
2.0,0,0,0,0,259.0,87.0,4.0,0.1333333333333333,94.66666666666669,0,0
5.0,2,1,0,0,30.0,123.0,22.0,0.3333333333333333,84.66666666666667,1,0
7.0,0,0,0,0,301.0,123.0,15.0,0.4666666666666667,81.33333333333333,0,0
5.0,1,0,0,1,60.0,61.0,3.0,0.3333333333333333,80.66666666666667,1,0
11.0,3,0,1,3,0.0,51.0,7.0,0.7333333333333333,48.66666666666667,1,1
10.0,0,0,1,0,0.0,55.0,16.0,0.6666666666666666,69.33333333333334,1,1
0.0,2,2,0,0,0.0,43.0,11.0,0.0,96.0,1,0
4.0,0,0,0,0,197.0,97.0,8.0,0.2666666666666666,89.33333333333333,0,0
4.0,3,3,0,0,30.0,26.0,20.0,0.2666666666666666,83.33333333333333,1,0
8.0,2,0,0,1,120.0,91.0,23.0,0.5333333333333333,72.66666666666667,1,1
8.0,2,1,1,0,60.0,30.0,18.0,0.5333333333333333,72.66666666666667,1,0
11.0,2,1,1,0,0.0,108.0,3.0,0.7333333333333333,64.66666666666667,1,1
0.0,0,0,0,0,205.0,44.0,21.0,0.0,100.0,0,0
7.0,1,0,1,0,90.0,98.0,1.0,0.4666666666666667,77.33333333333333,1,0
6.0,0,0,0,0,328.0,139.0,3.0,0.4,84.0,0,0
3.0,1,0,0,0,343.0,106.0,15.0,0.2,92.0,0,0
2.0,0,0,0,0,323.0,70.0,5.0,0.1333333333333333,94.66666666666669,0,0
2.0,0,0,0,0,185.0,123.0,17.0,0.1333333333333333,94.66666666666669,0,0
11.0,2,1,1,0,90.0,25.0,1.0,0.7333333333333333,64.66666666666667,1,1
3.0,0,0,0,0,322.0,62.0,5.0,0.2,92.0,0,0
11.0,0,0,1,0,30.0,86.0,19.0,0.7333333333333333,66.66666666666667,1,1
2.0,0,1,0,0,90.0,62.0,10.0,0.1333333333333333,92.66666666666669,1,0
4.0,0,0,0,0,231.0,47.0,19.0,0.2666666666666666,89.33333333333333,0,0
7.0,2,1,1,0,30.0,98.0,17.0,0.4666666666666667,75.33333333333333,1,1
10.0,2,0,0,2,0.0,84.0,24.0,0.6666666666666666,61.33333333333334,1,1
3.0,0,0,0,0,327.0,66.0,2.0,0.2,92.0,0,0
2.0,2,1,0,0,60.0,71.0,7.0,0.1333333333333333,92.66666666666669,1,0
6.0,1,0,1,1,0.0,39.0,3.0,0.4,74.0,1,1
12.0,2,1,1,1,0.0,64.0,1.0,0.8,56.0,1,1
0.0,1,0,0,0,285.0,97.0,12.0,0.0,100.0,0,0
6.0,1,1,0,0,60.0,86.0,4.0,0.4,82.0,1,0
1.0,0,1,0,0,30.0,98.0,1.0,0.0666666666666666,95.33333333333331,1,0
1.0,0,0,0,0,254.0,69.0,16.0,0.0666666666666666,97.33333333333331,0,0
6.0,1,1,1,0,90.0,40.0,19.0,0.4,78.0,1,0
4.0,1,0,0,0,200.0,120.0,16.0,0.2666666666666666,89.33333333333333,0,0
7.0,3,0,1,1,0.0,31.0,8.0,0.4666666666666667,71.33333333333333,1,1
4.0,0,0,0,0,208.0,59.0,15.0,0.2666666666666666,89.33333333333333,0,0
4.0,0,0,0,0,332.0,112.0,23.0,0.2666666666666666,89.33333333333333,0,0
4.0,0,1,0,0,90.0,54.0,11.0,0.2666666666666666,87.33333333333333,1,0
12.0,4,3,2,0,0.0,27.0,2.0,0.8,54.0,1,1
3.0,1,0,0,0,260.0,118.0,7.0,0.2,92.0,0,0
4.0,1,0,0,0,199.0,118.0,5.0,0.2666666666666666,89.33333333333333,0,0
12.0,4,1,0,2,0.0,27.0,16.0,0.8,54.0,1,1
12.0,1,0,1,1,0.0,74.0,11.0,0.8,58.0,1,1
10.0,2,0,1,1,30.0,67.0,13.0,0.6666666666666666,63.33333333333334,1,1
5.0,2,1,1,0,60.0,84.0,18.0,0.3333333333333333,80.66666666666667,1,0
0.0,0,0,0,0,251.0,88.0,12.0,0.0,100.0,0,0
1.0,0,1,0,0,30.0,46.0,20.0,0.0666666666666666,95.33333333333331,1,0
5.0,1,0,0,1,0.0,124.0,8.0,0.3333333333333333,80.66666666666667,1,0
10.0,3,2,1,0,0.0,64.0,21.0,0.6666666666666666,65.33333333333334,1,1
6.0,0,1,0,0,150.0,34.0,2.0,0.4,82.0,1,0
6.0,1,0,2,0,90.0,21.0,10.0,0.4,76.0,1,1
5.0,0,0,0,0,314.0,67.0,24.0,0.3333333333333333,86.66666666666667,0,0
9.0,3,0,2,0,0.0,62.0,19.0,0.6,68.0,1,1
12.0,3,2,0,2,30.0,15.0,14.0,0.8,52.0,1,1
14.0,4,1,2,1,0.0,76.0,6.0,0.9333333333333332,46.66666666666666,1,1
2.0,1,0,0,0,246.0,87.0,21.0,0.1333333333333333,94.66666666666669,0,0
4.0,3,1,2,0,60.0,61.0,3.0,0.2666666666666666,79.33333333333333,1,1
7.0,1,0,1,0,60.0,92.0,5.0,0.4666666666666667,77.33333333333333,1,0
2.0,1,0,0,0,303.0,51.0,7.0,0.1333333333333333,94.66666666666669,0,0
4.0,3,1,1,0,0.0,97.0,10.0,0.2666666666666666,83.33333333333333,1,0
9.0,1,1,0,1,30.0,97.0,6.0,0.6,68.0,1,1
1.0,0,0,0,0,284.0,130.0,2.0,0.0666666666666666,97.33333333333331,0,0
0.0,0,0,0,0,226.0,89.0,14.0,0.0,100.0,0,0
12.0,1,1,1,0,60.0,66.0,18.0,0.8,62.0,1,1
7.0,3,0,2,1,0.0,103.0,18.0,0.4666666666666667,67.33333333333333,1,1
5.0,1,1,0,0,90.0,59.0,20.0,0.3333333333333333,84.66666666666667,1,0
7.0,4,1,1,1,0.0,60.0,14.0,0.4666666666666667,69.33333333333333,1,1
8.0,3,0,2,0,30.0,97.0,22.0,0.5333333333333333,70.66666666666667,1,1
4.0,1,0,0,0,258.0,137.0,6.0,0.2666666666666666,89.33333333333333,0,0
6.0,2,2,0,0,30.0,77.0,17.0,0.4,80.0,1,0
4.0,1,1,0,0,30.0,41.0,11.0,0.2666666666666666,87.33333333333333,1,0
3.0,0,0,0,0,204.0,105.0,4.0,0.2,92.0,0,0
8.0,0,0,0,0,334.0,58.0,7.0,0.5333333333333333,78.66666666666667,0,0
8.0,1,0,0,0,280.0,105.0,3.0,0.5333333333333333,78.66666666666667,0,0
3.0,1,0,0,0,208.0,75.0,1.0,0.2,92.0,0,0
1.0,0,0,0,0,284.0,69.0,6.0,0.0666666666666666,97.33333333333331,0,0
10.0,3,1,3,0,0.0,96.0,15.0,0.6666666666666666,59.33333333333334,1,1
5.0,1,0,1,0,0.0,98.0,21.0,0.3333333333333333,82.66666666666667,1,0
5.0,0,0,0,0,312.0,110.0,8.0,0.3333333333333333,86.66666666666667,0,0
1.0,0,0,0,0,358.0,101.0,19.0,0.0666666666666666,97.33333333333331,0,0
3.0,1,0,1,0,60.0,46.0,6.0,0.2,88.0,1,0
7.0,3,1,2,0,0.0,62.0,6.0,0.4666666666666667,71.33333333333333,1,1
8.0,0,0,0,0,359.0,73.0,23.0,0.5333333333333333,78.66666666666667,0,0
1.0,0,0,0,0,240.0,75.0,24.0,0.0666666666666666,97.33333333333331,0,0
5.0,0,0,0,0,200.0,131.0,4.0,0.3333333333333333,86.66666666666667,0,0
3.0,4,1,1,1,0.0,35.0,19.0,0.2,80.0,1,1
4.0,0,0,0,0,333.0,131.0,10.0,0.2666666666666666,89.33333333333333,0,0
12.0,1,1,0,0,120.0,56.0,7.0,0.8,66.0,1,1
2.0,0,0,0,0,291.0,81.0,21.0,0.1333333333333333,94.66666666666669,0,0
7.0,2,1,1,0,30.0,40.0,24.0,0.4666666666666667,75.33333333333333,1,1
5.0,0,0,0,0,295.0,86.0,18.0,0.3333333333333333,86.66666666666667,0,0
12.0,3,2,2,0,0.0,99.0,12.0,0.8,56.0,1,1
4.0,0,0,0,0,212.0,92.0,16.0,0.2666666666666666,89.33333333333333,0,0
8.0,1,0,1,0,0.0,124.0,11.0,0.5333333333333333,74.66666666666667,1,0
6.0,3,0,2,0,30.0,39.0,23.0,0.4,76.0,1,1
3.0,0,0,0,0,333.0,135.0,4.0,0.2,92.0,0,0
3.0,1,0,0,0,275.0,138.0,6.0,0.2,92.0,0,0
4.0,2,1,0,0,60.0,112.0,16.0,0.2666666666666666,87.33333333333333,1,0
5.0,1,0,0,0,314.0,74.0,24.0,0.3333333333333333,86.66666666666667,0,0
4.0,2,1,0,0,60.0,52.0,25.0,0.2666666666666666,87.33333333333333,1,0
6.0,3,3,0,0,30.0,75.0,22.0,0.4,78.0,1,0
2.0,1,1,0,0,0.0,38.0,11.0,0.1333333333333333,92.66666666666669,1,0
8.0,2,1,0,0,30.0,82.0,1.0,0.5333333333333333,76.66666666666667,1,0
4.0,1,0,0,0,294.0,101.0,6.0,0.2666666666666666,89.33333333333333,0,0
0.0,2,1,0,0,150.0,35.0,22.0,0.0,98.0,1,0
4.0,0,0,0,0,242.0,99.0,6.0,0.2666666666666666,89.33333333333333,0,0
3.0,0,0,0,0,319.0,93.0,16.0,0.2,92.0,0,0
11.0,4,3,1,0,60.0,71.0,15.0,0.7333333333333333,60.66666666666667,1,1
3.0,2,1,0,0,60.0,116.0,9.0,0.2,90.0,1,0
0.0,0,0,0,0,351.0,70.0,19.0,0.0,100.0,0,0
4.0,0,0,0,0,219.0,56.0,22.0,0.2666666666666666,89.33333333333333,0,0
7.0,1,1,0,0,0.0,41.0,8.0,0.4666666666666667,79.33333333333333,1,0
2.0,0,0,0,0,192.0,111.0,4.0,0.1333333333333333,94.66666666666669,0,0
1.0,0,0,0,0,277.0,107.0,4.0,0.0666666666666666,97.33333333333331,0,0
5.0,1,1,0,0,150.0,97.0,23.0,0.3333333333333333,84.66666666666667,1,0
4.0,1,1,0,0,90.0,81.0,2.0,0.2666666666666666,87.33333333333333,1,0
3.0,3,1,1,0,0.0,57.0,2.0,0.2,86.0,1,0
7.0,1,0,1,0,0.0,52.0,16.0,0.4666666666666667,77.33333333333333,1,0
5.0,3,1,1,1,60.0,25.0,2.0,0.3333333333333333,74.66666666666667,1,1
3.0,0,0,0,0,248.0,95.0,4.0,0.2,92.0,0,0
12.0,2,0,1,1,120.0,93.0,7.0,0.8,58.0,1,1
3.0,1,1,0,0,0.0,34.0,21.0,0.2,90.0,1,0
2.0,0,0,0,0,261.0,50.0,24.0,0.1333333333333333,94.66666666666669,0,0
7.0,2,0,1,0,60.0,118.0,1.0,0.4666666666666667,77.33333333333333,1,0
8.0,3,1,1,1,60.0,52.0,20.0,0.5333333333333333,66.66666666666667,1,1
9.0,3,1,1,1,60.0,105.0,6.0,0.6,64.0,1,1
1.0,2,0,1,0,150.0,95.0,6.0,0.0666666666666666,93.33333333333331,1,0
4.0,1,0,0,0,287.0,122.0,1.0,0.2666666666666666,89.33333333333333,0,0
3.0,0,0,0,0,192.0,115.0,19.0,0.2,92.0,0,0
6.0,0,0,0,0,265.0,96.0,17.0,0.4,84.0,0,0
4.0,0,0,0,0,358.0,129.0,9.0,0.2666666666666666,89.33333333333333,0,0
10.0,1,1,1,0,30.0,78.0,16.0,0.6666666666666666,67.33333333333334,1,1
11.0,0,0,0,0,230.0,58.0,10.0,0.7333333333333333,70.66666666666667,0,0
8.0,0,0,0,0,336.0,132.0,21.0,0.5333333333333333,78.66666666666667,0,0
4.0,0,0,0,0,185.0,56.0,4.0,0.2666666666666666,89.33333333333333,0,0
3.0,3,2,0,0,30.0,65.0,21.0,0.2,88.0,1,0
3.0,3,3,0,0,0.0,103.0,15.0,0.2,86.0,1,0
1.0,0,0,0,0,265.0,90.0,10.0,0.0666666666666666,97.33333333333331,0,0
8.0,3,1,1,0,30.0,51.0,9.0,0.5333333333333333,72.66666666666667,1,1
8.0,0,0,0,0,306.0,126.0,10.0,0.5333333333333333,78.66666666666667,0,1
3.0,1,0,0,0,239.0,55.0,5.0,0.2,92.0,0,1
2.0,0,0,0,0,323.0,75.0,16.0,0.1333333333333333,94.66666666666669,0,0
3.0,0,0,0,0,198.0,106.0,21.0,0.2,92.0,0,0
3.0,2,2,0,0,30.0,103.0,2.0,0.2,88.0,1,0
2.0,0,0,0,0,291.0,119.0,18.0,0.1333333333333333,94.66666666666669,0,0
6.0,0,0,0,0,294.0,97.0,24.0,0.4,84.0,0,0
3.0,0,0,0,0,256.0,88.0,18.0,0.2,92.0,0,0
5.0,2,1,0,0,90.0,52.0,15.0,0.3333333333333333,84.66666666666667,1,0
4.0,2,1,0,0,90.0,35.0,17.0,0.2666666666666666,87.33333333333333,1,0
4.0,1,1,0,0,150.0,44.0,12.0,0.2666666666666666,87.33333333333333,1,0
2.0,0,0,0,0,194.0,82.0,2.0,0.1333333333333333,94.66666666666669,0,0
2.0,1,0,0,0,245.0,91.0,25.0,0.1333333333333333,94.66666666666669,0,0
2.0,0,0,0,0,332.0,129.0,14.0,0.1333333333333333,94.66666666666669,0,0
1.0,0,0,0,0,305.0,140.0,2.0,0.0666666666666666,97.33333333333331,0,0
2.0,1,0,0,0,345.0,88.0,21.0,0.1333333333333333,94.66666666666669,0,0
1.0,0,0,0,0,322.0,111.0,20.0,0.0666666666666666,97.33333333333331,0,0
12.0,1,0,0,2,30.0,94.0,18.0,0.8,56.0,1,1
7.0,1,1,0,0,90.0,45.0,10.0,0.4666666666666667,79.33333333333333,1,0
14.0,2,0,0,3,0.0,85.0,15.0,0.9333333333333332,44.66666666666666,1,1
0.0,1,1,0,0,150.0,67.0,21.0,0.0,98.0,1,0
0.0,2,0,1,0,60.0,45.0,2.0,0.0,96.0,1,0
6.0,0,0,0,0,200.0,98.0,11.0,0.4,84.0,0,0
0.0,2,1,0,0,90.0,60.0,18.0,0.0,98.0,1,0
3.0,2,2,0,0,30.0,50.0,15.0,0.2,88.0,1,0
0.0,0,0,0,0,356.0,123.0,18.0,0.0,100.0,0,0
7.0,4,1,2,0,0.0,32.0,4.0,0.4666666666666667,71.33333333333333,1,1
2.0,0,0,0,0,196.0,108.0,5.0,0.1333333333333333,94.66666666666669,0,0
8.0,4,1,1,1,0.0,71.0,7.0,0.5333333333333333,66.66666666666667,1,1
4.0,0,0,0,0,312.0,106.0,5.0,0.2666666666666666,89.33333333333333,0,0
4.0,1,1,0,0,120.0,45.0,19.0,0.2666666666666666,87.33333333333333,1,0
8.0,0,0,0,0,328.0,133.0,16.0,0.5333333333333333,78.66666666666667,0,0
3.0,3,3,0,0,30.0,87.0,4.0,0.2,86.0,1,0
3.0,0,0,0,0,325.0,96.0,14.0,0.2,92.0,0,0
1.0,2,0,1,0,30.0,49.0,20.0,0.0666666666666666,93.33333333333331,1,0
3.0,0,1,0,0,90.0,55.0,17.0,0.2,90.0,1,0
3.0,0,0,0,0,324.0,133.0,5.0,0.2,92.0,0,0
14.0,3,0,2,0,60.0,50.0,24.0,0.9333333333333332,54.66666666666666,1,1
13.0,3,0,1,1,0.0,40.0,9.0,0.8666666666666667,55.33333333333333,1,1
6.0,3,1,1,0,60.0,28.0,24.0,0.4,78.0,1,1
1.0,0,0,0,0,271.0,97.0,7.0,0.0666666666666666,97.33333333333331,0,0
6.0,3,2,0,1,30.0,38.0,19.0,0.4,74.0,1,1
4.0,1,0,0,1,30.0,75.0,3.0,0.2666666666666666,83.33333333333333,1,0
1.0,0,0,0,0,310.0,139.0,18.0,0.0666666666666666,97.33333333333331,0,0
5.0,2,1,0,0,0.0,46.0,9.0,0.3333333333333333,84.66666666666667,1,0
2.0,0,1,0,0,150.0,80.0,3.0,0.1333333333333333,92.66666666666669,1,0
0.0,0,0,0,0,196.0,94.0,3.0,0.0,100.0,0,0
2.0,0,0,0,0,353.0,51.0,9.0,0.1333333333333333,94.66666666666669,0,0
8.0,1,0,0,0,185.0,119.0,6.0,0.5333333333333333,78.66666666666667,0,0
8.0,3,0,0,2,60.0,103.0,5.0,0.5333333333333333,66.66666666666667,1,1
4.0,1,0,0,0,322.0,121.0,6.0,0.2666666666666666,89.33333333333333,0,0
5.0,0,1,0,0,30.0,69.0,2.0,0.3333333333333333,84.66666666666667,1,0
6.0,2,0,2,1,0.0,79.0,3.0,0.4,70.0,1,1
4.0,0,0,0,0,204.0,45.0,21.0,0.2666666666666666,89.33333333333333,0,0
1.0,2,1,0,0,150.0,116.0,11.0,0.0666666666666666,95.33333333333331,1,0
7.0,0,0,0,0,315.0,119.0,5.0,0.4666666666666667,81.33333333333333,0,0
8.0,1,1,0,0,30.0,59.0,16.0,0.5333333333333333,76.66666666666667,1,0
3.0,0,0,0,0,353.0,135.0,23.0,0.2,92.0,0,0
1.0,0,0,0,0,358.0,126.0,14.0,0.0666666666666666,97.33333333333331,0,0
6.0,3,1,1,0,60.0,68.0,5.0,0.4,78.0,1,1
12.0,3,0,1,1,0.0,42.0,19.0,0.8,58.0,1,1
8.0,2,1,1,0,90.0,37.0,14.0,0.5333333333333333,72.66666666666667,1,0
0.0,0,0,0,0,274.0,106.0,8.0,0.0,100.0,0,0
1.0,0,0,0,0,299.0,138.0,11.0,0.0666666666666666,97.33333333333331,0,0
7.0,2,1,2,0,0.0,64.0,8.0,0.4666666666666667,71.33333333333333,1,1
3.0,0,0,0,0,238.0,113.0,10.0,0.2,92.0,0,0
3.0,0,0,0,0,327.0,137.0,24.0,0.2,92.0,0,0
4.0,3,2,1,0,30.0,44.0,18.0,0.2666666666666666,81.33333333333333,1,1
2.0,1,1,0,0,90.0,88.0,5.0,0.1333333333333333,92.66666666666669,1,0
3.0,1,1,1,0,30.0,108.0,15.0,0.2,86.0,1,0
14.0,3,0,1,2,0.0,71.0,1.0,0.9333333333333332,46.66666666666666,1,1
2.0,0,0,0,0,354.0,64.0,22.0,0.1333333333333333,94.66666666666669,0,0
2.0,3,1,1,0,30.0,97.0,11.0,0.1333333333333333,88.66666666666667,1,0
3.0,1,0,0,0,232.0,119.0,14.0,0.2,92.0,0,0
11.0,3,2,1,0,60.0,75.0,5.0,0.7333333333333333,62.66666666666667,1,1
6.0,0,0,0,0,229.0,97.0,13.0,0.4,84.0,0,0
11.0,2,1,0,0,30.0,46.0,21.0,0.7333333333333333,68.66666666666667,1,0
8.0,0,0,0,0,341.0,56.0,25.0,0.5333333333333333,78.66666666666667,0,0
9.0,3,1,2,0,30.0,80.0,20.0,0.6,66.0,1,1
3.0,0,1,0,0,120.0,29.0,12.0,0.2,90.0,1,0
13.0,1,0,1,1,30.0,43.0,3.0,0.8666666666666667,55.33333333333333,1,1
4.0,0,0,0,0,190.0,81.0,8.0,0.2666666666666666,89.33333333333333,0,0
12.0,0,0,0,0,204.0,58.0,25.0,0.8,68.0,0,0
0.0,1,1,0,0,90.0,46.0,7.0,0.0,98.0,1,0
3.0,0,0,0,0,319.0,124.0,23.0,0.2,92.0,0,0
8.0,1,1,1,0,0.0,87.0,18.0,0.5333333333333333,72.66666666666667,1,1
4.0,0,0,0,0,276.0,80.0,22.0,0.2666666666666666,89.33333333333333,0,0
4.0,0,0,0,0,186.0,113.0,21.0,0.2666666666666666,89.33333333333333,0,0
11.0,0,0,1,0,0.0,82.0,15.0,0.7333333333333333,66.66666666666667,1,1
0.0,1,1,0,0,0.0,68.0,3.0,0.0,98.0,1,0
9.0,3,0,1,1,30.0,53.0,9.0,0.6,66.0,1,1
1.0,0,0,0,0,184.0,62.0,6.0,0.0666666666666666,97.33333333333331,0,0
2.0,0,0,0,0,187.0,59.0,16.0,0.1333333333333333,94.66666666666669,0,0
7.0,0,0,0,0,331.0,85.0,13.0,0.4666666666666667,81.33333333333333,0,0
7.0,3,1,2,0,0.0,101.0,1.0,0.4666666666666667,71.33333333333333,1,1
7.0,0,1,0,0,150.0,45.0,10.0,0.4666666666666667,79.33333333333333,1,0
4.0,0,0,0,0,315.0,68.0,22.0,0.2666666666666666,89.33333333333333,0,0
3.0,2,0,2,0,0.0,45.0,25.0,0.2,84.0,1,0
10.0,4,1,0,3,0.0,98.0,6.0,0.6666666666666666,53.33333333333334,1,1
7.0,2,1,0,1,30.0,78.0,9.0,0.4666666666666667,73.33333333333333,1,1
6.0,0,0,1,0,150.0,38.0,9.0,0.4,80.0,1,0
13.0,1,0,0,1,90.0,58.0,4.0,0.8666666666666667,59.33333333333333,1,1
6.0,0,0,0,0,350.0,89.0,7.0,0.4,84.0,0,0
10.0,3,1,0,2,0.0,37.0,24.0,0.6666666666666666,59.33333333333334,1,1
1.0,1,0,0,0,213.0,71.0,14.0,0.0666666666666666,97.33333333333331,0,0
2.0,1,0,0,0,257.0,58.0,21.0,0.1333333333333333,94.66666666666669,0,0
4.0,1,0,0,0,187.0,54.0,13.0,0.2666666666666666,89.33333333333333,0,0
4.0,0,1,0,0,60.0,79.0,18.0,0.2666666666666666,87.33333333333333,1,0
11.0,4,1,0,3,0.0,83.0,12.0,0.7333333333333333,50.66666666666667,1,1
8.0,1,1,0,0,120.0,58.0,1.0,0.5333333333333333,76.66666666666667,1,0
2.0,0,0,0,0,313.0,86.0,13.0,0.1333333333333333,94.66666666666669,0,0
8.0,0,1,0,0,0.0,53.0,17.0,0.5333333333333333,76.66666666666667,1,0
3.0,0,0,0,0,226.0,64.0,1.0,0.2,92.0,0,0
7.0,1,2,0,0,30.0,90.0,6.0,0.4666666666666667,77.33333333333333,1,0
6.0,3,0,2,0,30.0,41.0,1.0,0.4,76.0,1,1
6.0,0,1,0,0,150.0,117.0,22.0,0.4,82.0,1,0
6.0,1,0,1,0,120.0,53.0,25.0,0.4,80.0,1,0
7.0,2,0,2,1,0.0,39.0,13.0,0.4666666666666667,67.33333333333333,1,1
0.0,0,0,0,0,202.0,93.0,1.0,0.0,100.0,0,0
0.0,0,1,0,0,30.0,66.0,1.0,0.0,98.0,1,0
7.0,0,0,0,0,284.0,115.0,1.0,0.4666666666666667,81.33333333333333,0,0
4.0,0,0,0,0,267.0,96.0,25.0,0.2666666666666666,89.33333333333333,0,0
6.0,2,1,0,1,60.0,36.0,24.0,0.4,76.0,1,1
1.0,1,0,0,0,328.0,97.0,19.0,0.0666666666666666,97.33333333333331,0,0
4.0,1,1,0,0,90.0,103.0,1.0,0.2666666666666666,87.33333333333333,1,0
1.0,0,0,0,0,244.0,66.0,20.0,0.0666666666666666,97.33333333333331,0,0
3.0,1,0,0,0,304.0,128.0,6.0,0.2,92.0,0,0
13.0,1,1,1,0,0.0,42.0,9.0,0.8666666666666667,59.33333333333333,1,1
3.0,0,0,0,0,330.0,137.0,12.0,0.2,92.0,0,0
4.0,1,1,0,0,30.0,114.0,20.0,0.2666666666666666,87.33333333333333,1,0
5.0,1,1,0,0,30.0,87.0,4.0,0.3333333333333333,84.66666666666667,1,0
3.0,1,0,0,0,261.0,71.0,25.0,0.2,92.0,0,0
9.0,3,2,1,0,0.0,85.0,12.0,0.6,68.0,1,1
5.0,1,1,0,0,90.0,70.0,2.0,0.3333333333333333,84.66666666666667,1,0
4.0,0,0,0,0,229.0,53.0,20.0,0.2666666666666666,89.33333333333333,0,0
2.0,0,0,0,0,206.0,83.0,19.0,0.1333333333333333,94.66666666666669,0,0
12.0,4,3,0,1,0.0,100.0,10.0,0.8,56.0,1,1
7.0,3,1,1,0,90.0,60.0,21.0,0.4666666666666667,75.33333333333333,1,1
0.0,0,0,0,0,359.0,52.0,6.0,0.0,100.0,0,0
12.0,5,1,2,2,0.0,10.0,1.0,0.8,46.0,1,1
12.0,1,1,0,0,30.0,94.0,5.0,0.8,66.0,1,1
12.0,2,0,1,2,30.0,80.0,2.0,0.8,52.0,1,1
5.0,0,0,0,1,30.0,130.0,15.0,0.3333333333333333,80.66666666666667,1,0
6.0,2,1,1,0,60.0,102.0,25.0,0.4,78.0,1,0
6.0,1,0,2,0,30.0,30.0,13.0,0.4,76.0,1,1
2.0,1,0,1,0,0.0,74.0,12.0,0.1333333333333333,90.66666666666669,1,0
10.0,2,0,1,2,0.0,26.0,7.0,0.6666666666666666,57.33333333333334,1,1
4.0,2,0,1,0,60.0,72.0,1.0,0.2666666666666666,85.33333333333333,1,0
4.0,1,1,0,0,0.0,45.0,11.0,0.2666666666666666,87.33333333333333,1,0
7.0,1,1,0,1,30.0,104.0,15.0,0.4666666666666667,73.33333333333333,1,1
10.0,2,1,0,1,0.0,80.0,12.0,0.6666666666666666,65.33333333333334,1,1
8.0,3,2,0,1,0.0,19.0,13.0,0.5333333333333333,68.66666666666667,1,1
4.0,0,0,0,0,350.0,93.0,4.0,0.2666666666666666,89.33333333333333,0,0
7.0,4,1,2,0,0.0,69.0,11.0,0.4666666666666667,71.33333333333333,1,0
8.0,1,1,0,0,0.0,103.0,4.0,0.5333333333333333,76.66666666666667,1,0
4.0,3,1,2,0,0.0,65.0,5.0,0.2666666666666666,79.33333333333333,1,1
6.0,0,0,0,0,189.0,110.0,6.0,0.4,84.0,0,0
1.0,1,0,0,0,230.0,58.0,21.0,0.0666666666666666,97.33333333333331,0,0
0.0,0,0,0,0,255.0,46.0,18.0,0.0,100.0,0,0
11.0,1,0,0,2,90.0,38.0,6.0,0.7333333333333333,58.66666666666667,1,1
4.0,0,0,0,0,200.0,41.0,6.0,0.2666666666666666,89.33333333333333,0,0
1.0,1,1,0,0,30.0,66.0,10.0,0.0666666666666666,95.33333333333331,1,0
11.0,2,1,1,0,90.0,83.0,20.0,0.7333333333333333,64.66666666666667,1,1
3.0,0,0,0,0,198.0,100.0,16.0,0.2,92.0,0,0
5.0,0,0,0,0,330.0,71.0,7.0,0.3333333333333333,86.66666666666667,0,0
1.0,0,0,0,0,261.0,135.0,21.0,0.0666666666666666,97.33333333333331,0,0
2.0,0,0,0,0,216.0,129.0,20.0,0.1333333333333333,94.66666666666669,0,0
4.0,0,0,0,0,205.0,101.0,24.0,0.2666666666666666,89.33333333333333,0,0
4.0,2,2,0,0,30.0,45.0,11.0,0.2666666666666666,85.33333333333333,1,0
11.0,4,0,0,3,0.0,104.0,19.0,0.7333333333333333,52.66666666666667,1,1
2.0,1,0,0,0,217.0,115.0,20.0,0.1333333333333333,94.66666666666669,0,0
3.0,0,0,0,0,276.0,127.0,8.0,0.2,92.0,0,0
7.0,0,0,0,0,262.0,125.0,18.0,0.4666666666666667,81.33333333333333,0,0
3.0,1,1,0,0,0.0,98.0,18.0,0.2,90.0,1,0
1.0,0,0,0,0,332.0,80.0,9.0,0.0666666666666666,97.33333333333331,0,0
4.0,2,1,0,0,60.0,33.0,11.0,0.2666666666666666,87.33333333333333,1,0
2.0,0,0,0,0,349.0,134.0,13.0,0.1333333333333333,94.66666666666669,0,0
4.0,1,0,0,0,181.0,62.0,3.0,0.2666666666666666,89.33333333333333,0,0
4.0,0,0,0,0,186.0,123.0,16.0,0.2666666666666666,89.33333333333333,0,0
10.0,2,0,1,1,60.0,23.0,14.0,0.6666666666666666,63.33333333333334,1,1
5.0,3,0,1,1,90.0,60.0,22.0,0.3333333333333333,76.66666666666667,1,1
0.0,1,0,0,0,220.0,54.0,8.0,0.0,100.0,0,0
3.0,0,1,0,0,90.0,43.0,16.0,0.2,90.0,1,0
3.0,0,0,0,0,219.0,116.0,1.0,0.2,92.0,0,0
7.0,0,1,0,0,150.0,39.0,3.0,0.4666666666666667,79.33333333333333,1,0
1.0,1,1,0,0,90.0,80.0,23.0,0.0666666666666666,95.33333333333331,1,0
5.0,2,0,1,0,30.0,117.0,14.0,0.3333333333333333,82.66666666666667,1,0
12.0,0,1,0,0,60.0,106.0,2.0,0.8,66.0,1,1
1.0,1,0,0,0,316.0,78.0,25.0,0.0666666666666666,97.33333333333331,0,0
4.0,0,0,0,0,305.0,54.0,4.0,0.2666666666666666,89.33333333333333,0,0
6.0,3,1,2,0,30.0,67.0,21.0,0.4,74.0,1,1
3.0,1,0,0,0,247.0,85.0,15.0,0.2,92.0,0,0
11.0,2,0,0,2,30.0,67.0,16.0,0.7333333333333333,58.66666666666667,1,1
2.0,0,0,0,0,229.0,67.0,15.0,0.1333333333333333,94.66666666666669,0,0
4.0,0,0,0,0,325.0,122.0,17.0,0.2666666666666666,89.33333333333333,0,1
4.0,2,1,0,0,150.0,111.0,5.0,0.2666666666666666,87.33333333333333,1,0
8.0,3,2,0,0,30.0,83.0,10.0,0.5333333333333333,74.66666666666667,1,1
5.0,1,2,0,0,60.0,39.0,21.0,0.3333333333333333,82.66666666666667,1,0
4.0,0,0,0,0,221.0,134.0,24.0,0.2666666666666666,89.33333333333333,0,0
9.0,2,2,0,0,0.0,115.0,22.0,0.6,72.0,1,0
12.0,3,2,0,1,30.0,39.0,9.0,0.8,58.0,1,1
7.0,1,0,1,0,30.0,70.0,4.0,0.4666666666666667,77.33333333333333,1,0
4.0,0,0,0,0,261.0,98.0,10.0,0.2666666666666666,89.33333333333333,0,0
8.0,0,0,0,1,150.0,118.0,11.0,0.5333333333333333,72.66666666666667,1,1
0.0,1,1,0,0,150.0,113.0,25.0,0.0,98.0,1,0
8.0,1,1,0,1,30.0,81.0,2.0,0.5333333333333333,70.66666666666667,1,1
12.0,2,1,0,2,0.0,46.0,21.0,0.8,54.0,1,1
4.0,1,1,0,0,0.0,77.0,8.0,0.2666666666666666,87.33333333333333,1,0
11.0,1,1,0,0,120.0,33.0,7.0,0.7333333333333333,68.66666666666667,1,0
11.0,3,0,1,1,30.0,103.0,11.0,0.7333333333333333,60.66666666666667,1,1
8.0,3,0,3,0,0.0,29.0,1.0,0.5333333333333333,66.66666666666667,1,1
3.0,2,1,0,0,90.0,34.0,17.0,0.2,90.0,1,0
1.0,0,0,0,0,232.0,48.0,10.0,0.0666666666666666,97.33333333333331,0,1
3.0,1,1,0,0,30.0,45.0,12.0,0.2,90.0,1,0
2.0,1,0,0,0,201.0,96.0,13.0,0.1333333333333333,94.66666666666669,0,0
3.0,0,0,0,0,312.0,133.0,12.0,0.2,92.0,0,0
2.0,0,0,0,0,242.0,78.0,8.0,0.1333333333333333,94.66666666666669,0,0
13.0,1,0,1,1,0.0,33.0,8.0,0.8666666666666667,55.33333333333333,1,1
3.0,1,0,1,0,120.0,74.0,23.0,0.2,88.0,1,0
7.0,2,2,0,0,30.0,102.0,17.0,0.4666666666666667,77.33333333333333,1,0
6.0,3,2,1,0,0.0,81.0,15.0,0.4,76.0,1,1
8.0,3,2,1,0,60.0,103.0,15.0,0.5333333333333333,70.66666666666667,1,1
4.0,1,1,0,0,90.0,50.0,1.0,0.2666666666666666,87.33333333333333,1,0
0.0,0,0,0,0,245.0,136.0,15.0,0.0,100.0,0,0
12.0,1,2,0,0,60.0,82.0,7.0,0.8,64.0,1,1
10.0,4,2,0,1,30.0,17.0,15.0,0.6666666666666666,63.33333333333334,1,1
4.0,4,1,1,1,60.0,30.0,25.0,0.2666666666666666,77.33333333333333,1,1
4.0,0,0,1,0,30.0,57.0,2.0,0.2666666666666666,85.33333333333333,1,0
9.0,0,0,1,0,60.0,99.0,13.0,0.6,72.0,1,1
1.0,0,0,0,0,325.0,61.0,23.0,0.0666666666666666,97.33333333333331,0,0
4.0,1,0,0,0,307.0,116.0,12.0,0.2666666666666666,89.33333333333333,0,0
8.0,2,1,0,0,0.0,100.0,12.0,0.5333333333333333,76.66666666666667,1,0
6.0,0,0,0,0,297.0,128.0,13.0,0.4,84.0,0,0
4.0,1,0,0,0,251.0,132.0,4.0,0.2666666666666666,89.33333333333333,0,0
7.0,3,1,2,0,60.0,85.0,6.0,0.4666666666666667,71.33333333333333,1,1
3.0,1,1,0,0,150.0,100.0,20.0,0.2,90.0,1,0
6.0,4,1,1,1,30.0,95.0,18.0,0.4,72.0,1,1
2.0,0,0,0,0,192.0,89.0,9.0,0.1333333333333333,94.66666666666669,0,0
14.0,3,2,0,1,30.0,50.0,13.0,0.9333333333333332,52.66666666666666,1,1
13.0,3,1,1,1,0.0,66.0,10.0,0.8666666666666667,53.33333333333333,1,1
3.0,0,0,0,0,306.0,116.0,7.0,0.2,92.0,0,0
12.0,3,0,1,2,0.0,83.0,1.0,0.8,52.0,1,1
12.0,4,2,2,0,0.0,27.0,7.0,0.8,56.0,1,1
4.0,0,1,0,0,150.0,45.0,13.0,0.2666666666666666,87.33333333333333,1,0
6.0,4,0,2,2,0.0,80.0,9.0,0.4,64.0,1,1
3.0,1,1,0,0,90.0,100.0,18.0,0.2,90.0,1,0
12.0,0,0,0,0,301.0,61.0,3.0,0.8,68.0,0,0
1.0,0,0,0,0,344.0,124.0,17.0,0.0666666666666666,97.33333333333331,0,0
0.0,0,0,0,0,289.0,63.0,25.0,0.0,100.0,0,0
2.0,0,0,0,0,350.0,135.0,8.0,0.1333333333333333,94.66666666666669,0,0
4.0,0,0,0,0,355.0,86.0,5.0,0.2666666666666666,89.33333333333333,0,0
5.0,1,1,0,0,0.0,103.0,9.0,0.3333333333333333,84.66666666666667,1,0
3.0,0,0,0,0,260.0,71.0,20.0,0.2,92.0,0,0
3.0,1,0,0,0,330.0,141.0,10.0,0.2,92.0,0,0
4.0,0,0,0,0,277.0,111.0,9.0,0.2666666666666666,89.33333333333333,0,0
7.0,3,2,1,0,0.0,89.0,9.0,0.4666666666666667,73.33333333333333,1,1
12.0,1,0,1,0,120.0,54.0,22.0,0.8,64.0,1,1
3.0,0,0,1,0,150.0,83.0,19.0,0.2,88.0,1,0
6.0,1,0,0,0,260.0,113.0,1.0,0.4,84.0,0,0
11.0,1,1,0,0,0.0,100.0,7.0,0.7333333333333333,68.66666666666667,1,1
13.0,1,0,1,1,30.0,95.0,11.0,0.8666666666666667,55.33333333333333,1,1
8.0,5,1,2,2,0.0,92.0,1.0,0.5333333333333333,56.66666666666667,1,1
8.0,1,0,1,0,0.0,72.0,2.0,0.5333333333333333,74.66666666666667,1,0
6.0,4,1,1,1,30.0,56.0,24.0,0.4,72.0,1,1
13.0,4,1,1,2,0.0,52.0,19.0,0.8666666666666667,47.33333333333333,1,1
10.0,1,0,0,0,280.0,110.0,15.0,0.6666666666666666,73.33333333333334,0,0
6.0,2,0,2,0,120.0,101.0,1.0,0.4,76.0,1,1
10.0,2,1,0,0,30.0,96.0,20.0,0.6666666666666666,71.33333333333334,1,0
4.0,2,1,1,0,0.0,100.0,21.0,0.2666666666666666,83.33333333333333,1,0
5.0,2,0,1,0,30.0,110.0,2.0,0.3333333333333333,82.66666666666667,1,0
8.0,1,0,0,1,30.0,58.0,23.0,0.5333333333333333,72.66666666666667,1,1
9.0,3,0,2,0,30.0,92.0,8.0,0.6,68.0,1,1
9.0,3,1,2,0,0.0,63.0,21.0,0.6,66.0,1,1
4.0,0,0,0,0,345.0,110.0,2.0,0.2666666666666666,89.33333333333333,0,0
2.0,0,0,0,0,203.0,61.0,17.0,0.1333333333333333,94.66666666666669,0,0
9.0,4,1,2,1,0.0,41.0,23.0,0.6,60.0,1,1
4.0,1,0,0,0,232.0,76.0,25.0,0.2666666666666666,89.33333333333333,0,0
5.0,1,0,1,0,90.0,104.0,6.0,0.3333333333333333,82.66666666666667,1,0
9.0,2,1,0,1,30.0,45.0,7.0,0.6,68.0,1,1
3.0,0,0,0,0,266.0,92.0,19.0,0.2,92.0,0,0
10.0,2,2,1,0,0.0,23.0,18.0,0.6666666666666666,65.33333333333334,1,1
5.0,5,4,1,0,0.0,73.0,10.0,0.3333333333333333,74.66666666666667,1,1
7.0,1,0,1,1,60.0,88.0,7.0,0.4666666666666667,71.33333333333333,1,1
8.0,1,0,1,1,60.0,106.0,14.0,0.5333333333333333,68.66666666666667,1,1
0.0,0,0,0,0,348.0,102.0,11.0,0.0,100.0,0,0
6.0,3,1,2,1,0.0,27.0,20.0,0.4,68.0,1,1
8.0,3,2,0,1,0.0,101.0,12.0,0.5333333333333333,68.66666666666667,1,1
10.0,2,1,1,0,90.0,114.0,21.0,0.6666666666666666,67.33333333333334,1,1
1.0,0,0,0,0,325.0,134.0,10.0,0.0666666666666666,97.33333333333331,0,0
0.0,1,0,0,0,208.0,124.0,23.0,0.0,100.0,0,0
2.0,0,0,0,0,258.0,94.0,4.0,0.1333333333333333,94.66666666666669,0,0
6.0,0,0,0,0,291.0,90.0,10.0,0.4,84.0,0,0
8.0,5,3,1,0,0.0,87.0,23.0,0.5333333333333333,68.66666666666667,1,1
12.0,1,0,1,0,30.0,68.0,9.0,0.8,64.0,1,1
11.0,2,0,0,3,0.0,100.0,25.0,0.7333333333333333,52.66666666666667,1,1
7.0,3,1,1,1,0.0,55.0,13.0,0.4666666666666667,69.33333333333333,1,1
8.0,2,0,0,1,30.0,43.0,2.0,0.5333333333333333,72.66666666666667,1,1
8.0,0,0,1,0,150.0,67.0,16.0,0.5333333333333333,74.66666666666667,1,0
4.0,0,0,0,0,252.0,131.0,8.0,0.2666666666666666,89.33333333333333,0,0
1.0,0,0,1,0,0.0,89.0,7.0,0.0666666666666666,93.33333333333331,1,0
8.0,2,1,1,0,90.0,102.0,2.0,0.5333333333333333,72.66666666666667,1,0
1.0,0,0,0,0,280.0,112.0,5.0,0.0666666666666666,97.33333333333331,0,0
8.0,0,0,0,0,240.0,58.0,4.0,0.5333333333333333,78.66666666666667,0,0
3.0,0,0,0,0,249.0,121.0,14.0,0.2,92.0,0,0
1.0,0,0,0,0,298.0,119.0,23.0,0.0666666666666666,97.33333333333331,0,0
8.0,0,1,0,0,30.0,50.0,2.0,0.5333333333333333,76.66666666666667,1,0
4.0,2,0,1,1,0.0,81.0,25.0,0.2666666666666666,79.33333333333333,1,1
3.0,0,0,0,0,339.0,66.0,1.0,0.2,92.0,0,0
12.0,2,1,1,0,120.0,68.0,12.0,0.8,62.0,1,1
4.0,2,0,1,1,60.0,112.0,15.0,0.2666666666666666,79.33333333333333,1,1
9.0,0,0,1,0,120.0,27.0,7.0,0.6,72.0,1,1
9.0,2,0,3,0,30.0,57.0,4.0,0.6,64.0,1,1
6.0,0,0,0,0,301.0,96.0,20.0,0.4,84.0,0,0
6.0,1,1,0,0,150.0,68.0,6.0,0.4,82.0,1,0
0.0,0,0,0,0,331.0,78.0,20.0,0.0,100.0,0,0
1.0,0,0,0,0,230.0,125.0,13.0,0.0666666666666666,97.33333333333331,0,0
3.0,1,1,0,0,120.0,56.0,19.0,0.2,90.0,1,0
4.0,0,0,0,0,277.0,95.0,18.0,0.2666666666666666,89.33333333333333,0,0
1.0,1,0,0,0,201.0,55.0,11.0,0.0666666666666666,97.33333333333331,0,0
2.0,0,0,0,0,277.0,120.0,16.0,0.1333333333333333,94.66666666666669,0,0
9.0,3,0,2,1,30.0,62.0,9.0,0.6,62.0,1,1
12.0,1,0,0,0,188.0,43.0,23.0,0.8,68.0,0,0
9.0,1,0,1,0,60.0,86.0,18.0,0.6,72.0,1,1
1.0,0,0,0,0,218.0,119.0,10.0,0.0666666666666666,97.33333333333331,0,0
6.0,2,2,0,0,30.0,93.0,20.0,0.4,80.0,1,0
3.0,1,0,0,0,199.0,97.0,16.0,0.2,92.0,0,0
8.0,2,1,1,0,30.0,54.0,7.0,0.5333333333333333,72.66666666666667,1,1
1.0,0,0,0,0,352.0,109.0,12.0,0.0666666666666666,97.33333333333331,0,0
0.0,0,0,0,0,318.0,85.0,19.0,0.0,100.0,0,0
7.0,1,2,0,0,30.0,76.0,20.0,0.4666666666666667,77.33333333333333,1,0
7.0,0,0,0,0,201.0,104.0,24.0,0.4666666666666667,81.33333333333333,0,0
11.0,4,0,1,2,0.0,39.0,2.0,0.7333333333333333,54.66666666666667,1,1
12.0,4,3,0,0,30.0,50.0,23.0,0.8,62.0,1,1
7.0,1,0,0,0,204.0,106.0,3.0,0.4666666666666667,81.33333333333333,0,0
14.0,2,0,2,1,0.0,28.0,19.0,0.9333333333333332,48.66666666666666,1,1
8.0,1,1,0,0,30.0,58.0,12.0,0.5333333333333333,76.66666666666667,1,0
1.0,0,0,0,0,346.0,113.0,14.0,0.0666666666666666,97.33333333333331,0,0
10.0,0,1,0,0,30.0,49.0,9.0,0.6666666666666666,71.33333333333334,1,0
12.0,3,0,2,1,0.0,63.0,4.0,0.8,54.0,1,1
9.0,4,0,2,1,0.0,43.0,14.0,0.6,62.0,1,1
3.0,3,1,2,0,60.0,92.0,19.0,0.2,82.0,1,1
3.0,0,0,0,0,239.0,89.0,9.0,0.2,92.0,0,0
5.0,1,0,1,0,150.0,40.0,9.0,0.3333333333333333,82.66666666666667,1,0
4.0,0,0,0,0,346.0,140.0,19.0,0.2666666666666666,89.33333333333333,0,0
5.0,0,0,0,0,212.0,108.0,3.0,0.3333333333333333,86.66666666666667,0,0
4.0,0,0,0,0,197.0,40.0,1.0,0.2666666666666666,89.33333333333333,0,0
8.0,1,0,0,0,271.0,61.0,12.0,0.5333333333333333,78.66666666666667,0,0
10.0,4,0,0,3,60.0,97.0,21.0,0.6666666666666666,55.33333333333334,1,1
3.0,1,0,0,0,354.0,72.0,14.0,0.2,92.0,0,0
4.0,2,0,1,1,0.0,108.0,14.0,0.2666666666666666,79.33333333333333,1,1
3.0,0,0,0,0,253.0,82.0,14.0,0.2,92.0,0,0
11.0,4,2,0,1,0.0,112.0,14.0,0.7333333333333333,60.66666666666667,1,1
4.0,1,0,0,0,342.0,54.0,9.0,0.2666666666666666,89.33333333333333,0,0
14.0,3,0,2,2,0.0,45.0,8.0,0.9333333333333332,42.66666666666666,1,1
3.0,0,0,0,0,309.0,117.0,12.0,0.2,92.0,0,0
8.0,3,2,2,0,30.0,28.0,19.0,0.5333333333333333,66.66666666666667,1,1
10.0,5,3,1,0,0.0,10.0,17.0,0.6666666666666666,63.33333333333334,1,1
0.0,0,0,0,0,262.0,82.0,19.0,0.0,100.0,0,1
4.0,2,0,1,1,30.0,27.0,5.0,0.2666666666666666,79.33333333333333,1,1
8.0,0,0,0,0,184.0,128.0,11.0,0.5333333333333333,78.66666666666667,0,0
4.0,0,0,0,0,337.0,93.0,10.0,0.2666666666666666,89.33333333333333,0,0
1.0,0,0,0,0,204.0,58.0,19.0,0.0666666666666666,97.33333333333331,0,0
12.0,1,1,0,0,120.0,51.0,23.0,0.8,66.0,1,1
2.0,1,1,0,0,145.0,300.0,3.0,0.17,86.33,0,0
1.0,0,0,0,0,259.0,93.0,12.0,0.0666666666666666,97.33333333333331,0,0
10.0,2,1,0,1,0.0,31.0,6.0,0.6666666666666666,65.33333333333334,1,1
4.0,0,0,0,0,301.0,70.0,11.0,0.2666666666666666,89.33333333333333,0,0
10.0,2,0,1,0,120.0,63.0,24.0,0.6666666666666666,69.33333333333334,1,1
1.0,1,0,0,0,254.0,83.0,8.0,0.0666666666666666,97.33333333333331,0,0
9.0,3,2,0,0,0.0,108.0,11.0,0.6,72.0,1,0
9.0,4,2,1,1,30.0,25.0,8.0,0.6,62.0,1,1
6.0,0,0,0,0,237.0,111.0,19.0,0.4,84.0,0,1
4.0,2,1,1,0,60.0,82.0,24.0,0.2666666666666666,83.33333333333333,1,0
4.0,0,0,0,0,206.0,96.0,24.0,0.2666666666666666,89.33333333333333,0,0
8.0,2,1,0,1,30.0,44.0,23.0,0.5333333333333333,70.66666666666667,1,1
11.0,5,0,3,1,30.0,94.0,2.0,0.7333333333333333,52.66666666666667,1,1
10.0,0,0,1,0,0.0,106.0,23.0,0.6666666666666666,69.33333333333334,1,1
4.0,0,0,0,0,198.0,110.0,7.0,0.2666666666666666,89.33333333333333,0,0
3.0,0,0,0,1,90.0,114.0,7.0,0.2,86.0,1,0
3.0,1,1,0,0,60.0,36.0,2.0,0.2,90.0,1,0
1.0,0,0,0,0,283.0,80.0,16.0,0.0666666666666666,97.33333333333331,0,0
3.0,0,0,0,0,181.0,107.0,18.0,0.2,92.0,0,0
10.0,4,0,1,3,0.0,35.0,23.0,0.6666666666666666,51.33333333333334,1,1
2.0,2,1,0,0,0.0,77.0,12.0,0.1333333333333333,92.66666666666669,1,0
4.0,2,0,1,0,60.0,81.0,15.0,0.2666666666666666,85.33333333333333,1,0
0.0,1,1,0,0,120.0,78.0,24.0,0.0,98.0,1,0
1.0,0,0,0,0,323.0,64.0,21.0,0.0666666666666666,97.33333333333331,0,0
12.0,3,0,1,2,60.0,70.0,18.0,0.8,52.0,1,0
7.0,1,1,0,0,120.0,43.0,11.0,0.4666666666666667,79.33333333333333,1,0
8.0,1,0,0,0,214.0,58.0,15.0,0.5333333333333333,78.66666666666667,0,0
1.0,0,0,0,0,181.0,88.0,6.0,0.0666666666666666,97.33333333333331,0,0
7.0,3,3,0,1,30.0,30.0,22.0,0.4666666666666667,69.33333333333333,1,1
4.0,1,1,0,0,60.0,107.0,19.0,0.2666666666666666,87.33333333333333,1,0
10.0,4,1,1,1,0.0,38.0,17.0,0.6666666666666666,61.33333333333334,1,0
7.0,2,2,1,0,0.0,91.0,25.0,0.4666666666666667,73.33333333333333,1,1
3.0,0,0,0,0,308.0,61.0,3.0,0.2,92.0,0,0
7.0,2,0,2,0,0.0,43.0,5.0,0.4666666666666667,73.33333333333333,1,1
3.0,0,1,0,0,120.0,55.0,18.0,0.2,90.0,1,0
6.0,2,1,0,1,120.0,45.0,5.0,0.4,76.0,1,1
1.0,0,0,0,0,360.0,119.0,1.0,0.0666666666666666,97.33333333333331,0,0
8.0,1,1,0,1,60.0,22.0,10.0,0.5333333333333333,70.66666666666667,1,1
1.0,0,0,0,0,240.0,51.0,25.0,0.0666666666666666,97.33333333333331,0,0
12.0,1,1,1,0,0.0,35.0,14.0,0.8,62.0,1,1
9.0,2,0,2,0,30.0,71.0,24.0,0.6,68.0,1,1
2.0,1,0,0,0,280.0,55.0,11.0,0.1333333333333333,94.66666666666669,0,0
6.0,0,0,1,0,60.0,62.0,20.0,0.4,80.0,1,0
1.0,0,0,1,0,30.0,105.0,17.0,0.0666666666666666,93.33333333333331,1,0
5.0,0,0,0,0,292.0,75.0,10.0,0.3333333333333333,86.66666666666667,0,0
8.0,0,0,0,0,218.0,92.0,3.0,0.5333333333333333,78.66666666666667,0,0
4.0,0,0,0,0,210.0,103.0,16.0,0.2666666666666666,89.33333333333333,0,0
1.0,0,0,0,0,289.0,52.0,15.0,0.0666666666666666,97.33333333333331,0,0
10.0,0,0,1,0,30.0,86.0,14.0,0.6666666666666666,69.33333333333334,1,1
3.0,1,0,0,0,218.0,95.0,11.0,0.2,92.0,0,0
8.0,1,0,0,0,316.0,100.0,15.0,0.5333333333333333,78.66666666666667,0,0
3.0,0,0,0,0,202.0,46.0,17.0,0.2,92.0,0,0
12.0,4,2,0,3,0.0,23.0,18.0,0.8,46.0,1,1
2.0,0,0,0,0,317.0,138.0,7.0,0.1333333333333333,94.66666666666669,0,0
0.0,0,0,0,0,305.0,128.0,23.0,0.0,100.0,0,0
1.0,0,0,0,0,335.0,131.0,10.0,0.0666666666666666,97.33333333333331,0,0
10.0,2,0,1,2,30.0,60.0,19.0,0.6666666666666666,57.33333333333334,1,1
4.0,0,0,0,0,315.0,112.0,9.0,0.2666666666666666,89.33333333333333,0,0
2.0,0,0,0,0,331.0,60.0,5.0,0.1333333333333333,94.66666666666669,0,0
11.0,2,1,1,0,0.0,30.0,20.0,0.7333333333333333,64.66666666666667,1,1
8.0,0,0,0,0,278.0,125.0,6.0,0.5333333333333333,78.66666666666667,0,0
7.0,0,1,0,0,120.0,60.0,24.0,0.4666666666666667,79.33333333333333,1,0
14.0,4,0,2,1,30.0,84.0,3.0,0.9333333333333332,48.66666666666666,1,1
14.0,4,1,2,2,0.0,32.0,21.0,0.9333333333333332,40.66666666666666,1,1
3.0,1,0,0,0,244.0,69.0,23.0,0.2,92.0,0,0
6.0,0,0,0,0,351.0,86.0,24.0,0.4,84.0,0,0
5.0,2,1,0,0,120.0,92.0,19.0,0.3333333333333333,84.66666666666667,1,0
3.0,0,0,0,0,348.0,64.0,7.0,0.2,92.0,0,0
2.0,0,1,0,0,0.0,46.0,13.0,0.1333333333333333,92.66666666666669,1,0
9.0,6,1,3,1,30.0,56.0,11.0,0.6,56.0,1,1
13.0,4,1,2,1,30.0,31.0,23.0,0.8666666666666667,49.33333333333333,1,1
0.0,2,0,1,0,30.0,48.0,8.0,0.0,96.0,1,0
4.0,2,2,0,0,30.0,38.0,1.0,0.2666666666666666,85.33333333333333,1,0
0.0,0,0,0,0,182.0,118.0,1.0,0.0,100.0,0,0
4.0,1,1,0,1,30.0,76.0,17.0,0.2666666666666666,81.33333333333333,1,1
3.0,0,0,0,0,226.0,112.0,10.0,0.2,92.0,0,0
3.0,2,2,0,0,90.0,70.0,25.0,0.2,88.0,1,0
1.0,1,0,0,0,292.0,108.0,6.0,0.0666666666666666,97.33333333333331,0,0
5.0,1,1,0,0,150.0,41.0,8.0,0.3333333333333333,84.66666666666667,1,0
9.0,3,0,1,2,30.0,89.0,3.0,0.6,60.0,1,1
2.0,0,0,0,0,345.0,87.0,24.0,0.1333333333333333,94.66666666666669,0,0
12.0,2,1,1,0,60.0,81.0,23.0,0.8,62.0,1,1
4.0,2,1,0,0,150.0,85.0,18.0,0.2666666666666666,87.33333333333333,1,0
13.0,1,0,1,1,90.0,34.0,2.0,0.8666666666666667,55.33333333333333,1,1
6.0,1,0,0,1,0.0,128.0,17.0,0.4,78.0,1,0
8.0,0,0,0,0,309.0,79.0,19.0,0.5333333333333333,78.66666666666667,0,0
4.0,1,0,0,0,276.0,124.0,18.0,0.2666666666666666,89.33333333333333,0,0
7.0,0,0,0,0,309.0,83.0,15.0,0.4666666666666667,81.33333333333333,0,0
11.0,0,0,1,0,0.0,45.0,18.0,0.7333333333333333,66.66666666666667,1,1
8.0,0,1,0,0,120.0,97.0,17.0,0.5333333333333333,76.66666666666667,1,0
11.0,2,2,1,0,30.0,65.0,23.0,0.7333333333333333,62.66666666666667,1,1
9.0,1,0,1,0,30.0,120.0,19.0,0.6,72.0,1,0
8.0,2,1,1,0,60.0,72.0,12.0,0.5333333333333333,72.66666666666667,1,1
2.0,1,1,0,0,60.0,70.0,21.0,0.1333333333333333,92.66666666666669,1,0
4.0,0,0,0,0,239.0,104.0,6.0,0.2666666666666666,89.33333333333333,0,0
4.0,0,0,0,0,210.0,47.0,21.0,0.2666666666666666,89.33333333333333,0,0
13.0,0,0,0,0,327.0,128.0,1.0,0.8666666666666667,65.33333333333333,0,0
11.0,1,0,0,1,60.0,49.0,22.0,0.7333333333333333,64.66666666666667,1,1
8.0,1,0,0,0,265.0,113.0,11.0,0.5333333333333333,78.66666666666667,0,0
0.0,1,0,0,0,251.0,100.0,16.0,0.0,100.0,0,0
12.0,1,0,1,0,30.0,32.0,14.0,0.8,64.0,1,1
8.0,1,0,0,0,191.0,122.0,6.0,0.5333333333333333,78.66666666666667,0,0
2.0,0,0,0,0,255.0,80.0,13.0,0.1333333333333333,94.66666666666669,0,0
7.0,3,2,1,0,0.0,97.0,8.0,0.4666666666666667,73.33333333333333,1,1
11.0,2,1,1,1,90.0,88.0,23.0,0.7333333333333333,58.66666666666667,1,1
8.0,0,0,0,0,185.0,90.0,7.0,0.5333333333333333,78.66666666666667,0,0
14.0,2,2,1,0,0.0,56.0,9.0,0.9333333333333332,54.66666666666666,1,1
3.0,1,0,0,0,338.0,126.0,1.0,0.2,92.0,0,0
1.0,1,1,0,0,30.0,96.0,21.0,0.0666666666666666,95.33333333333331,1,0
11.0,2,1,0,1,120.0,94.0,14.0,0.7333333333333333,62.66666666666667,1,1
8.0,1,1,1,0,30.0,61.0,11.0,0.5333333333333333,72.66666666666667,1,1
12.0,3,0,2,0,60.0,61.0,7.0,0.8,60.0,1,1
4.0,0,0,0,0,358.0,123.0,24.0,0.2666666666666666,89.33333333333333,0,0
0.0,0,0,0,0,331.0,140.0,4.0,0.0,100.0,0,0
1.0,1,0,0,0,256.0,129.0,18.0,0.0666666666666666,97.33333333333331,0,0
8.0,0,0,0,0,276.0,66.0,6.0,0.5333333333333333,78.66666666666667,0,0
12.0,4,2,0,1,30.0,45.0,20.0,0.8,58.0,1,1
3.0,1,1,0,0,60.0,83.0,5.0,0.2,90.0,1,0
11.0,4,0,1,2,30.0,38.0,5.0,0.7333333333333333,54.66666666666667,1,1
0.0,0,0,0,0,202.0,121.0,23.0,0.0,100.0,0,0
3.0,1,1,0,0,150.0,83.0,9.0,0.2,90.0,1,0
3.0,2,0,0,1,150.0,60.0,20.0,0.2,86.0,1,0
10.0,4,3,2,0,0.0,93.0,7.0,0.6666666666666666,59.33333333333334,1,1
8.0,1,1,0,0,60.0,69.0,16.0,0.5333333333333333,76.66666666666667,1,0
6.0,0,0,0,0,293.0,138.0,18.0,0.4,84.0,0,0
3.0,0,0,0,0,284.0,86.0,4.0,0.2,92.0,0,0
1.0,0,0,0,0,267.0,103.0,12.0,0.0666666666666666,97.33333333333331,0,0
8.0,0,0,0,0,228.0,46.0,20.0,0.5333333333333333,78.66666666666667,0,0
3.0,1,0,0,0,255.0,101.0,24.0,0.2,92.0,0,0
3.0,1,0,1,0,90.0,110.0,5.0,0.2,88.0,1,0
13.0,2,1,0,1,60.0,68.0,10.0,0.8666666666666667,57.33333333333333,1,1
1.0,0,0,0,0,355.0,71.0,5.0,0.0666666666666666,97.33333333333331,0,0
14.0,2,1,1,1,0.0,78.0,14.0,0.9333333333333332,50.66666666666666,1,1
6.0,0,1,0,0,30.0,97.0,10.0,0.4,82.0,1,0
8.0,3,2,1,0,0.0,55.0,12.0,0.5333333333333333,70.66666666666667,1,1
3.0,1,1,0,0,30.0,57.0,20.0,0.2,90.0,1,0
2.0,1,1,0,0,120.0,108.0,22.0,0.1333333333333333,92.66666666666669,1,0
1.0,2,1,1,0,30.0,103.0,8.0,0.0666666666666666,91.33333333333331,1,0
3.0,0,0,0,0,351.0,119.0,4.0,0.2,92.0,0,0
1.0,0,0,0,0,297.0,98.0,9.0,0.0666666666666666,97.33333333333331,0,0
4.0,1,1,0,0,0.0,48.0,16.0,0.2666666666666666,87.33333333333333,1,0
1.0,1,0,0,0,204.0,76.0,6.0,0.0666666666666666,97.33333333333331,0,0
11.0,2,0,2,0,0.0,101.0,5.0,0.7333333333333333,62.66666666666667,1,1
4.0,0,0,0,0,324.0,51.0,1.0,0.2666666666666666,89.33333333333333,0,0
1.0,0,0,0,0,180.0,112.0,4.0,0.0666666666666666,97.33333333333331,0,0
11.0,2,1,1,0,60.0,43.0,8.0,0.7333333333333333,64.66666666666667,1,1
2.0,2,1,0,0,0.0,38.0,7.0,0.1333333333333333,92.66666666666669,1,0
10.0,2,1,1,0,30.0,47.0,17.0,0.6666666666666666,67.33333333333334,1,1
4.0,1,0,0,0,277.0,55.0,4.0,0.2666666666666666,89.33333333333333,0,0
2.0,0,0,0,0,223.0,86.0,1.0,0.1333333333333333,94.66666666666669,0,0
4.0,0,0,0,0,321.0,76.0,15.0,0.2666666666666666,89.33333333333333,0,0
2.0,2,2,0,0,30.0,106.0,9.0,0.1333333333333333,90.66666666666669,1,0
8.0,1,0,0,0,283.0,61.0,7.0,0.5333333333333333,78.66666666666667,0,0
7.0,7,3,1,2,0.0,79.0,2.0,0.4666666666666667,59.33333333333333,1,1
2.0,0,0,0,0,186.0,54.0,21.0,0.1333333333333333,94.66666666666669,0,0
1.0,1,0,0,0,229.0,70.0,23.0,0.0666666666666666,97.33333333333331,0,0
12.0,3,2,0,1,0.0,26.0,15.0,0.8,58.0,1,1
3.0,1,1,0,0,150.0,106.0,8.0,0.2,90.0,1,0
9.0,2,1,0,1,30.0,79.0,13.0,0.6,68.0,1,1
0.0,0,0,0,0,272.0,55.0,15.0,0.0,100.0,0,1
2.0,0,0,0,0,242.0,64.0,1.0,0.1333333333333333,94.66666666666669,0,0
12.0,2,2,0,1,0.0,68.0,5.0,0.8,58.0,1,1
0.0,0,0,0,0,285.0,138.0,20.0,0.0,100.0,0,0
3.0,0,0,0,0,189.0,76.0,3.0,0.2,92.0,0,0
10.0,0,1,0,0,0.0,58.0,1.0,0.6666666666666666,71.33333333333334,1,0
14.0,3,1,0,2,60.0,29.0,25.0,0.9333333333333332,48.66666666666666,1,1
8.0,1,2,0,0,30.0,59.0,5.0,0.5333333333333333,74.66666666666667,1,0
3.0,1,0,0,0,340.0,102.0,9.0,0.2,92.0,0,0
12.0,3,0,1,2,30.0,100.0,13.0,0.8,52.0,1,1
12.0,4,3,0,1,0.0,36.0,13.0,0.8,56.0,1,1
11.0,4,2,0,3,30.0,79.0,22.0,0.7333333333333333,48.66666666666667,1,1
8.0,2,1,0,0,150.0,95.0,1.0,0.5333333333333333,76.66666666666667,1,0
7.0,1,1,0,0,60.0,123.0,8.0,0.4666666666666667,79.33333333333333,1,0
8.0,2,0,2,1,0.0,87.0,18.0,0.5333333333333333,64.66666666666667,1,1
0.0,0,0,0,0,257.0,132.0,3.0,0.0,100.0,0,0
1.0,0,0,0,0,262.0,116.0,3.0,0.0666666666666666,97.33333333333331,0,0
0.0,1,1,0,0,120.0,43.0,21.0,0.0,98.0,1,0
8.0,1,0,0,0,325.0,137.0,12.0,0.5333333333333333,78.66666666666667,0,0
10.0,5,0,1,3,0.0,10.0,21.0,0.6666666666666666,51.33333333333334,1,1
11.0,2,0,1,0,30.0,82.0,7.0,0.7333333333333333,66.66666666666667,1,1
2.0,2,1,0,0,120.0,60.0,16.0,0.1333333333333333,92.66666666666669,1,0
2.0,1,0,0,0,185.0,57.0,14.0,0.1333333333333333,94.66666666666669,0,0
3.0,0,0,0,0,345.0,64.0,18.0,0.2,92.0,0,0
7.0,1,2,0,0,0.0,47.0,4.0,0.4666666666666667,77.33333333333333,1,0
2.0,1,0,0,0,183.0,65.0,16.0,0.1333333333333333,94.66666666666669,0,0
7.0,4,3,0,0,60.0,29.0,8.0,0.4666666666666667,75.33333333333333,1,1
4.0,0,0,0,0,281.0,128.0,8.0,0.2666666666666666,89.33333333333333,0,0
2.0,1,0,0,0,341.0,76.0,6.0,0.1333333333333333,94.66666666666669,0,0
2.0,1,1,0,0,30.0,41.0,25.0,0.1333333333333333,92.66666666666669,1,0
1.0,0,0,0,0,224.0,122.0,21.0,0.0666666666666666,97.33333333333331,0,0
6.0,1,0,1,0,60.0,94.0,1.0,0.4,80.0,1,0
0.0,0,0,0,0,333.0,117.0,3.0,0.0,100.0,0,0
3.0,1,0,0,0,339.0,52.0,3.0,0.2,92.0,0,0
1.0,1,0,0,0,231.0,57.0,16.0,0.0666666666666666,97.33333333333331,0,0
3.0,1,1,1,0,30.0,84.0,8.0,0.2,86.0,1,0
10.0,1,0,0,1,120.0,96.0,7.0,0.6666666666666666,67.33333333333334,1,1
8.0,3,1,1,1,0.0,46.0,8.0,0.5333333333333333,66.66666666666667,1,1
0.0,0,0,0,0,324.0,106.0,15.0,0.0,100.0,0,0
11.0,1,0,1,0,60.0,95.0,19.0,0.7333333333333333,66.66666666666667,1,1
4.0,0,0,0,0,233.0,107.0,25.0,0.2666666666666666,89.33333333333333,0,0
12.0,3,1,1,1,60.0,87.0,19.0,0.8,56.0,1,1
0.0,1,0,0,0,353.0,131.0,17.0,0.0,100.0,0,0
4.0,1,2,0,0,0.0,93.0,5.0,0.2666666666666666,85.33333333333333,1,0
2.0,0,0,0,0,188.0,52.0,18.0,0.1333333333333333,94.66666666666669,0,0
0.0,1,0,1,0,0.0,90.0,11.0,0.0,96.0,1,0
3.0,0,1,0,0,150.0,63.0,4.0,0.2,90.0,1,0
1.0,0,0,0,0,343.0,97.0,6.0,0.0666666666666666,97.33333333333331,0,0
3.0,2,1,0,0,60.0,63.0,2.0,0.2,90.0,1,0
5.0,0,0,0,0,232.0,62.0,16.0,0.3333333333333333,86.66666666666667,0,0
2.0,0,0,0,0,187.0,53.0,16.0,0.1333333333333333,94.66666666666669,0,0
5.0,0,0,0,0,312.0,119.0,3.0,0.3333333333333333,86.66666666666667,0,0
9.0,1,1,0,1,30.0,114.0,15.0,0.6,68.0,1,1
12.0,3,1,3,0,0.0,39.0,25.0,0.8,54.0,1,1
4.0,1,0,0,0,357.0,79.0,12.0,0.2666666666666666,89.33333333333333,0,0
1.0,1,1,0,0,30.0,60.0,15.0,0.0666666666666666,95.33333333333331,1,0
0.0,0,1,0,0,90.0,69.0,9.0,0.0,98.0,1,0
0.0,2,0,1,0,150.0,53.0,4.0,0.0,96.0,1,0
1.0,1,1,0,0,0.0,84.0,14.0,0.0666666666666666,95.33333333333331,1,0
1.0,1,0,0,0,222.0,43.0,14.0,0.0666666666666666,97.33333333333331,0,0
2.0,0,1,0,0,150.0,35.0,14.0,0.1333333333333333,92.66666666666669,1,0
4.0,1,1,0,0,0.0,79.0,3.0,0.2666666666666666,87.33333333333333,1,0
10.0,3,0,0,2,0.0,106.0,25.0,0.6666666666666666,61.33333333333334,1,1
2.0,0,0,0,0,192.0,131.0,8.0,0.1333333333333333,94.66666666666669,0,0
1.0,0,0,0,0,217.0,58.0,19.0,0.0666666666666666,97.33333333333331,0,1
6.0,1,0,0,1,60.0,75.0,4.0,0.4,78.0,1,1
5.0,0,0,0,0,259.0,141.0,1.0,0.3333333333333333,86.66666666666667,0,0
5.0,2,2,0,0,0.0,73.0,7.0,0.3333333333333333,82.66666666666667,1,0
4.0,1,0,0,0,297.0,130.0,5.0,0.2666666666666666,89.33333333333333,0,0
4.0,0,1,0,0,90.0,61.0,4.0,0.2666666666666666,87.33333333333333,1,1
3.0,1,0,0,0,276.0,92.0,4.0,0.2,92.0,0,0
4.0,1,0,0,0,331.0,77.0,24.0,0.2666666666666666,89.33333333333333,0,0
2.0,0,0,0,0,184.0,94.0,14.0,0.1333333333333333,94.66666666666669,0,0
3.0,3,2,0,0,0.0,78.0,16.0,0.2,88.0,1,0
3.0,1,1,0,0,90.0,61.0,23.0,0.2,90.0,1,0
5.0,2,1,1,0,0.0,46.0,19.0,0.3333333333333333,80.66666666666667,1,1
4.0,0,0,0,0,228.0,121.0,5.0,0.2666666666666666,89.33333333333333,0,0
1.0,0,0,0,0,229.0,89.0,9.0,0.0666666666666666,97.33333333333331,0,0
4.0,1,1,0,0,60.0,29.0,15.0,0.2666666666666666,87.33333333333333,1,0
4.0,0,0,0,0,266.0,58.0,7.0,0.2666666666666666,89.33333333333333,0,0
1.0,1,0,0,0,353.0,129.0,18.0,0.0666666666666666,97.33333333333331,0,0
7.0,0,0,0,0,264.0,78.0,18.0,0.4666666666666667,81.33333333333333,0,0
12.0,0,0,0,0,256.0,51.0,23.0,0.8,68.0,0,0
4.0,0,0,0,0,287.0,138.0,19.0,0.2666666666666666,89.33333333333333,0,0
7.0,3,1,1,0,30.0,93.0,15.0,0.4666666666666667,75.33333333333333,1,1
3.0,1,1,0,0,150.0,102.0,24.0,0.2,90.0,1,0
0.0,0,0,0,0,328.0,49.0,23.0,0.0,100.0,0,0
4.0,0,0,0,0,245.0,131.0,2.0,0.2666666666666666,89.33333333333333,0,0
6.0,0,0,0,0,303.0,71.0,15.0,0.4,84.0,0,0
3.0,0,0,0,0,334.0,62.0,11.0,0.2,92.0,0,0
2.0,0,0,0,0,303.0,51.0,19.0,0.1333333333333333,94.66666666666669,0,0
4.0,1,0,0,0,199.0,51.0,10.0,0.2666666666666666,89.33333333333333,0,0
0.0,0,0,0,0,216.0,54.0,22.0,0.0,100.0,0,0
6.0,0,0,0,0,245.0,85.0,1.0,0.4,84.0,0,0
7.0,1,1,0,0,30.0,107.0,17.0,0.4666666666666667,79.33333333333333,1,0
3.0,3,1,1,0,0.0,52.0,1.0,0.2,86.0,1,0
3.0,1,0,0,0,183.0,62.0,12.0,0.2,92.0,0,0
8.0,2,0,1,0,30.0,75.0,6.0,0.5333333333333333,74.66666666666667,1,0
12.0,3,0,1,2,0.0,58.0,8.0,0.8,52.0,1,1
4.0,1,0,0,0,301.0,112.0,11.0,0.2666666666666666,89.33333333333333,0,0
9.0,1,0,1,0,60.0,91.0,11.0,0.6,72.0,1,1
7.0,4,2,3,0,0.0,29.0,22.0,0.4666666666666667,65.33333333333333,1,1
12.0,2,1,1,0,0.0,84.0,11.0,0.8,62.0,1,1
3.0,3,2,0,0,60.0,101.0,11.0,0.2,88.0,1,0
6.0,1,1,0,0,90.0,105.0,11.0,0.4,82.0,1,0
3.0,1,0,0,0,196.0,64.0,17.0,0.2,92.0,0,0
6.0,2,0,1,1,90.0,67.0,6.0,0.4,74.0,1,1
0.0,0,0,0,0,335.0,72.0,14.0,0.0,100.0,0,0
1.0,1,0,0,0,185.0,49.0,5.0,0.0666666666666666,97.33333333333331,0,0
1.0,0,0,0,0,245.0,70.0,2.0,0.0666666666666666,97.33333333333331,0,0
8.0,1,1,0,0,150.0,104.0,6.0,0.5333333333333333,76.66666666666667,1,0
2.0,0,0,0,0,287.0,132.0,22.0,0.1333333333333333,94.66666666666669,0,0
1.0,0,0,0,0,296.0,140.0,11.0,0.0666666666666666,97.33333333333331,0,0
5.0,1,0,1,0,30.0,71.0,3.0,0.3333333333333333,82.66666666666667,1,0
4.0,0,0,0,0,263.0,57.0,7.0,0.2666666666666666,89.33333333333333,0,0
1.0,1,0,0,0,341.0,98.0,5.0,0.0666666666666666,97.33333333333331,0,0
5.0,1,0,0,0,188.0,114.0,11.0,0.3333333333333333,86.66666666666667,0,0
9.0,1,2,0,0,90.0,61.0,20.0,0.6,72.0,1,0
8.0,0,0,0,0,229.0,79.0,25.0,0.5333333333333333,78.66666666666667,0,0
8.0,3,2,1,0,0.0,24.0,6.0,0.5333333333333333,70.66666666666667,1,1
11.0,1,0,1,0,0.0,51.0,2.0,0.7333333333333333,66.66666666666667,1,1
10.0,3,1,2,1,0.0,74.0,23.0,0.6666666666666666,57.33333333333334,1,1
12.0,0,0,0,1,150.0,70.0,21.0,0.8,62.0,1,1
14.0,2,0,2,1,0.0,48.0,7.0,0.9333333333333332,48.66666666666666,1,1
6.0,0,0,1,0,0.0,110.0,4.0,0.4,80.0,1,0
4.0,0,0,0,0,212.0,115.0,18.0,0.2666666666666666,89.33333333333333,0,1
2.0,0,0,0,0,323.0,68.0,22.0,0.1333333333333333,94.66666666666669,0,0
6.0,2,1,2,0,60.0,25.0,20.0,0.4,74.0,1,1
3.0,0,1,0,0,30.0,75.0,2.0,0.2,90.0,1,0
7.0,4,2,0,2,0.0,58.0,1.0,0.4666666666666667,65.33333333333333,1,1
3.0,1,0,1,0,150.0,91.0,5.0,0.2,88.0,1,0
8.0,2,1,0,0,0.0,38.0,13.0,0.5333333333333333,76.66666666666667,1,0
6.0,1,1,0,0,60.0,72.0,11.0,0.4,82.0,1,0
4.0,1,1,0,0,120.0,39.0,16.0,0.2666666666666666,87.33333333333333,1,0
3.0,0,0,0,0,228.0,104.0,18.0,0.2,92.0,0,0
1.0,2,1,1,0,0.0,80.0,12.0,0.0666666666666666,91.33333333333331,1,0
6.0,0,0,0,0,252.0,77.0,19.0,0.4,84.0,0,0
5.0,0,0,0,0,247.0,136.0,14.0,0.3333333333333333,86.66666666666667,0,0
8.0,1,1,0,0,60.0,47.0,12.0,0.5333333333333333,76.66666666666667,1,0
0.0,0,0,0,0,345.0,138.0,9.0,0.0,100.0,0,0
6.0,3,1,2,0,0.0,71.0,2.0,0.4,74.0,1,1
1.0,2,2,0,0,90.0,69.0,20.0,0.0666666666666666,93.33333333333331,1,0
3.0,0,0,0,0,315.0,64.0,10.0,0.2,92.0,0,0
8.0,0,0,0,0,338.0,128.0,8.0,0.5333333333333333,78.66666666666667,0,0
2.0,0,0,0,0,186.0,54.0,18.0,0.1333333333333333,94.66666666666669,0,0
4.0,0,0,0,0,219.0,107.0,25.0,0.2666666666666666,89.33333333333333,0,0
7.0,1,1,0,0,0.0,113.0,8.0,0.4666666666666667,79.33333333333333,1,0
5.0,1,1,0,0,120.0,33.0,1.0,0.3333333333333333,84.66666666666667,1,0
5.0,3,2,0,0,30.0,62.0,6.0,0.3333333333333333,82.66666666666667,1,0
3.0,1,1,0,0,90.0,37.0,20.0,0.2,90.0,1,0
3.0,1,1,0,0,0.0,61.0,11.0,0.2,90.0,1,0
8.0,1,0,2,0,0.0,50.0,21.0,0.5333333333333333,70.66666666666667,1,1
1.0,0,0,0,0,200.0,123.0,5.0,0.0666666666666666,97.33333333333331,0,0
2.0,1,0,0,0,254.0,96.0,15.0,0.1333333333333333,94.66666666666669,0,0
10.0,4,0,3,1,0.0,22.0,21.0,0.6666666666666666,55.33333333333334,1,0
3.0,0,0,0,0,280.0,106.0,5.0,0.2,92.0,0,0
10.0,3,0,1,2,0.0,40.0,22.0,0.6666666666666666,57.33333333333334,1,1
4.0,0,0,0,0,238.0,118.0,10.0,0.2666666666666666,89.33333333333333,0,0
4.0,0,0,0,0,260.0,100.0,10.0,0.2666666666666666,89.33333333333333,0,1
5.0,0,0,0,0,281.0,65.0,25.0,0.3333333333333333,86.66666666666667,0,0
1.0,0,0,0,0,335.0,60.0,16.0,0.0666666666666666,97.33333333333331,0,0
12.0,2,2,0,0,0.0,48.0,6.0,0.8,64.0,1,1
3.0,3,2,0,1,30.0,25.0,2.0,0.2,82.0,1,1
2.0,1,1,0,0,60.0,67.0,20.0,0.1333333333333333,92.66666666666669,1,0
1.0,0,0,0,0,305.0,122.0,9.0,0.0666666666666666,97.33333333333331,0,0
2.0,1,0,0,0,248.0,98.0,18.0,0.1333333333333333,94.66666666666669,0,0
0.0,0,0,0,0,190.0,107.0,8.0,0.0,100.0,0,0
12.0,4,3,0,0,0.0,42.0,10.0,0.8,62.0,1,1
1.0,1,1,0,0,90.0,94.0,24.0,0.0666666666666666,95.33333333333331,1,0
1.0,1,0,0,0,251.0,136.0,18.0,0.0666666666666666,97.33333333333331,0,0
4.0,0,0,0,0,201.0,126.0,17.0,0.2666666666666666,89.33333333333333,0,0
11.0,3,1,0,2,60.0,77.0,5.0,0.7333333333333333,56.66666666666667,1,1
6.0,1,0,0,1,120.0,43.0,12.0,0.4,78.0,1,1
8.0,0,0,0,0,257.0,95.0,19.0,0.5333333333333333,78.66666666666667,0,0
2.0,0,0,0,0,184.0,81.0,18.0,0.1333333333333333,94.66666666666669,0,0
4.0,1,0,0,0,255.0,72.0,13.0,0.2666666666666666,89.33333333333333,0,0
5.0,0,0,0,0,227.0,107.0,1.0,0.3333333333333333,86.66666666666667,0,0
5.0,1,1,0,0,0.0,68.0,8.0,0.3333333333333333,84.66666666666667,1,0
5.0,0,0,0,0,312.0,104.0,15.0,0.3333333333333333,86.66666666666667,0,0
0.0,0,0,0,0,345.0,133.0,4.0,0.0,100.0,0,0
4.0,2,1,0,0,90.0,83.0,20.0,0.2666666666666666,87.33333333333333,1,0
2.0,0,0,0,0,228.0,70.0,5.0,0.1333333333333333,94.66666666666669,0,0
4.0,0,0,0,0,213.0,84.0,18.0,0.2666666666666666,89.33333333333333,0,0
0.0,0,0,0,0,294.0,90.0,5.0,0.0,100.0,0,0
12.0,2,0,1,0,150.0,89.0,14.0,0.8,64.0,1,1
7.0,1,1,0,0,0.0,79.0,17.0,0.4666666666666667,79.33333333333333,1,0
1.0,0,1,0,0,0.0,111.0,12.0,0.0666666666666666,95.33333333333331,1,0
5.0,0,0,0,0,243.0,72.0,2.0,0.3333333333333333,86.66666666666667,0,0
1.0,1,0,0,0,181.0,59.0,6.0,0.0666666666666666,97.33333333333331,0,0
7.0,1,0,1,0,90.0,118.0,6.0,0.4666666666666667,77.33333333333333,1,0
11.0,2,0,1,0,120.0,111.0,19.0,0.7333333333333333,66.66666666666667,1,1
5.0,4,2,2,0,0.0,48.0,23.0,0.3333333333333333,74.66666666666667,1,1
11.0,3,1,0,1,30.0,20.0,19.0,0.7333333333333333,62.66666666666667,1,1
4.0,1,1,0,0,120.0,93.0,23.0,0.2666666666666666,87.33333333333333,1,0
8.0,1,0,0,0,356.0,90.0,12.0,0.5333333333333333,78.66666666666667,0,0
7.0,2,1,0,1,30.0,33.0,4.0,0.4666666666666667,73.33333333333333,1,1
9.0,4,0,2,1,0.0,60.0,17.0,0.6,62.0,1,1
4.0,0,1,0,0,120.0,105.0,8.0,0.2666666666666666,87.33333333333333,1,0
11.0,4,1,1,2,0.0,47.0,10.0,0.7333333333333333,52.66666666666667,1,1
7.0,0,0,0,0,287.0,79.0,25.0,0.4666666666666667,81.33333333333333,0,0
3.0,2,1,0,0,30.0,111.0,13.0,0.2,90.0,1,0
9.0,2,0,1,1,0.0,33.0,8.0,0.6,66.0,1,1
3.0,1,1,0,0,120.0,96.0,23.0,0.2,90.0,1,0
4.0,2,1,1,0,0.0,104.0,12.0,0.2666666666666666,83.33333333333333,1,0
2.0,1,0,0,0,188.0,81.0,4.0,0.1333333333333333,94.66666666666669,0,0
0.0,1,0,0,0,232.0,89.0,17.0,0.0,100.0,0,0
7.0,3,0,2,0,30.0,100.0,10.0,0.4666666666666667,73.33333333333333,1,1
4.0,0,0,0,0,260.0,84.0,24.0,0.2666666666666666,89.33333333333333,0,0
3.0,0,0,0,0,190.0,84.0,3.0,0.2,92.0,0,0
4.0,0,0,0,0,282.0,118.0,13.0,0.2666666666666666,89.33333333333333,0,0
4.0,0,0,0,0,209.0,105.0,22.0,0.2666666666666666,89.33333333333333,0,0
2.0,0,0,0,0,236.0,68.0,2.0,0.1333333333333333,94.66666666666669,0,0
6.0,0,0,1,0,120.0,86.0,3.0,0.4,80.0,1,0
4.0,1,1,0,0,150.0,28.0,17.0,0.2666666666666666,87.33333333333333,1,0
2.0,0,0,0,0,296.0,117.0,2.0,0.1333333333333333,94.66666666666669,0,0
3.0,0,0,1,0,90.0,80.0,20.0,0.2,88.0,1,0
7.0,0,0,0,0,182.0,95.0,14.0,0.4666666666666667,81.33333333333333,0,0
3.0,0,1,0,0,0.0,92.0,4.0,0.2,90.0,1,0
9.0,4,2,2,0,0.0,77.0,21.0,0.6,64.0,1,1
12.0,5,1,0,4,0.0,90.0,22.0,0.8,42.0,1,1
6.0,1,0,0,0,261.0,108.0,13.0,0.4,84.0,0,0
8.0,0,1,0,0,60.0,30.0,16.0,0.5333333333333333,76.66666666666667,1,0
0.0,0,0,0,0,308.0,98.0,3.0,0.0,100.0,0,0
0.0,0,0,0,0,205.0,130.0,22.0,0.0,100.0,0,0
4.0,1,0,1,0,150.0,102.0,5.0,0.2666666666666666,85.33333333333333,1,0
1.0,0,0,0,0,231.0,92.0,4.0,0.0666666666666666,97.33333333333331,0,0
7.0,0,0,0,0,286.0,64.0,13.0,0.4666666666666667,81.33333333333333,0,0
7.0,0,1,0,0,90.0,84.0,22.0,0.4666666666666667,79.33333333333333,1,0
14.0,4,0,1,3,0.0,21.0,18.0,0.9333333333333332,40.66666666666666,1,1
4.0,2,1,0,0,30.0,102.0,4.0,0.2666666666666666,87.33333333333333,1,0
12.0,3,2,0,2,0.0,77.0,23.0,0.8,52.0,1,1
3.0,0,0,0,0,355.0,112.0,11.0,0.2,92.0,0,0
0.0,1,1,0,0,30.0,81.0,19.0,0.0,98.0,1,0
5.0,1,1,0,0,0.0,69.0,6.0,0.3333333333333333,84.66666666666667,1,0
5.0,0,0,0,0,306.0,89.0,12.0,0.3333333333333333,86.66666666666667,0,0
11.0,4,2,0,2,30.0,25.0,24.0,0.7333333333333333,54.66666666666667,1,1
2.0,0,0,0,0,327.0,66.0,16.0,0.1333333333333333,94.66666666666669,0,0
3.0,1,0,0,0,274.0,60.0,19.0,0.2,92.0,0,0
7.0,4,0,2,2,30.0,24.0,15.0,0.4666666666666667,61.33333333333333,1,1
7.0,1,1,0,0,150.0,29.0,2.0,0.4666666666666667,79.33333333333333,1,0
3.0,1,0,0,0,309.0,136.0,6.0,0.2,92.0,0,0
13.0,4,1,2,1,0.0,21.0,25.0,0.8666666666666667,49.33333333333333,1,1
2.0,1,1,0,0,0.0,43.0,7.0,0.1333333333333333,92.66666666666669,1,0
1.0,3,1,1,0,60.0,39.0,15.0,0.0666666666666666,91.33333333333331,1,0
9.0,1,0,0,0,235.0,100.0,6.0,0.6,76.0,0,0
9.0,2,1,1,0,0.0,43.0,13.0,0.6,70.0,1,1
2.0,0,0,0,0,277.0,136.0,23.0,0.1333333333333333,94.66666666666669,0,0
1.0,0,0,0,0,343.0,91.0,7.0,0.0666666666666666,97.33333333333331,0,0
4.0,0,0,0,0,295.0,67.0,16.0,0.2666666666666666,89.33333333333333,0,0
0.0,0,0,0,0,258.0,115.0,1.0,0.0,100.0,0,0
6.0,2,0,1,1,60.0,24.0,10.0,0.4,74.0,1,1
0.0,0,0,0,0,320.0,110.0,3.0,0.0,100.0,0,0
7.0,1,1,0,0,150.0,42.0,13.0,0.4666666666666667,79.33333333333333,1,0
2.0,0,0,0,0,303.0,93.0,4.0,0.1333333333333333,94.66666666666669,0,0
2.0,2,1,0,0,60.0,44.0,23.0,0.1333333333333333,92.66666666666669,1,0
8.0,3,1,1,0,90.0,53.0,9.0,0.5333333333333333,72.66666666666667,1,1
12.0,1,1,1,0,0.0,105.0,14.0,0.8,62.0,1,1
0.0,0,0,0,0,208.0,125.0,16.0,0.0,100.0,0,0
9.0,1,0,0,1,120.0,46.0,20.0,0.6,70.0,1,1
9.0,1,0,2,0,30.0,75.0,1.0,0.6,68.0,1,1
8.0,0,1,0,0,90.0,66.0,19.0,0.5333333333333333,76.66666666666667,1,0
2.0,1,0,0,0,305.0,80.0,23.0,0.1333333333333333,94.66666666666669,0,0
11.0,2,1,0,1,60.0,107.0,20.0,0.7333333333333333,62.66666666666667,1,1
14.0,3,0,1,1,0.0,53.0,6.0,0.9333333333333332,52.66666666666666,1,1
3.0,0,0,0,0,261.0,120.0,17.0,0.2,92.0,0,0
0.0,1,0,0,0,210.0,66.0,4.0,0.0,100.0,0,0
6.0,0,0,0,0,278.0,91.0,6.0,0.4,84.0,0,0
2.0,1,1,0,1,0.0,49.0,19.0,0.1333333333333333,86.66666666666667,1,0
4.0,0,0,0,0,314.0,122.0,18.0,0.2666666666666666,89.33333333333333,0,0
2.0,0,0,0,0,219.0,119.0,7.0,0.1333333333333333,94.66666666666669,0,0
4.0,0,0,0,0,354.0,124.0,24.0,0.2666666666666666,89.33333333333333,0,0
4.0,0,0,0,0,336.0,132.0,14.0,0.2666666666666666,89.33333333333333,0,0
4.0,1,2,0,0,30.0,40.0,7.0,0.2666666666666666,85.33333333333333,1,0
1.0,0,0,0,0,287.0,128.0,11.0,0.0666666666666666,97.33333333333331,0,0
4.0,1,0,0,0,245.0,61.0,12.0,0.2666666666666666,89.33333333333333,0,0
6.0,1,0,0,0,222.0,109.0,22.0,0.4,84.0,0,0
7.0,0,0,0,0,246.0,107.0,22.0,0.4666666666666667,81.33333333333333,0,0
2.0,0,0,0,0,335.0,116.0,18.0,0.1333333333333333,94.66666666666669,0,1
2.0,0,1,0,0,90.0,47.0,10.0,0.1333333333333333,92.66666666666669,1,0
8.0,2,1,0,0,120.0,81.0,13.0,0.5333333333333333,76.66666666666667,1,0
10.0,7,2,4,0,0.0,10.0,14.0,0.6666666666666666,53.33333333333334,1,1
7.0,1,0,0,0,261.0,88.0,9.0,0.4666666666666667,81.33333333333333,0,0
10.0,4,2,2,0,0.0,14.0,23.0,0.6666666666666666,61.33333333333334,1,1
0.0,0,0,0,0,297.0,131.0,6.0,0.0,100.0,0,0
3.0,0,0,0,0,223.0,91.0,13.0,0.2,92.0,0,0
7.0,0,0,0,0,243.0,135.0,24.0,0.4666666666666667,81.33333333333333,0,0
5.0,1,1,0,0,150.0,84.0,3.0,0.3333333333333333,84.66666666666667,1,0
4.0,2,2,0,0,30.0,92.0,16.0,0.2666666666666666,85.33333333333333,1,0
3.0,1,1,0,0,120.0,54.0,15.0,0.2,90.0,1,0
3.0,1,1,0,0,120.0,89.0,2.0,0.2,90.0,1,0
0.0,1,1,0,0,90.0,68.0,15.0,0.0,98.0,1,0
4.0,1,0,0,0,189.0,81.0,20.0,0.2666666666666666,89.33333333333333,0,0
4.0,1,0,0,0,339.0,56.0,12.0,0.2666666666666666,89.33333333333333,0,0
4.0,0,0,0,0,241.0,94.0,16.0,0.2666666666666666,89.33333333333333,0,0
11.0,2,0,2,1,0.0,80.0,21.0,0.7333333333333333,56.66666666666667,1,1
7.0,2,1,0,0,90.0,75.0,2.0,0.4666666666666667,79.33333333333333,1,0
3.0,1,1,0,0,150.0,100.0,12.0,0.2,90.0,1,0
7.0,2,0,2,0,0.0,101.0,12.0,0.4666666666666667,73.33333333333333,1,1
5.0,2,1,1,0,0.0,74.0,7.0,0.3333333333333333,80.66666666666667,1,0
4.0,1,1,1,0,90.0,34.0,8.0,0.2666666666666666,83.33333333333333,1,0
14.0,2,0,2,0,0.0,28.0,11.0,0.9333333333333332,54.66666666666666,1,1
0.0,0,0,0,0,321.0,133.0,9.0,0.0,100.0,0,0
11.0,1,0,1,0,60.0,109.0,19.0,0.7333333333333333,66.66666666666667,1,1
12.0,0,0,0,0,253.0,128.0,7.0,0.8,68.0,0,0
3.0,1,0,0,0,195.0,57.0,14.0,0.2,92.0,0,0
11.0,2,0,1,0,120.0,84.0,13.0,0.7333333333333333,66.66666666666667,1,1
13.0,2,0,2,1,0.0,101.0,24.0,0.8666666666666667,51.33333333333333,1,1
7.0,2,1,1,0,0.0,40.0,18.0,0.4666666666666667,75.33333333333333,1,1
10.0,2,0,0,3,0.0,20.0,15.0,0.6666666666666666,55.33333333333334,1,1
6.0,1,0,1,0,120.0,93.0,16.0,0.4,80.0,1,0
6.0,4,2,2,1,0.0,55.0,8.0,0.4,66.0,1,1
3.0,1,0,0,0,261.0,103.0,20.0,0.2,92.0,0,0
6.0,1,1,0,0,120.0,37.0,10.0,0.4,82.0,1,0
3.0,1,0,0,1,150.0,115.0,20.0,0.2,86.0,1,0
7.0,1,0,0,0,264.0,94.0,16.0,0.4666666666666667,81.33333333333333,0,0
7.0,1,0,0,1,0.0,125.0,21.0,0.4666666666666667,75.33333333333333,1,1
4.0,0,0,0,0,197.0,110.0,9.0,0.2666666666666666,89.33333333333333,0,0
0.0,0,0,0,0,212.0,76.0,6.0,0.0,100.0,0,0
3.0,0,0,0,0,276.0,97.0,13.0,0.2,92.0,0,0
6.0,1,2,0,0,0.0,84.0,19.0,0.4,80.0,1,0
4.0,1,0,0,1,60.0,81.0,25.0,0.2666666666666666,83.33333333333333,1,0
4.0,1,0,0,0,243.0,59.0,23.0,0.2666666666666666,89.33333333333333,0,1
11.0,3,0,1,2,0.0,84.0,5.0,0.7333333333333333,54.66666666666667,1,1
12.0,1,0,1,1,30.0,71.0,6.0,0.8,58.0,1,1
6.0,0,0,0,0,359.0,111.0,7.0,0.4,84.0,0,0
8.0,0,0,0,0,327.0,69.0,13.0,0.5333333333333333,78.66666666666667,0,0
11.0,2,0,0,2,0.0,38.0,5.0,0.7333333333333333,58.66666666666667,1,1
11.0,4,1,0,2,30.0,92.0,13.0,0.7333333333333333,56.66666666666667,1,0
3.0,0,0,0,0,248.0,90.0,8.0,0.2,92.0,0,0
2.0,0,0,0,0,198.0,124.0,20.0,0.1333333333333333,94.66666666666669,0,0
3.0,0,0,0,0,326.0,83.0,18.0,0.2,92.0,0,0
3.0,0,0,0,0,214.0,95.0,4.0,0.2,92.0,0,0
4.0,0,0,0,0,219.0,99.0,24.0,0.2666666666666666,89.33333333333333,0,0
4.0,1,0,1,0,30.0,118.0,24.0,0.2666666666666666,85.33333333333333,1,0
12.0,0,0,0,0,272.0,141.0,5.0,0.8,68.0,0,0
3.0,0,0,0,1,150.0,107.0,12.0,0.2,86.0,1,0
6.0,1,1,0,0,30.0,108.0,8.0,0.4,82.0,1,0
4.0,1,1,0,0,150.0,110.0,2.0,0.2666666666666666,87.33333333333333,1,0
2.0,2,2,0,0,0.0,69.0,23.0,0.1333333333333333,90.66666666666669,1,0
11.0,3,1,0,2,90.0,25.0,18.0,0.7333333333333333,56.66666666666667,1,1
12.0,3,0,1,3,0.0,77.0,8.0,0.8,46.0,1,1
7.0,3,1,2,0,0.0,101.0,24.0,0.4666666666666667,71.33333333333333,1,1
7.0,3,2,0,0,60.0,52.0,13.0,0.4666666666666667,77.33333333333333,1,0
1.0,0,0,0,0,184.0,70.0,12.0,0.0666666666666666,97.33333333333331,0,0
10.0,0,1,0,0,0.0,99.0,2.0,0.6666666666666666,71.33333333333334,1,0
7.0,4,0,2,2,0.0,43.0,15.0,0.4666666666666667,61.33333333333333,1,1
6.0,0,1,0,0,90.0,107.0,23.0,0.4,82.0,1,0
3.0,2,1,1,0,0.0,36.0,16.0,0.2,86.0,1,0
13.0,3,0,1,2,90.0,19.0,18.0,0.8666666666666667,49.33333333333333,1,1
2.0,1,1,0,0,60.0,108.0,5.0,0.1333333333333333,92.66666666666669,1,0
1.0,2,1,1,0,30.0,87.0,16.0,0.0666666666666666,91.33333333333331,1,0
3.0,0,0,0,0,310.0,125.0,14.0,0.2,92.0,0,1
9.0,3,1,1,0,60.0,83.0,4.0,0.6,70.0,1,1
3.0,1,0,0,1,30.0,51.0,4.0,0.2,86.0,1,0
0.0,0,0,0,0,212.0,74.0,23.0,0.0,100.0,0,0
0.0,0,0,0,0,250.0,128.0,5.0,0.0,100.0,0,0
12.0,4,0,1,2,30.0,61.0,8.0,0.8,52.0,1,0
2.0,0,0,0,0,326.0,133.0,16.0,0.1333333333333333,94.66666666666669,0,0
8.0,2,0,1,1,0.0,33.0,10.0,0.5333333333333333,68.66666666666667,1,1
5.0,1,1,0,0,60.0,93.0,25.0,0.3333333333333333,84.66666666666667,1,0
4.0,2,1,0,0,60.0,48.0,5.0,0.2666666666666666,87.33333333333333,1,0
3.0,0,0,0,0,199.0,53.0,5.0,0.2,92.0,0,0
14.0,3,0,2,0,0.0,39.0,8.0,0.9333333333333332,54.66666666666666,1,1
4.0,2,1,1,0,60.0,114.0,17.0,0.2666666666666666,83.33333333333333,1,0
0.0,1,0,0,0,319.0,77.0,21.0,0.0,100.0,0,0
2.0,0,0,0,0,182.0,44.0,18.0,0.1333333333333333,94.66666666666669,0,0
12.0,1,1,1,0,60.0,37.0,1.0,0.8,62.0,1,1
7.0,2,0,0,2,120.0,109.0,18.0,0.4666666666666667,69.33333333333333,1,1
6.0,0,1,0,0,0.0,108.0,24.0,0.4,82.0,1,0
3.0,0,0,0,0,183.0,98.0,15.0,0.2,92.0,0,0
5.0,2,1,0,0,120.0,108.0,1.0,0.3333333333333333,84.66666666666667,1,0
4.0,3,2,0,0,90.0,30.0,23.0,0.2666666666666666,85.33333333333333,1,0
6.0,0,0,0,0,286.0,61.0,5.0,0.4,84.0,0,0
2.0,0,0,0,0,301.0,98.0,22.0,0.1333333333333333,94.66666666666669,0,0
7.0,1,0,1,0,150.0,70.0,15.0,0.4666666666666667,77.33333333333333,1,0
2.0,0,0,0,0,286.0,63.0,7.0,0.1333333333333333,94.66666666666669,0,0
3.0,2,1,0,0,60.0,51.0,11.0,0.2,90.0,1,0
3.0,0,0,0,0,327.0,84.0,25.0,0.2,92.0,0,0
12.0,3,1,0,2,0.0,46.0,17.0,0.8,54.0,1,1
4.0,0,0,0,0,330.0,131.0,9.0,0.2666666666666666,89.33333333333333,0,0
10.0,0,0,0,0,272.0,92.0,14.0,0.6666666666666666,73.33333333333334,0,0
2.0,0,0,0,0,278.0,77.0,4.0,0.1333333333333333,94.66666666666669,0,0
2.0,2,0,1,0,60.0,62.0,15.0,0.1333333333333333,90.66666666666669,1,0
7.0,2,1,0,1,90.0,40.0,15.0,0.4666666666666667,73.33333333333333,1,1
11.0,5,3,0,1,0.0,64.0,23.0,0.7333333333333333,58.66666666666667,1,1
1.0,1,1,0,0,90.0,102.0,2.0,0.0666666666666666,95.33333333333331,1,0
12.0,2,0,1,1,30.0,25.0,5.0,0.8,58.0,1,1
13.0,2,0,1,1,30.0,27.0,11.0,0.8666666666666667,55.33333333333333,1,1
11.0,2,1,1,1,0.0,27.0,19.0,0.7333333333333333,58.66666666666667,1,1
2.0,2,1,0,0,150.0,51.0,8.0,0.1333333333333333,92.66666666666669,1,0
0.0,1,0,0,0,277.0,130.0,2.0,0.0,100.0,0,0
11.0,1,2,0,0,90.0,35.0,13.0,0.7333333333333333,66.66666666666667,1,1
11.0,5,0,3,1,0.0,58.0,18.0,0.7333333333333333,52.66666666666667,1,1
14.0,4,0,1,2,0.0,70.0,6.0,0.9333333333333332,46.66666666666666,1,1
2.0,0,0,0,0,360.0,110.0,23.0,0.1333333333333333,94.66666666666669,0,0
11.0,2,2,1,0,0.0,70.0,19.0,0.7333333333333333,62.66666666666667,1,1
7.0,0,0,0,0,343.0,105.0,6.0,0.4666666666666667,81.33333333333333,0,0
8.0,4,0,3,1,30.0,30.0,4.0,0.5333333333333333,60.66666666666667,1,1
6.0,2,0,1,1,60.0,45.0,10.0,0.4,74.0,1,1
1.0,0,0,0,0,356.0,64.0,16.0,0.0666666666666666,97.33333333333331,0,0
11.0,0,1,0,0,120.0,106.0,19.0,0.7333333333333333,68.66666666666667,1,1
3.0,0,0,0,0,198.0,127.0,9.0,0.2,92.0,0,0
11.0,2,2,0,0,60.0,61.0,1.0,0.7333333333333333,66.66666666666667,1,1
11.0,1,0,1,0,120.0,70.0,4.0,0.7333333333333333,66.66666666666667,1,1
12.0,1,0,1,0,120.0,88.0,11.0,0.8,64.0,1,1
10.0,3,2,1,0,0.0,49.0,4.0,0.6666666666666666,65.33333333333334,1,1
2.0,1,0,0,0,188.0,83.0,9.0,0.1333333333333333,94.66666666666669,0,0
0.0,0,0,0,0,336.0,134.0,14.0,0.0,100.0,0,0
7.0,2,0,1,0,60.0,40.0,4.0,0.4666666666666667,77.33333333333333,1,0
5.0,1,0,0,0,250.0,122.0,21.0,0.3333333333333333,86.66666666666667,0,0
7.0,1,0,1,0,30.0,71.0,13.0,0.4666666666666667,77.33333333333333,1,0
6.0,0,0,1,0,150.0,56.0,17.0,0.4,80.0,1,0
1.0,1,1,0,0,120.0,76.0,18.0,0.0666666666666666,95.33333333333331,1,0
5.0,1,0,1,0,90.0,114.0,13.0,0.3333333333333333,82.66666666666667,1,0
5.0,1,0,0,0,303.0,136.0,3.0,0.3333333333333333,86.66666666666667,0,0
8.0,2,1,0,0,90.0,47.0,12.0,0.5333333333333333,76.66666666666667,1,0
10.0,3,1,0,1,0.0,31.0,3.0,0.6666666666666666,65.33333333333334,1,1
11.0,3,1,0,1,30.0,80.0,17.0,0.7333333333333333,62.66666666666667,1,1
5.0,1,1,1,0,0.0,31.0,23.0,0.3333333333333333,80.66666666666667,1,0
3.0,0,0,0,0,201.0,70.0,2.0,0.2,92.0,0,0
7.0,2,0,1,0,0.0,59.0,11.0,0.4666666666666667,77.33333333333333,1,0
2.0,0,0,0,0,184.0,73.0,14.0,0.1333333333333333,94.66666666666669,0,0
12.0,3,1,1,1,0.0,94.0,24.0,0.8,56.0,1,1
0.0,0,0,0,0,292.0,113.0,22.0,0.0,100.0,0,0
4.0,1,1,0,0,150.0,52.0,6.0,0.2666666666666666,87.33333333333333,1,0
2.0,0,0,0,0,247.0,128.0,16.0,0.1333333333333333,94.66666666666669,0,0
4.0,0,0,0,0,345.0,98.0,14.0,0.2666666666666666,89.33333333333333,0,0
4.0,0,0,0,0,192.0,45.0,24.0,0.2666666666666666,89.33333333333333,0,0
8.0,1,0,0,0,235.0,50.0,13.0,0.5333333333333333,78.66666666666667,0,0
9.0,1,0,1,0,30.0,66.0,11.0,0.6,72.0,1,0
0.0,0,0,0,0,251.0,88.0,10.0,0.0,100.0,0,0
8.0,1,0,1,0,60.0,110.0,8.0,0.5333333333333333,74.66666666666667,1,1
11.0,0,0,0,0,191.0,61.0,23.0,0.7333333333333333,70.66666666666667,0,0
6.0,2,0,1,0,30.0,49.0,5.0,0.4,80.0,1,0
6.0,1,0,1,1,0.0,42.0,21.0,0.4,74.0,1,1
4.0,1,1,0,0,120.0,62.0,1.0,0.2666666666666666,87.33333333333333,1,0
12.0,6,1,2,2,0.0,34.0,9.0,0.8,46.0,1,1
7.0,0,0,0,1,60.0,88.0,24.0,0.4666666666666667,75.33333333333333,1,1
7.0,0,0,0,0,351.0,132.0,13.0,0.4666666666666667,81.33333333333333,0,0
8.0,2,1,0,0,30.0,118.0,25.0,0.5333333333333333,76.66666666666667,1,0
7.0,0,0,0,0,333.0,55.0,24.0,0.4666666666666667,81.33333333333333,0,0
4.0,1,1,0,0,30.0,46.0,5.0,0.2666666666666666,87.33333333333333,1,0
10.0,2,3,0,0,0.0,88.0,3.0,0.6666666666666666,67.33333333333334,1,1
2.0,0,0,0,0,313.0,120.0,2.0,0.1333333333333333,94.66666666666669,0,0
7.0,1,0,1,0,90.0,41.0,24.0,0.4666666666666667,77.33333333333333,1,1
10.0,6,3,2,0,0.0,73.0,16.0,0.6666666666666666,59.33333333333334,1,1
4.0,2,0,1,0,90.0,116.0,23.0,0.2666666666666666,85.33333333333333,1,0
5.0,0,1,0,0,150.0,81.0,16.0,0.3333333333333333,84.66666666666667,1,0
5.0,0,0,0,0,257.0,140.0,18.0,0.3333333333333333,86.66666666666667,0,0
14.0,3,0,1,3,0.0,55.0,17.0,0.9333333333333332,40.66666666666666,1,1
0.0,1,0,0,0,321.0,104.0,4.0,0.0,100.0,0,0
8.0,6,2,2,1,0.0,21.0,12.0,0.5333333333333333,60.66666666666667,1,1
3.0,2,1,1,0,120.0,39.0,13.0,0.2,86.0,1,0
11.0,3,2,0,1,0.0,50.0,10.0,0.7333333333333333,60.66666666666667,1,1
9.0,2,1,1,0,0.0,96.0,1.0,0.6,70.0,1,1
3.0,0,0,0,0,323.0,80.0,9.0,0.2,92.0,0,0
0.0,0,0,0,0,195.0,117.0,22.0,0.0,100.0,0,0
14.0,3,0,2,1,0.0,73.0,11.0,0.9333333333333332,48.66666666666666,1,1
4.0,0,0,0,0,349.0,65.0,11.0,0.2666666666666666,89.33333333333333,0,0
10.0,2,0,1,1,60.0,107.0,14.0,0.6666666666666666,63.33333333333334,1,1
4.0,2,2,0,0,60.0,85.0,24.0,0.2666666666666666,85.33333333333333,1,0
5.0,1,1,0,1,30.0,94.0,15.0,0.3333333333333333,78.66666666666667,1,1
3.0,3,1,2,0,60.0,86.0,17.0,0.2,82.0,1,0
9.0,3,1,2,0,60.0,40.0,25.0,0.6,66.0,1,1
8.0,1,0,1,0,60.0,58.0,3.0,0.5333333333333333,74.66666666666667,1,0
11.0,5,1,1,3,0.0,68.0,9.0,0.7333333333333333,46.66666666666667,1,1
8.0,0,0,0,0,246.0,75.0,3.0,0.5333333333333333,78.66666666666667,0,0
6.0,4,0,4,0,0.0,94.0,5.0,0.4,68.0,1,1
11.0,4,0,2,1,0.0,55.0,1.0,0.7333333333333333,56.66666666666667,1,1
3.0,1,1,0,0,0.0,61.0,2.0,0.2,90.0,1,0
4.0,1,0,0,0,191.0,42.0,13.0,0.2666666666666666,89.33333333333333,0,0
8.0,3,2,1,0,0.0,93.0,22.0,0.5333333333333333,70.66666666666667,1,1
4.0,1,0,0,0,262.0,75.0,20.0,0.2666666666666666,89.33333333333333,0,0
8.0,2,1,0,0,120.0,76.0,7.0,0.5333333333333333,76.66666666666667,1,0
5.0,1,0,0,0,232.0,124.0,11.0,0.3333333333333333,86.66666666666667,0,0
2.0,0,0,0,0,250.0,111.0,11.0,0.1333333333333333,94.66666666666669,0,0
10.0,3,2,0,1,0.0,82.0,24.0,0.6666666666666666,63.33333333333334,1,1
1.0,1,0,0,0,210.0,36.0,10.0,0.0666666666666666,97.33333333333331,0,0
6.0,1,1,0,1,0.0,88.0,5.0,0.4,76.0,1,1
3.0,0,0,0,0,202.0,62.0,18.0,0.2,92.0,0,0
8.0,0,0,0,0,205.0,72.0,10.0,0.5333333333333333,78.66666666666667,0,0
5.0,0,0,0,0,289.0,108.0,13.0,0.3333333333333333,86.66666666666667,0,0
0.0,1,0,0,0,279.0,65.0,11.0,0.0,100.0,0,0
4.0,1,0,0,0,278.0,61.0,18.0,0.2666666666666666,89.33333333333333,0,0
8.0,1,0,1,0,150.0,108.0,13.0,0.5333333333333333,74.66666666666667,1,0
4.0,0,0,0,0,296.0,94.0,18.0,0.2666666666666666,89.33333333333333,0,0
4.0,1,1,0,0,150.0,105.0,17.0,0.2666666666666666,87.33333333333333,1,0
3.0,0,0,0,0,282.0,118.0,12.0,0.2,92.0,0,0
1.0,0,0,0,0,223.0,103.0,1.0,0.0666666666666666,97.33333333333331,0,0
14.0,6,0,3,2,0.0,16.0,6.0,0.9333333333333332,38.66666666666666,1,1
6.0,0,0,0,0,214.0,52.0,20.0,0.4,84.0,0,0
2.0,1,0,0,0,341.0,125.0,1.0,0.1333333333333333,94.66666666666669,0,0
7.0,2,0,1,0,30.0,91.0,22.0,0.4666666666666667,77.33333333333333,1,0
6.0,2,0,1,0,0.0,113.0,21.0,0.4,80.0,1,0
7.0,2,1,1,1,0.0,87.0,3.0,0.4666666666666667,69.33333333333333,1,1
8.0,4,4,1,0,30.0,10.0,1.0,0.5333333333333333,66.66666666666667,1,1
3.0,2,3,0,0,0.0,110.0,15.0,0.2,86.0,1,0
10.0,1,0,1,1,120.0,27.0,7.0,0.6666666666666666,63.33333333333334,1,1
12.0,3,0,3,0,60.0,36.0,25.0,0.8,56.0,1,1
11.0,3,1,0,2,30.0,62.0,22.0,0.7333333333333333,56.66666666666667,1,1
0.0,0,0,0,0,227.0,76.0,23.0,0.0,100.0,0,0
14.0,5,1,1,2,60.0,19.0,12.0,0.9333333333333332,44.66666666666666,1,1
8.0,2,1,1,0,0.0,62.0,16.0,0.5333333333333333,72.66666666666667,1,1
4.0,0,0,0,0,192.0,91.0,12.0,0.2666666666666666,89.33333333333333,0,0
1.0,0,0,0,0,196.0,63.0,11.0,0.0666666666666666,97.33333333333331,0,0
10.0,3,1,2,0,0.0,87.0,24.0,0.6666666666666666,63.33333333333334,1,1
11.0,1,1,1,0,30.0,101.0,7.0,0.7333333333333333,64.66666666666667,1,1
11.0,2,0,1,1,30.0,110.0,16.0,0.7333333333333333,60.66666666666667,1,1
3.0,2,1,0,0,150.0,46.0,8.0,0.2,90.0,1,0
6.0,2,2,0,0,30.0,99.0,4.0,0.4,80.0,1,0
5.0,0,1,0,0,150.0,29.0,20.0,0.3333333333333333,84.66666666666667,1,0
11.0,4,2,1,1,30.0,19.0,25.0,0.7333333333333333,56.66666666666667,1,1
8.0,1,0,0,0,333.0,71.0,19.0,0.5333333333333333,78.66666666666667,0,0
10.0,1,0,1,1,60.0,48.0,13.0,0.6666666666666666,63.33333333333334,1,1
4.0,0,0,0,0,350.0,103.0,4.0,0.2666666666666666,89.33333333333333,0,0
6.0,2,0,2,0,0.0,68.0,3.0,0.4,76.0,1,1
4.0,2,1,0,0,0.0,79.0,4.0,0.2666666666666666,87.33333333333333,1,0
0.0,1,1,0,0,60.0,105.0,23.0,0.0,98.0,1,0
0.0,0,0,0,0,226.0,78.0,10.0,0.0,100.0,0,0
8.0,1,1,0,0,30.0,107.0,20.0,0.5333333333333333,76.66666666666667,1,0
3.0,3,1,1,0,90.0,84.0,16.0,0.2,86.0,1,0
2.0,0,0,0,0,293.0,56.0,5.0,0.1333333333333333,94.66666666666669,0,0
3.0,2,0,1,0,0.0,116.0,23.0,0.2,88.0,1,0
13.0,3,1,0,2,30.0,48.0,9.0,0.8666666666666667,51.33333333333333,1,1
3.0,1,0,0,0,269.0,56.0,18.0,0.2,92.0,0,0
4.0,2,1,0,0,0.0,66.0,7.0,0.2666666666666666,87.33333333333333,1,0
12.0,0,0,0,0,328.0,93.0,16.0,0.8,68.0,0,0
1.0,1,2,0,0,90.0,83.0,9.0,0.0666666666666666,93.33333333333331,1,0
3.0,1,1,0,0,150.0,78.0,2.0,0.2,90.0,1,0
4.0,0,0,0,0,342.0,111.0,8.0,0.2666666666666666,89.33333333333333,0,0
0.0,0,0,0,0,262.0,68.0,6.0,0.0,100.0,0,0
7.0,3,2,0,0,60.0,28.0,16.0,0.4666666666666667,77.33333333333333,1,0
4.0,1,1,0,0,120.0,31.0,4.0,0.2666666666666666,87.33333333333333,1,0
6.0,0,1,0,0,30.0,48.0,24.0,0.4,82.0,1,0
2.0,0,0,0,0,285.0,121.0,5.0,0.1333333333333333,94.66666666666669,0,0
3.0,2,1,0,0,90.0,69.0,21.0,0.2,90.0,1,0
8.0,2,2,0,0,0.0,62.0,2.0,0.5333333333333333,74.66666666666667,1,1
0.0,0,0,0,0,183.0,56.0,4.0,0.0,100.0,0,0
12.0,4,1,2,0,0.0,52.0,11.0,0.8,58.0,1,1
8.0,4,1,1,1,30.0,68.0,24.0,0.5333333333333333,66.66666666666667,1,1
4.0,1,0,0,0,359.0,66.0,12.0,0.2666666666666666,89.33333333333333,0,0
1.0,1,1,0,0,30.0,46.0,19.0,0.0666666666666666,95.33333333333331,1,0
14.0,2,0,1,0,150.0,44.0,16.0,0.9333333333333332,58.66666666666666,1,1
6.0,1,0,2,0,60.0,73.0,20.0,0.4,76.0,1,1
7.0,0,1,0,0,30.0,104.0,19.0,0.4666666666666667,79.33333333333333,1,0
11.0,3,0,3,0,0.0,61.0,9.0,0.7333333333333333,58.66666666666667,1,1
3.0,1,0,1,0,30.0,115.0,19.0,0.2,88.0,1,0
10.0,3,1,2,0,0.0,102.0,1.0,0.6666666666666666,63.33333333333334,1,1
9.0,3,1,0,1,0.0,55.0,17.0,0.6,68.0,1,1
0.0,0,0,0,0,312.0,57.0,8.0,0.0,100.0,0,0
4.0,0,0,0,0,308.0,92.0,6.0,0.2666666666666666,89.33333333333333,0,0
1.0,1,0,0,0,215.0,61.0,13.0,0.0666666666666666,97.33333333333331,0,0
7.0,2,1,0,0,60.0,37.0,19.0,0.4666666666666667,79.33333333333333,1,0
8.0,1,1,1,0,30.0,84.0,4.0,0.5333333333333333,72.66666666666667,1,0
2.0,1,0,1,0,120.0,98.0,25.0,0.1333333333333333,90.66666666666669,1,0
3.0,4,3,0,0,0.0,34.0,14.0,0.2,86.0,1,0
0.0,0,0,0,0,248.0,131.0,19.0,0.0,100.0,0,0
4.0,0,1,0,0,60.0,72.0,16.0,0.2666666666666666,87.33333333333333,1,0
5.0,0,0,0,0,264.0,81.0,1.0,0.3333333333333333,86.66666666666667,0,0
2.0,1,0,0,0,304.0,94.0,1.0,0.1333333333333333,94.66666666666669,0,1
6.0,0,0,0,0,316.0,112.0,3.0,0.4,84.0,0,0
5.0,0,0,0,1,150.0,54.0,21.0,0.3333333333333333,80.66666666666667,1,0
0.0,0,0,0,0,183.0,52.0,11.0,0.0,100.0,0,0
10.0,1,0,2,0,0.0,102.0,10.0,0.6666666666666666,65.33333333333334,1,1
1.0,0,0,0,0,229.0,81.0,25.0,0.0666666666666666,97.33333333333331,0,0
11.0,2,0,0,2,90.0,30.0,9.0,0.7333333333333333,58.66666666666667,1,1
4.0,0,0,0,0,237.0,49.0,22.0,0.2666666666666666,89.33333333333333,0,0
7.0,1,0,1,0,0.0,52.0,16.0,0.4666666666666667,77.33333333333333,1,0
3.0,0,0,0,0,259.0,115.0,21.0,0.2,92.0,0,0
4.0,1,0,1,0,0.0,84.0,13.0,0.2666666666666666,85.33333333333333,1,1
6.0,3,0,1,1,90.0,74.0,22.0,0.4,74.0,1,1
11.0,1,0,0,2,0.0,63.0,6.0,0.7333333333333333,58.66666666666667,1,1
1.0,2,1,0,0,30.0,33.0,7.0,0.0666666666666666,95.33333333333331,1,0
2.0,3,2,0,0,30.0,65.0,5.0,0.1333333333333333,90.66666666666669,1,0
8.0,0,1,0,0,90.0,57.0,8.0,0.5333333333333333,76.66666666666667,1,0
5.0,1,1,0,0,90.0,95.0,19.0,0.3333333333333333,84.66666666666667,1,0
3.0,1,1,1,0,0.0,62.0,19.0,0.2,86.0,1,0
8.0,2,0,1,0,90.0,66.0,11.0,0.5333333333333333,74.66666666666667,1,0
3.0,0,0,0,0,286.0,118.0,14.0,0.2,92.0,0,0
9.0,0,1,0,0,120.0,56.0,12.0,0.6,74.0,1,0
9.0,3,1,1,1,0.0,35.0,21.0,0.6,64.0,1,1
8.0,0,1,0,0,90.0,98.0,19.0,0.5333333333333333,76.66666666666667,1,0
6.0,6,2,4,0,0.0,46.0,25.0,0.4,64.0,1,1
3.0,0,0,0,0,252.0,54.0,8.0,0.2,92.0,0,0
4.0,1,0,1,0,150.0,31.0,25.0,0.2666666666666666,85.33333333333333,1,0
3.0,0,0,0,0,332.0,137.0,11.0,0.2,92.0,0,0
1.0,0,0,0,0,322.0,97.0,24.0,0.0666666666666666,97.33333333333331,0,0
11.0,3,1,0,2,0.0,97.0,19.0,0.7333333333333333,56.66666666666667,1,1
7.0,2,1,1,0,0.0,33.0,24.0,0.4666666666666667,75.33333333333333,1,1
7.0,2,2,1,0,0.0,15.0,5.0,0.4666666666666667,73.33333333333333,1,1
6.0,1,0,0,0,345.0,120.0,25.0,0.4,84.0,0,0
5.0,1,0,0,0,220.0,60.0,18.0,0.3333333333333333,86.66666666666667,0,0
1.0,0,0,0,0,328.0,67.0,19.0,0.0666666666666666,97.33333333333331,0,0
4.0,0,0,0,0,319.0,107.0,24.0,0.2666666666666666,89.33333333333333,0,1
10.0,5,1,2,1,0.0,93.0,9.0,0.6666666666666666,57.33333333333334,1,1
4.0,0,1,0,0,0.0,116.0,21.0,0.2666666666666666,87.33333333333333,1,0
10.0,0,0,1,0,0.0,106.0,3.0,0.6666666666666666,69.33333333333334,1,1
9.0,1,0,2,0,0.0,80.0,18.0,0.6,68.0,1,1
7.0,1,1,1,0,0.0,53.0,11.0,0.4666666666666667,75.33333333333333,1,1
6.0,2,2,0,0,0.0,94.0,8.0,0.4,80.0,1,0
2.0,1,1,0,0,90.0,104.0,4.0,0.1333333333333333,92.66666666666669,1,0
4.0,0,0,0,0,306.0,73.0,21.0,0.2666666666666666,89.33333333333333,0,0
11.0,2,1,0,0,60.0,88.0,14.0,0.7333333333333333,68.66666666666667,1,0
11.0,2,0,2,0,0.0,107.0,21.0,0.7333333333333333,62.66666666666667,1,1
12.0,1,0,1,0,0.0,129.0,19.0,0.8,64.0,1,1
2.0,1,1,0,0,30.0,40.0,10.0,0.1333333333333333,92.66666666666669,1,0
7.0,3,3,0,0,0.0,54.0,10.0,0.4666666666666667,75.33333333333333,1,1
5.0,0,0,0,0,189.0,81.0,21.0,0.3333333333333333,86.66666666666667,0,0
8.0,0,0,0,0,350.0,51.0,16.0,0.5333333333333333,78.66666666666667,0,0
7.0,2,1,0,1,60.0,99.0,17.0,0.4666666666666667,73.33333333333333,1,1
5.0,3,1,0,1,60.0,97.0,15.0,0.3333333333333333,78.66666666666667,1,1
5.0,2,1,1,0,60.0,108.0,19.0,0.3333333333333333,80.66666666666667,1,0
8.0,2,1,1,0,0.0,63.0,19.0,0.5333333333333333,72.66666666666667,1,1
2.0,1,0,0,0,356.0,88.0,8.0,0.1333333333333333,94.66666666666669,0,0
4.0,0,0,0,0,360.0,111.0,21.0,0.2666666666666666,89.33333333333333,0,0
10.0,2,0,1,2,0.0,35.0,15.0,0.6666666666666666,57.33333333333334,1,1
6.0,2,2,0,0,0.0,108.0,23.0,0.4,80.0,1,0
5.0,3,2,0,0,60.0,72.0,17.0,0.3333333333333333,82.66666666666667,1,0
11.0,1,1,0,0,0.0,124.0,2.0,0.7333333333333333,68.66666666666667,1,1
2.0,0,0,0,0,192.0,46.0,17.0,0.1333333333333333,94.66666666666669,0,0
10.0,1,0,0,2,60.0,30.0,24.0,0.6666666666666666,61.33333333333334,1,1
4.0,1,1,0,0,30.0,49.0,9.0,0.2666666666666666,87.33333333333333,1,0
12.0,5,1,1,2,0.0,69.0,13.0,0.8,50.0,1,1
12.0,5,1,2,2,0.0,83.0,14.0,0.8,46.0,1,1
2.0,1,1,0,0,30.0,54.0,8.0,0.1333333333333333,92.66666666666669,1,0
0.0,0,0,0,0,239.0,43.0,25.0,0.0,100.0,0,0
4.0,1,1,1,0,30.0,34.0,2.0,0.2666666666666666,83.33333333333333,1,0
11.0,1,0,2,0,30.0,97.0,19.0,0.7333333333333333,62.66666666666667,1,1
8.0,1,1,1,0,0.0,72.0,12.0,0.5333333333333333,72.66666666666667,1,0
8.0,1,0,0,0,294.0,52.0,7.0,0.5333333333333333,78.66666666666667,0,0
1.0,0,1,0,0,90.0,103.0,16.0,0.0666666666666666,95.33333333333331,1,0
14.0,3,1,0,2,30.0,31.0,3.0,0.9333333333333332,48.66666666666666,1,1
1.0,0,0,0,0,241.0,72.0,12.0,0.0666666666666666,97.33333333333331,0,0
6.0,1,1,0,0,90.0,81.0,11.0,0.4,82.0,1,0
7.0,4,1,0,2,60.0,50.0,14.0,0.4666666666666667,67.33333333333333,1,1
14.0,3,0,1,2,0.0,71.0,1.0,0.9333333333333332,46.66666666666666,1,1
10.0,1,0,1,1,120.0,108.0,18.0,0.6666666666666666,63.33333333333334,1,1
4.0,1,1,0,0,30.0,80.0,17.0,0.2666666666666666,87.33333333333333,1,0
0.0,0,0,0,0,227.0,66.0,9.0,0.0,100.0,0,0
2.0,0,0,0,0,288.0,127.0,9.0,0.1333333333333333,94.66666666666669,0,0
4.0,2,1,0,0,90.0,79.0,21.0,0.2666666666666666,87.33333333333333,1,0
5.0,0,0,0,0,258.0,65.0,12.0,0.3333333333333333,86.66666666666667,0,0
11.0,1,1,0,1,30.0,83.0,10.0,0.7333333333333333,62.66666666666667,1,1
1.0,0,0,0,0,321.0,55.0,12.0,0.0666666666666666,97.33333333333331,0,0
4.0,0,0,0,0,289.0,52.0,4.0,0.2666666666666666,89.33333333333333,0,0
10.0,3,3,0,0,0.0,42.0,8.0,0.6666666666666666,67.33333333333334,1,1
9.0,1,0,0,1,30.0,55.0,14.0,0.6,70.0,1,1
11.0,0,0,0,0,322.0,118.0,23.0,0.7333333333333333,70.66666666666667,0,0
6.0,0,1,0,0,150.0,84.0,2.0,0.4,82.0,1,0
5.0,0,0,0,0,321.0,71.0,14.0,0.3333333333333333,86.66666666666667,0,0
3.0,1,0,0,0,223.0,109.0,16.0,0.2,92.0,0,0
12.0,2,0,1,1,60.0,94.0,15.0,0.8,58.0,1,1
2.0,0,0,0,0,197.0,110.0,15.0,0.1333333333333333,94.66666666666669,0,0
10.0,4,2,1,1,30.0,81.0,21.0,0.6666666666666666,59.33333333333334,1,1
11.0,0,0,0,0,225.0,45.0,17.0,0.7333333333333333,70.66666666666667,0,0
5.0,1,0,1,0,60.0,66.0,23.0,0.3333333333333333,82.66666666666667,1,0
0.0,0,0,0,0,257.0,72.0,3.0,0.0,100.0,0,0
4.0,0,0,0,0,241.0,79.0,13.0,0.2666666666666666,89.33333333333333,0,0
11.0,1,0,0,0,341.0,84.0,8.0,0.7333333333333333,70.66666666666667,0,0
2.0,0,0,0,0,203.0,75.0,3.0,0.1333333333333333,94.66666666666669,0,0
6.0,0,0,1,0,150.0,66.0,17.0,0.4,80.0,1,0
7.0,0,1,0,0,150.0,67.0,5.0,0.4666666666666667,79.33333333333333,1,0
0.0,0,0,0,0,248.0,79.0,24.0,0.0,100.0,0,0
4.0,1,0,0,0,317.0,78.0,15.0,0.2666666666666666,89.33333333333333,0,0
9.0,2,0,1,0,0.0,94.0,10.0,0.6,72.0,1,1
12.0,1,0,2,0,0.0,89.0,3.0,0.8,60.0,1,1
7.0,2,1,0,0,150.0,88.0,6.0,0.4666666666666667,79.33333333333333,1,0
2.0,2,1,0,0,150.0,73.0,12.0,0.1333333333333333,92.66666666666669,1,0
1.0,0,0,0,0,305.0,129.0,17.0,0.0666666666666666,97.33333333333331,0,0
7.0,2,0,2,0,0.0,55.0,14.0,0.4666666666666667,73.33333333333333,1,1
4.0,0,0,0,0,228.0,131.0,21.0,0.2666666666666666,89.33333333333333,0,0
2.0,0,0,0,0,230.0,101.0,16.0,0.1333333333333333,94.66666666666669,0,0
8.0,1,0,1,0,30.0,95.0,2.0,0.5333333333333333,74.66666666666667,1,1
13.0,1,0,0,1,90.0,67.0,1.0,0.8666666666666667,59.33333333333333,1,1
8.0,0,0,0,0,236.0,127.0,7.0,0.5333333333333333,78.66666666666667,0,0
8.0,2,1,1,0,60.0,89.0,22.0,0.5333333333333333,72.66666666666667,1,1
3.0,2,2,0,0,0.0,42.0,25.0,0.2,88.0,1,0
4.0,3,3,0,0,30.0,51.0,1.0,0.2666666666666666,83.33333333333333,1,0
14.0,3,0,2,1,30.0,36.0,8.0,0.9333333333333332,48.66666666666666,1,1
2.0,0,0,0,0,306.0,113.0,19.0,0.1333333333333333,94.66666666666669,0,0
1.0,0,0,0,0,324.0,55.0,7.0,0.0666666666666666,97.33333333333331,0,0
8.0,2,1,0,0,120.0,79.0,1.0,0.5333333333333333,76.66666666666667,1,0
3.0,1,0,0,0,347.0,75.0,12.0,0.2,92.0,0,0
0.0,2,2,0,0,0.0,56.0,1.0,0.0,96.0,1,0
0.0,2,1,1,0,60.0,70.0,22.0,0.0,94.0,1,0
13.0,5,1,2,2,0.0,78.0,4.0,0.8666666666666667,43.33333333333333,1,1
7.0,0,0,0,0,352.0,117.0,15.0,0.4666666666666667,81.33333333333333,0,0
0.0,0,0,0,0,190.0,87.0,15.0,0.0,100.0,0,0
3.0,0,0,0,0,277.0,117.0,12.0,0.2,92.0,0,0
9.0,3,0,1,1,30.0,49.0,9.0,0.6,66.0,1,1
1.0,1,0,1,0,30.0,100.0,11.0,0.0666666666666666,93.33333333333331,1,0
3.0,1,1,0,0,120.0,78.0,18.0,0.2,90.0,1,0
1.0,0,0,0,0,347.0,124.0,9.0,0.0666666666666666,97.33333333333331,0,0
0.0,2,1,0,0,150.0,52.0,24.0,0.0,98.0,1,0
13.0,4,0,1,2,60.0,40.0,21.0,0.8666666666666667,49.33333333333333,1,1
5.0,0,0,0,0,267.0,114.0,23.0,0.3333333333333333,86.66666666666667,0,0
8.0,0,0,0,0,270.0,109.0,4.0,0.5333333333333333,78.66666666666667,0,0
3.0,0,0,0,0,242.0,79.0,3.0,0.2,92.0,0,1
3.0,0,0,0,0,203.0,65.0,17.0,0.2,92.0,0,0
3.0,1,1,0,0,120.0,57.0,7.0,0.2,90.0,1,0
7.0,0,0,0,0,354.0,126.0,5.0,0.4666666666666667,81.33333333333333,0,0
10.0,2,1,2,0,0.0,37.0,13.0,0.6666666666666666,63.33333333333334,1,1
9.0,1,1,1,0,0.0,86.0,2.0,0.6,70.0,1,1
10.0,1,0,0,2,120.0,79.0,4.0,0.6666666666666666,61.33333333333334,1,1
12.0,0,1,0,0,0.0,104.0,13.0,0.8,66.0,1,1
3.0,1,1,0,0,120.0,64.0,17.0,0.2,90.0,1,0
5.0,0,0,0,0,234.0,120.0,8.0,0.3333333333333333,86.66666666666667,0,0
1.0,0,0,0,0,256.0,64.0,8.0,0.0666666666666666,97.33333333333331,0,0
8.0,0,0,1,0,150.0,117.0,7.0,0.5333333333333333,74.66666666666667,1,0
0.0,0,0,0,1,30.0,38.0,1.0,0.0,94.0,1,0
3.0,1,1,0,0,60.0,79.0,12.0,0.2,90.0,1,0
2.0,0,0,0,0,342.0,112.0,22.0,0.1333333333333333,94.66666666666669,0,0
6.0,4,1,2,0,30.0,62.0,10.0,0.4,74.0,1,1
12.0,1,0,1,1,60.0,99.0,7.0,0.8,58.0,1,1
1.0,0,0,0,0,276.0,109.0,2.0,0.0666666666666666,97.33333333333331,0,0
4.0,2,2,0,0,90.0,94.0,14.0,0.2666666666666666,85.33333333333333,1,0
4.0,0,0,0,0,271.0,70.0,21.0,0.2666666666666666,89.33333333333333,0,0
7.0,0,0,0,0,310.0,125.0,12.0,0.4666666666666667,81.33333333333333,0,0
11.0,4,3,0,0,30.0,21.0,10.0,0.7333333333333333,64.66666666666667,1,1
14.0,5,0,0,4,0.0,34.0,23.0,0.9333333333333332,38.66666666666666,1,1
0.0,0,0,0,0,282.0,93.0,16.0,0.0,100.0,0,0
3.0,0,0,0,0,267.0,102.0,23.0,0.2,92.0,0,0
8.0,2,0,1,1,120.0,65.0,6.0,0.5333333333333333,68.66666666666667,1,1
4.0,1,0,0,0,353.0,85.0,23.0,0.2666666666666666,89.33333333333333,0,0
6.0,3,1,1,1,0.0,101.0,14.0,0.4,72.0,1,1
1.0,0,0,0,0,218.0,45.0,25.0,0.0666666666666666,97.33333333333331,0,0
12.0,5,2,2,1,30.0,48.0,10.0,0.8,50.0,1,1
3.0,3,2,0,0,90.0,46.0,5.0,0.2,88.0,1,0
11.0,4,1,1,1,90.0,74.0,10.0,0.7333333333333333,58.66666666666667,1,1
7.0,0,0,0,0,219.0,100.0,9.0,0.4666666666666667,81.33333333333333,0,0
0.0,1,0,0,0,218.0,109.0,5.0,0.0,100.0,0,0
14.0,3,0,0,2,90.0,103.0,5.0,0.9333333333333332,50.66666666666666,1,1
5.0,4,2,1,0,30.0,42.0,20.0,0.3333333333333333,78.66666666666667,1,1
2.0,2,2,0,0,0.0,80.0,11.0,0.1333333333333333,90.66666666666669,1,0
5.0,0,0,0,0,287.0,114.0,11.0,0.3333333333333333,86.66666666666667,0,0
3.0,2,1,0,0,120.0,78.0,6.0,0.2,90.0,1,0
6.0,0,0,0,0,282.0,83.0,21.0,0.4,84.0,0,0
3.0,0,1,0,0,90.0,58.0,6.0,0.2,90.0,1,0
6.0,1,0,1,0,90.0,29.0,15.0,0.4,80.0,1,0
8.0,4,2,1,0,90.0,103.0,15.0,0.5333333333333333,70.66666666666667,1,1
6.0,2,0,1,1,90.0,30.0,18.0,0.4,74.0,1,1
3.0,0,0,0,0,234.0,129.0,14.0,0.2,92.0,0,0
9.0,2,0,1,0,0.0,94.0,23.0,0.6,72.0,1,0
4.0,2,1,0,0,90.0,91.0,25.0,0.2666666666666666,87.33333333333333,1,0
11.0,5,2,2,0,0.0,26.0,13.0,0.7333333333333333,58.66666666666667,1,1
12.0,4,1,0,2,30.0,62.0,9.0,0.8,54.0,1,1
5.0,0,0,0,0,335.0,115.0,4.0,0.3333333333333333,86.66666666666667,0,0
0.0,0,0,0,0,275.0,89.0,12.0,0.0,100.0,0,0
8.0,0,0,0,0,284.0,72.0,10.0,0.5333333333333333,78.66666666666667,0,0
4.0,3,1,1,0,0.0,102.0,12.0,0.2666666666666666,83.33333333333333,1,0
2.0,1,0,0,0,228.0,66.0,10.0,0.1333333333333333,94.66666666666669,0,0
9.0,3,2,1,0,60.0,28.0,23.0,0.6,68.0,1,1
11.0,4,1,1,1,0.0,95.0,8.0,0.7333333333333333,58.66666666666667,1,1
14.0,3,0,2,2,30.0,74.0,10.0,0.9333333333333332,42.66666666666666,1,1
0.0,0,0,0,0,203.0,66.0,12.0,0.0,100.0,0,0
0.0,1,0,0,0,312.0,122.0,21.0,0.0,100.0,0,0
3.0,0,0,0,0,346.0,68.0,17.0,0.2,92.0,0,0
8.0,1,0,1,0,30.0,76.0,18.0,0.5333333333333333,74.66666666666667,1,0
8.0,1,2,0,0,0.0,93.0,12.0,0.5333333333333333,74.66666666666667,1,1
3.0,0,0,0,0,335.0,87.0,16.0,0.2,92.0,0,0
6.0,1,1,1,0,0.0,42.0,14.0,0.4,78.0,1,0
6.0,2,0,2,0,0.0,90.0,21.0,0.4,76.0,1,1
13.0,2,1,2,0,0.0,79.0,11.0,0.8666666666666667,55.33333333333333,1,1
5.0,0,1,0,0,90.0,52.0,21.0,0.3333333333333333,84.66666666666667,1,0
7.0,2,1,0,0,0.0,38.0,7.0,0.4666666666666667,79.33333333333333,1,0
2.0,0,0,0,0,351.0,54.0,4.0,0.1333333333333333,94.66666666666669,0,0
12.0,4,0,2,1,30.0,36.0,17.0,0.8,54.0,1,1
3.0,4,2,1,1,0.0,87.0,14.0,0.2,78.0,1,1
5.0,0,1,0,0,90.0,62.0,20.0,0.3333333333333333,84.66666666666667,1,0
4.0,2,1,1,0,60.0,91.0,14.0,0.2666666666666666,83.33333333333333,1,0
4.0,3,2,1,1,30.0,20.0,20.0,0.2666666666666666,75.33333333333333,1,1
6.0,1,0,1,0,90.0,71.0,6.0,0.4,80.0,1,0
4.0,1,0,0,0,344.0,98.0,24.0,0.2666666666666666,89.33333333333333,0,0
3.0,2,1,0,0,120.0,34.0,7.0,0.2,90.0,1,0
11.0,1,1,1,0,60.0,54.0,9.0,0.7333333333333333,64.66666666666667,1,1
5.0,2,0,1,0,0.0,97.0,21.0,0.3333333333333333,82.66666666666667,1,0
4.0,0,0,0,0,291.0,144.0,12.0,0.2666666666666666,89.33333333333333,0,0
4.0,0,0,0,0,284.0,132.0,8.0,0.2666666666666666,89.33333333333333,0,0
5.0,1,1,0,0,60.0,49.0,11.0,0.3333333333333333,84.66666666666667,1,0
11.0,3,1,1,1,0.0,39.0,3.0,0.7333333333333333,58.66666666666667,1,1
1.0,1,0,0,0,334.0,115.0,6.0,0.0666666666666666,97.33333333333331,0,0
1.0,2,1,0,0,150.0,97.0,20.0,0.0666666666666666,95.33333333333331,1,0
4.0,0,0,0,0,299.0,99.0,22.0,0.2666666666666666,89.33333333333333,0,0
1.0,1,1,0,0,150.0,86.0,19.0,0.0666666666666666,95.33333333333331,1,0
0.0,1,0,0,0,308.0,118.0,12.0,0.0,100.0,0,0
0.0,0,0,0,0,287.0,102.0,4.0,0.0,100.0,0,0
3.0,1,0,0,0,300.0,112.0,22.0,0.2,92.0,0,0
7.0,2,1,1,0,0.0,62.0,4.0,0.4666666666666667,75.33333333333333,1,0
1.0,0,0,0,0,223.0,127.0,18.0,0.0666666666666666,97.33333333333331,0,0
0.0,0,0,0,0,335.0,79.0,3.0,0.0,100.0,0,0
7.0,0,0,0,0,276.0,100.0,17.0,0.4666666666666667,81.33333333333333,0,0
4.0,0,0,0,0,269.0,46.0,7.0,0.2666666666666666,89.33333333333333,0,0
9.0,0,0,0,1,150.0,63.0,17.0,0.6,70.0,1,1
6.0,0,0,0,1,60.0,66.0,12.0,0.4,78.0,1,0
11.0,4,1,1,2,0.0,27.0,25.0,0.7333333333333333,52.66666666666667,1,1
7.0,3,0,1,2,0.0,24.0,13.0,0.4666666666666667,65.33333333333333,1,1
2.0,1,0,0,0,300.0,129.0,20.0,0.1333333333333333,94.66666666666669,0,0
1.0,0,0,0,0,332.0,107.0,20.0,0.0666666666666666,97.33333333333331,0,0
6.0,0,0,0,0,333.0,100.0,12.0,0.4,84.0,0,0
5.0,1,1,0,0,30.0,53.0,1.0,0.3333333333333333,84.66666666666667,1,0
1.0,0,0,0,0,201.0,125.0,22.0,0.0666666666666666,97.33333333333331,0,0
1.0,0,1,0,0,0.0,102.0,2.0,0.0666666666666666,95.33333333333331,1,0
0.0,0,0,0,0,292.0,87.0,8.0,0.0,100.0,0,0
3.0,0,0,0,0,204.0,72.0,19.0,0.2,92.0,0,0
7.0,3,2,0,0,30.0,100.0,10.0,0.4666666666666667,77.33333333333333,1,1
6.0,5,2,2,1,0.0,83.0,24.0,0.4,66.0,1,1
3.0,0,0,0,0,190.0,124.0,14.0,0.2,92.0,0,0
4.0,0,0,0,0,249.0,72.0,21.0,0.2666666666666666,89.33333333333333,0,0
7.0,1,1,1,0,0.0,55.0,1.0,0.4666666666666667,75.33333333333333,1,0
8.0,2,0,1,1,0.0,80.0,5.0,0.5333333333333333,68.66666666666667,1,1
3.0,2,1,0,1,0.0,107.0,8.0,0.2,84.0,1,1
2.0,0,0,0,0,306.0,90.0,25.0,0.1333333333333333,94.66666666666669,0,0
6.0,0,0,0,0,278.0,116.0,11.0,0.4,84.0,0,0
11.0,3,1,2,1,0.0,35.0,1.0,0.7333333333333333,54.66666666666667,1,1
1.0,0,0,0,0,338.0,119.0,15.0,0.0666666666666666,97.33333333333331,0,0
4.0,3,2,0,1,0.0,74.0,1.0,0.2666666666666666,79.33333333333333,1,1
4.0,0,0,0,0,235.0,112.0,21.0,0.2666666666666666,89.33333333333333,0,0
7.0,3,2,1,0,0.0,74.0,17.0,0.4666666666666667,73.33333333333333,1,1
4.0,2,1,0,0,30.0,120.0,11.0,0.2666666666666666,87.33333333333333,1,0
4.0,0,0,0,0,241.0,119.0,9.0,0.2666666666666666,89.33333333333333,0,0
10.0,2,1,0,1,30.0,115.0,23.0,0.6666666666666666,65.33333333333334,1,1
6.0,2,0,2,1,30.0,29.0,9.0,0.4,70.0,1,1
8.0,0,0,1,0,120.0,109.0,20.0,0.5333333333333333,74.66666666666667,1,0
1.0,2,0,1,0,120.0,51.0,16.0,0.0666666666666666,93.33333333333331,1,0
2.0,0,0,0,0,304.0,104.0,2.0,0.1333333333333333,94.66666666666669,0,0
2.0,0,0,1,0,0.0,85.0,14.0,0.1333333333333333,90.66666666666669,1,0
6.0,4,2,0,1,30.0,44.0,24.0,0.4,74.0,1,1
12.0,4,1,2,0,30.0,82.0,25.0,0.8,58.0,1,1
13.0,2,0,1,1,120.0,103.0,25.0,0.8666666666666667,55.33333333333333,1,1
8.0,1,1,0,0,0.0,89.0,8.0,0.5333333333333333,76.66666666666667,1,0
11.0,1,0,1,0,120.0,61.0,25.0,0.7333333333333333,66.66666666666667,1,1
13.0,3,2,0,0,30.0,80.0,11.0,0.8666666666666667,61.33333333333333,1,1
7.0,2,2,0,0,30.0,60.0,13.0,0.4666666666666667,77.33333333333333,1,1
7.0,5,1,3,2,0.0,13.0,7.0,0.4666666666666667,55.33333333333333,1,1
7.0,2,2,0,0,60.0,80.0,15.0,0.4666666666666667,77.33333333333333,1,0
1.0,0,0,0,0,288.0,55.0,2.0,0.0666666666666666,97.33333333333331,0,0
11.0,4,0,2,1,0.0,90.0,6.0,0.7333333333333333,56.66666666666667,1,1
9.0,0,1,0,0,150.0,88.0,18.0,0.6,74.0,1,0
10.0,2,1,1,0,60.0,21.0,25.0,0.6666666666666666,67.33333333333334,1,1
4.0,0,0,0,0,205.0,131.0,13.0,0.2666666666666666,89.33333333333333,0,0
11.0,1,0,1,1,0.0,54.0,17.0,0.7333333333333333,60.66666666666667,1,1
6.0,2,0,1,1,30.0,36.0,15.0,0.4,74.0,1,1
4.0,0,0,0,0,293.0,128.0,15.0,0.2666666666666666,89.33333333333333,0,0
5.0,1,1,0,1,0.0,100.0,15.0,0.3333333333333333,78.66666666666667,1,1
2.0,1,0,0,0,257.0,82.0,24.0,0.1333333333333333,94.66666666666669,0,0
8.0,1,0,1,0,150.0,85.0,13.0,0.5333333333333333,74.66666666666667,1,0
6.0,1,1,1,0,0.0,74.0,12.0,0.4,78.0,1,0
8.0,3,2,0,2,0.0,79.0,5.0,0.5333333333333333,62.66666666666667,1,1
7.0,2,1,0,0,60.0,57.0,18.0,0.4666666666666667,79.33333333333333,1,0
7.0,2,2,0,0,60.0,82.0,3.0,0.4666666666666667,77.33333333333333,1,0
8.0,0,0,0,1,30.0,69.0,5.0,0.5333333333333333,72.66666666666667,1,1
10.0,5,0,2,2,0.0,18.0,1.0,0.6666666666666666,53.33333333333334,1,1
4.0,0,0,0,0,278.0,55.0,19.0,0.2666666666666666,89.33333333333333,0,0
10.0,2,2,1,0,0.0,40.0,14.0,0.6666666666666666,65.33333333333334,1,1
3.0,0,0,0,0,275.0,60.0,2.0,0.2,92.0,0,0
3.0,1,0,0,0,318.0,101.0,9.0,0.2,92.0,0,0
11.0,4,0,0,3,30.0,56.0,10.0,0.7333333333333333,52.66666666666667,1,1
7.0,1,0,1,0,90.0,88.0,24.0,0.4666666666666667,77.33333333333333,1,0
10.0,5,1,1,2,60.0,68.0,16.0,0.6666666666666666,55.33333333333334,1,1
13.0,2,1,0,2,90.0,84.0,8.0,0.8666666666666667,51.33333333333333,1,1
5.0,0,0,0,0,348.0,75.0,11.0,0.3333333333333333,86.66666666666667,0,0
4.0,2,2,0,0,90.0,105.0,10.0,0.2666666666666666,85.33333333333333,1,0
8.0,0,0,0,0,274.0,140.0,19.0,0.5333333333333333,78.66666666666667,0,0
8.0,0,0,0,0,213.0,134.0,25.0,0.5333333333333333,78.66666666666667,0,0
11.0,1,0,1,0,60.0,115.0,4.0,0.7333333333333333,66.66666666666667,1,1
3.0,0,0,0,0,338.0,60.0,17.0,0.2,92.0,0,0
6.0,5,2,1,1,0.0,35.0,19.0,0.4,70.0,1,1
4.0,1,1,1,0,30.0,37.0,18.0,0.2666666666666666,83.33333333333333,1,0
1.0,0,0,0,0,207.0,60.0,10.0,0.0666666666666666,97.33333333333331,0,0
13.0,6,1,1,4,0.0,77.0,10.0,0.8666666666666667,35.33333333333333,1,1
3.0,1,1,0,0,30.0,58.0,18.0,0.2,90.0,1,0
8.0,3,1,1,1,0.0,22.0,13.0,0.5333333333333333,66.66666666666667,1,1
5.0,1,0,1,0,120.0,94.0,14.0,0.3333333333333333,82.66666666666667,1,0
10.0,1,1,0,0,90.0,109.0,15.0,0.6666666666666666,71.33333333333334,1,0
4.0,4,1,2,0,0.0,101.0,12.0,0.2666666666666666,79.33333333333333,1,1
0.0,1,0,1,0,120.0,32.0,1.0,0.0,96.0,1,0
1.0,1,0,0,0,284.0,94.0,23.0,0.0666666666666666,97.33333333333331,0,0
3.0,1,0,1,0,150.0,64.0,17.0,0.2,88.0,1,0
0.0,1,1,0,0,120.0,57.0,18.0,0.0,98.0,1,1
2.0,3,2,0,0,30.0,46.0,15.0,0.1333333333333333,90.66666666666669,1,0
0.0,0,0,0,0,304.0,128.0,6.0,0.0,100.0,0,0
3.0,0,0,0,0,344.0,52.0,24.0,0.2,92.0,0,0
3.0,0,0,0,0,202.0,114.0,6.0,0.2,92.0,0,0
7.0,0,1,0,0,150.0,46.0,22.0,0.4666666666666667,79.33333333333333,1,0
9.0,1,1,0,0,0.0,84.0,3.0,0.6,74.0,1,0
10.0,1,0,1,0,150.0,43.0,6.0,0.6666666666666666,69.33333333333334,1,0
0.0,1,0,0,0,320.0,81.0,21.0,0.0,100.0,0,0
7.0,2,0,1,1,60.0,92.0,13.0,0.4666666666666667,71.33333333333333,1,1
4.0,1,2,0,0,0.0,46.0,10.0,0.2666666666666666,85.33333333333333,1,0
11.0,2,1,0,1,30.0,48.0,1.0,0.7333333333333333,62.66666666666667,1,1
12.0,1,0,2,0,0.0,107.0,24.0,0.8,60.0,1,1
11.0,2,1,0,1,0.0,123.0,16.0,0.7333333333333333,62.66666666666667,1,1
8.0,1,0,0,0,205.0,73.0,16.0,0.5333333333333333,78.66666666666667,0,0
3.0,1,1,0,0,30.0,103.0,18.0,0.2,90.0,1,0
6.0,3,0,1,1,0.0,106.0,1.0,0.4,74.0,1,1
13.0,5,2,2,1,0.0,63.0,16.0,0.8666666666666667,47.33333333333333,1,1
5.0,1,0,0,0,320.0,117.0,8.0,0.3333333333333333,86.66666666666667,0,0
6.0,2,1,1,0,30.0,43.0,2.0,0.4,78.0,1,0
4.0,0,0,0,0,227.0,78.0,15.0,0.2666666666666666,89.33333333333333,0,0
14.0,5,1,3,1,0.0,10.0,20.0,0.9333333333333332,42.66666666666666,1,1
8.0,1,1,0,0,120.0,64.0,9.0,0.5333333333333333,76.66666666666667,1,0
1.0,0,1,0,0,90.0,107.0,4.0,0.0666666666666666,95.33333333333331,1,0
7.0,1,0,2,0,120.0,104.0,17.0,0.4666666666666667,73.33333333333333,1,1
11.0,1,0,1,0,30.0,111.0,20.0,0.7333333333333333,66.66666666666667,1,1
3.0,0,0,0,0,181.0,119.0,23.0,0.2,92.0,0,0
8.0,1,0,0,0,269.0,93.0,22.0,0.5333333333333333,78.66666666666667,0,0
4.0,1,0,0,0,327.0,126.0,4.0,0.2666666666666666,89.33333333333333,0,0
8.0,0,0,0,0,300.0,113.0,15.0,0.5333333333333333,78.66666666666667,0,0
7.0,0,0,0,0,204.0,68.0,6.0,0.4666666666666667,81.33333333333333,0,0
7.0,1,1,0,0,60.0,53.0,24.0,0.4666666666666667,79.33333333333333,1,0
7.0,1,0,0,0,239.0,115.0,13.0,0.4666666666666667,81.33333333333333,0,0
6.0,3,1,2,0,0.0,83.0,21.0,0.4,74.0,1,1
4.0,2,1,0,0,60.0,52.0,10.0,0.2666666666666666,87.33333333333333,1,0
7.0,3,1,2,0,0.0,24.0,11.0,0.4666666666666667,71.33333333333333,1,1
2.0,1,1,0,0,0.0,129.0,19.0,0.1333333333333333,92.66666666666669,1,0
1.0,2,0,1,0,0.0,108.0,4.0,0.0666666666666666,93.33333333333331,1,0
2.0,0,0,0,0,300.0,107.0,16.0,0.1333333333333333,94.66666666666669,0,0
1.0,0,1,0,0,150.0,101.0,10.0,0.0666666666666666,95.33333333333331,1,0
4.0,2,1,0,0,150.0,43.0,8.0,0.2666666666666666,87.33333333333333,1,0
1.0,0,0,0,0,200.0,104.0,24.0,0.0666666666666666,97.33333333333331,0,0
3.0,0,0,0,0,208.0,93.0,18.0,0.2,92.0,0,0
6.0,3,1,1,0,30.0,96.0,16.0,0.4,78.0,1,1
10.0,3,1,0,1,30.0,57.0,9.0,0.6666666666666666,65.33333333333334,1,1
4.0,3,2,0,1,0.0,90.0,23.0,0.2666666666666666,79.33333333333333,1,1
4.0,1,0,0,0,227.0,78.0,20.0,0.2666666666666666,89.33333333333333,0,0
5.0,1,1,0,0,60.0,51.0,12.0,0.3333333333333333,84.66666666666667,1,0
7.0,3,3,0,0,60.0,93.0,18.0,0.4666666666666667,75.33333333333333,1,1
3.0,2,1,0,0,90.0,72.0,5.0,0.2,90.0,1,0
3.0,0,0,0,0,352.0,74.0,21.0,0.2,92.0,0,0
2.0,0,0,0,0,328.0,67.0,3.0,0.1333333333333333,94.66666666666669,0,0
4.0,0,0,0,0,330.0,113.0,2.0,0.2666666666666666,89.33333333333333,0,0
4.0,0,0,0,0,267.0,82.0,3.0,0.2666666666666666,89.33333333333333,0,0
12.0,3,1,2,0,60.0,79.0,5.0,0.8,58.0,1,1
4.0,2,1,1,0,0.0,106.0,25.0,0.2666666666666666,83.33333333333333,1,0
9.0,4,2,3,0,0.0,88.0,19.0,0.6,60.0,1,1
7.0,4,0,2,1,0.0,24.0,9.0,0.4666666666666667,67.33333333333333,1,1
2.0,0,1,0,0,30.0,37.0,11.0,0.1333333333333333,92.66666666666669,1,0
3.0,0,0,0,0,284.0,63.0,1.0,0.2,92.0,0,0
11.0,2,0,1,1,90.0,40.0,4.0,0.7333333333333333,60.66666666666667,1,1
11.0,3,1,1,0,30.0,34.0,1.0,0.7333333333333333,64.66666666666667,1,1
2.0,0,0,0,0,214.0,114.0,11.0,0.1333333333333333,94.66666666666669,0,0
0.0,0,0,0,0,267.0,66.0,6.0,0.0,100.0,0,0
7.0,3,2,0,1,0.0,39.0,19.0,0.4666666666666667,71.33333333333333,1,1
2.0,0,0,0,0,341.0,113.0,10.0,0.1333333333333333,94.66666666666669,0,0
8.0,0,0,0,0,347.0,117.0,23.0,0.5333333333333333,78.66666666666667,0,0
0.0,0,0,0,0,303.0,134.0,9.0,0.0,100.0,0,0
8.0,2,1,1,0,0.0,83.0,3.0,0.5333333333333333,72.66666666666667,1,1
4.0,0,0,0,0,353.0,134.0,11.0,0.2666666666666666,89.33333333333333,0,0
8.0,4,1,2,0,0.0,65.0,22.0,0.5333333333333333,68.66666666666667,1,1
4.0,0,0,0,0,297.0,113.0,4.0,0.2666666666666666,89.33333333333333,0,0
0.0,0,0,0,0,218.0,118.0,9.0,0.0,100.0,0,0
8.0,4,2,1,1,0.0,29.0,2.0,0.5333333333333333,64.66666666666667,1,1
0.0,0,0,0,0,254.0,56.0,12.0,0.0,100.0,0,0
3.0,0,0,0,0,232.0,85.0,25.0,0.2,92.0,0,0
12.0,1,0,1,1,30.0,110.0,22.0,0.8,58.0,1,1
4.0,0,0,0,0,353.0,80.0,25.0,0.2666666666666666,89.33333333333333,0,0
4.0,0,0,0,0,205.0,120.0,16.0,0.2666666666666666,89.33333333333333,0,0
2.0,0,0,0,0,272.0,144.0,14.0,0.1333333333333333,94.66666666666669,0,0
3.0,1,0,0,0,356.0,86.0,4.0,0.2,92.0,0,0
14.0,4,1,1,3,0.0,14.0,15.0,0.9333333333333332,38.66666666666666,1,1
2.0,0,0,0,0,299.0,69.0,18.0,0.1333333333333333,94.66666666666669,0,0
0.0,1,0,0,0,327.0,134.0,17.0,0.0,100.0,0,0
4.0,0,0,0,0,204.0,46.0,15.0,0.2666666666666666,89.33333333333333,0,0
3.0,0,0,0,0,183.0,44.0,5.0,0.2,92.0,0,0
6.0,3,2,0,0,30.0,38.0,22.0,0.4,80.0,1,0
3.0,0,0,0,0,269.0,85.0,2.0,0.2,92.0,0,0
3.0,0,0,0,0,282.0,109.0,13.0,0.2,92.0,0,0
1.0,0,0,0,0,292.0,66.0,4.0,0.0666666666666666,97.33333333333331,0,0
11.0,4,1,1,2,0.0,90.0,3.0,0.7333333333333333,52.66666666666667,1,1
7.0,1,0,1,1,120.0,22.0,4.0,0.4666666666666667,71.33333333333333,1,1
11.0,5,0,3,1,0.0,48.0,12.0,0.7333333333333333,52.66666666666667,1,1
4.0,1,0,1,0,90.0,38.0,9.0,0.2666666666666666,85.33333333333333,1,0
3.0,0,0,0,0,296.0,76.0,4.0,0.2,92.0,0,0
1.0,2,1,0,0,120.0,75.0,16.0,0.0666666666666666,95.33333333333331,1,0
4.0,3,2,0,0,30.0,53.0,25.0,0.2666666666666666,85.33333333333333,1,0
5.0,0,0,0,0,326.0,115.0,16.0,0.3333333333333333,86.66666666666667,0,0
8.0,1,1,0,0,150.0,105.0,16.0,0.5333333333333333,76.66666666666667,1,0
8.0,3,0,1,1,30.0,78.0,7.0,0.5333333333333333,68.66666666666667,1,1
4.0,1,0,1,0,0.0,65.0,15.0,0.2666666666666666,85.33333333333333,1,0
1.0,0,0,0,0,287.0,119.0,17.0,0.0666666666666666,97.33333333333331,0,0
2.0,0,0,0,0,353.0,90.0,2.0,0.1333333333333333,94.66666666666669,0,0
3.0,0,0,0,0,231.0,131.0,24.0,0.2,92.0,0,0
0.0,0,0,0,0,325.0,101.0,10.0,0.0,100.0,0,0
3.0,1,0,1,0,30.0,84.0,19.0,0.2,88.0,1,0
2.0,1,0,0,0,209.0,114.0,18.0,0.1333333333333333,94.66666666666669,0,0
8.0,3,0,3,0,30.0,77.0,16.0,0.5333333333333333,66.66666666666667,1,1
10.0,4,0,2,3,30.0,38.0,3.0,0.6666666666666666,47.33333333333334,1,1
6.0,0,1,0,0,60.0,101.0,18.0,0.4,82.0,1,0
2.0,0,0,0,0,264.0,102.0,11.0,0.1333333333333333,94.66666666666669,0,0
6.0,1,1,0,0,150.0,110.0,21.0,0.4,82.0,1,0
3.0,0,0,0,0,212.0,134.0,2.0,0.2,92.0,0,0
14.0,3,1,0,2,0.0,65.0,19.0,0.9333333333333332,48.66666666666666,1,1
7.0,2,1,0,1,90.0,32.0,2.0,0.4666666666666667,73.33333333333333,1,1
7.0,3,0,2,1,30.0,75.0,10.0,0.4666666666666667,67.33333333333333,1,1
2.0,1,0,0,0,304.0,135.0,21.0,0.1333333333333333,94.66666666666669,0,0
1.0,2,1,0,0,30.0,69.0,19.0,0.0666666666666666,95.33333333333331,1,0
12.0,6,1,2,2,30.0,78.0,6.0,0.8,46.0,1,1
1.0,0,0,0,0,314.0,88.0,11.0,0.0666666666666666,97.33333333333331,0,0
11.0,1,0,0,1,0.0,113.0,22.0,0.7333333333333333,64.66666666666667,1,1
1.0,0,0,0,0,212.0,119.0,25.0,0.0666666666666666,97.33333333333331,0,0
0.0,0,0,0,0,210.0,126.0,1.0,0.0,100.0,0,0
3.0,1,2,0,0,30.0,117.0,18.0,0.2,88.0,1,0
10.0,4,0,3,1,30.0,89.0,21.0,0.6666666666666666,55.33333333333334,1,1
11.0,3,0,1,2,0.0,41.0,6.0,0.7333333333333333,54.66666666666667,1,1
2.0,0,0,0,0,346.0,123.0,18.0,0.1333333333333333,94.66666666666669,0,0
2.0,0,0,0,0,269.0,115.0,25.0,0.1333333333333333,94.66666666666669,0,0
8.0,3,0,1,1,30.0,103.0,25.0,0.5333333333333333,68.66666666666667,1,1
3.0,1,0,0,0,216.0,122.0,25.0,0.2,92.0,0,0
0.0,0,0,0,0,328.0,63.0,3.0,0.0,100.0,0,0
5.0,3,2,0,0,60.0,102.0,11.0,0.3333333333333333,82.66666666666667,1,0
1.0,0,0,0,0,284.0,125.0,22.0,0.0666666666666666,97.33333333333331,0,0
6.0,2,0,0,2,0.0,83.0,13.0,0.4,72.0,1,1
6.0,2,1,0,0,120.0,61.0,20.0,0.4,82.0,1,0
5.0,1,1,0,0,30.0,70.0,22.0,0.3333333333333333,84.66666666666667,1,0
7.0,0,0,0,0,307.0,102.0,12.0,0.4666666666666667,81.33333333333333,0,0
2.0,1,0,0,0,215.0,135.0,1.0,0.1333333333333333,94.66666666666669,0,0
0.0,2,1,0,0,60.0,86.0,20.0,0.0,98.0,1,0
14.0,5,0,1,3,30.0,34.0,6.0,0.9333333333333332,40.66666666666666,1,1
10.0,1,1,0,0,0.0,59.0,12.0,0.6666666666666666,71.33333333333334,1,0
6.0,1,0,1,1,30.0,47.0,15.0,0.4,74.0,1,1
10.0,4,1,1,1,0.0,87.0,4.0,0.6666666666666666,61.33333333333334,1,1
7.0,2,0,2,0,0.0,34.0,9.0,0.4666666666666667,73.33333333333333,1,1
8.0,2,0,2,1,30.0,58.0,15.0,0.5333333333333333,64.66666666666667,1,1
13.0,2,0,2,1,30.0,33.0,20.0,0.8666666666666667,51.33333333333333,1,1
1.0,0,0,0,0,358.0,98.0,11.0,0.0666666666666666,97.33333333333331,0,0
3.0,0,0,0,0,232.0,99.0,24.0,0.2,92.0,0,0
8.0,3,0,2,0,60.0,89.0,2.0,0.5333333333333333,70.66666666666667,1,1
10.0,4,0,1,2,60.0,43.0,13.0,0.6666666666666666,57.33333333333334,1,1
1.0,2,0,1,0,150.0,31.0,19.0,0.0666666666666666,93.33333333333331,1,0
12.0,3,0,1,1,90.0,37.0,2.0,0.8,58.0,1,1
0.0,0,0,0,0,255.0,122.0,18.0,0.0,100.0,0,0
8.0,3,1,1,0,90.0,110.0,20.0,0.5333333333333333,72.66666666666667,1,1
8.0,3,1,1,0,60.0,102.0,22.0,0.5333333333333333,72.66666666666667,1,1
6.0,1,0,0,1,120.0,57.0,6.0,0.4,78.0,1,1
3.0,0,0,1,0,90.0,114.0,16.0,0.2,88.0,1,0
5.0,1,0,1,0,0.0,58.0,7.0,0.3333333333333333,82.66666666666667,1,0
5.0,2,1,1,0,120.0,83.0,6.0,0.3333333333333333,80.66666666666667,1,0
12.0,1,0,2,0,0.0,80.0,13.0,0.8,60.0,1,1
0.0,1,0,0,0,237.0,125.0,5.0,0.0,100.0,0,0
11.0,2,0,1,1,90.0,64.0,23.0,0.7333333333333333,60.66666666666667,1,1
3.0,1,1,0,0,120.0,50.0,6.0,0.2,90.0,1,0
7.0,0,0,0,0,288.0,55.0,25.0,0.4666666666666667,81.33333333333333,0,0
13.0,5,1,1,3,0.0,27.0,18.0,0.8666666666666667,41.33333333333333,1,1
8.0,0,0,0,0,319.0,86.0,18.0,0.5333333333333333,78.66666666666667,0,0
0.0,2,1,0,0,150.0,63.0,8.0,0.0,98.0,1,0
14.0,3,2,0,2,0.0,45.0,13.0,0.9333333333333332,46.66666666666666,1,1
10.0,1,0,1,0,60.0,55.0,19.0,0.6666666666666666,69.33333333333334,1,1
5.0,3,2,0,0,0.0,51.0,11.0,0.3333333333333333,82.66666666666667,1,0
1.0,1,0,0,0,232.0,131.0,23.0,0.0666666666666666,97.33333333333331,0,0
7.0,0,0,0,0,311.0,105.0,25.0,0.4666666666666667,81.33333333333333,0,0
2.0,0,0,0,1,120.0,82.0,16.0,0.1333333333333333,88.66666666666667,1,0
11.0,3,0,3,0,60.0,51.0,24.0,0.7333333333333333,58.66666666666667,1,1
2.0,0,0,0,0,255.0,64.0,25.0,0.1333333333333333,94.66666666666669,0,1
6.0,1,1,0,0,30.0,53.0,17.0,0.4,82.0,1,0
1.0,1,0,0,0,186.0,127.0,24.0,0.0666666666666666,97.33333333333331,0,0
3.0,3,1,1,0,60.0,23.0,1.0,0.2,86.0,1,0
14.0,4,2,2,0,0.0,71.0,14.0,0.9333333333333332,50.66666666666666,1,1
5.0,1,0,0,1,120.0,113.0,8.0,0.3333333333333333,80.66666666666667,1,1
3.0,0,0,0,0,197.0,56.0,18.0,0.2,92.0,0,0
8.0,2,0,0,1,120.0,98.0,25.0,0.5333333333333333,72.66666666666667,1,1
8.0,1,1,0,0,60.0,37.0,8.0,0.5333333333333333,76.66666666666667,1,0
5.0,2,1,0,0,60.0,110.0,17.0,0.3333333333333333,84.66666666666667,1,0
11.0,1,1,1,0,0.0,39.0,4.0,0.7333333333333333,64.66666666666667,1,1
8.0,1,1,0,0,30.0,64.0,5.0,0.5333333333333333,76.66666666666667,1,0
10.0,5,2,0,2,30.0,41.0,23.0,0.6666666666666666,57.33333333333334,1,1
12.0,4,1,1,2,0.0,11.0,16.0,0.8,50.0,1,1
3.0,1,1,0,1,90.0,97.0,8.0,0.2,84.0,1,0
5.0,0,0,0,0,222.0,90.0,4.0,0.3333333333333333,86.66666666666667,0,0
4.0,0,0,0,0,206.0,86.0,9.0,0.2666666666666666,89.33333333333333,0,0
0.0,1,0,0,0,207.0,47.0,7.0,0.0,100.0,0,0
6.0,2,0,2,1,30.0,97.0,17.0,0.4,70.0,1,1
4.0,0,0,0,0,277.0,69.0,17.0,0.2666666666666666,89.33333333333333,0,0
6.0,3,0,2,0,30.0,100.0,19.0,0.4,76.0,1,1
3.0,1,2,0,0,30.0,69.0,14.0,0.2,88.0,1,0
8.0,3,1,1,1,30.0,51.0,20.0,0.5333333333333333,66.66666666666667,1,1
1.0,2,2,0,0,120.0,91.0,13.0,0.0666666666666666,93.33333333333331,1,0
12.0,2,1,0,1,60.0,30.0,13.0,0.8,60.0,1,1
2.0,1,0,0,0,225.0,68.0,11.0,0.1333333333333333,94.66666666666669,0,0
8.0,2,0,1,0,120.0,99.0,9.0,0.5333333333333333,74.66666666666667,1,0
12.0,5,2,1,2,0.0,83.0,3.0,0.8,48.0,1,1
6.0,2,1,2,0,60.0,91.0,3.0,0.4,74.0,1,1
0.0,0,0,0,0,339.0,126.0,13.0,0.0,100.0,0,0
10.0,4,0,2,1,30.0,97.0,6.0,0.6666666666666666,59.33333333333334,1,1
2.0,0,0,0,0,339.0,52.0,11.0,0.1333333333333333,94.66666666666669,0,0
9.0,1,0,1,0,150.0,80.0,25.0,0.6,72.0,1,0
3.0,0,0,0,0,336.0,128.0,24.0,0.2,92.0,0,0
11.0,4,1,1,2,0.0,90.0,3.0,0.7333333333333333,52.66666666666667,1,1
7.0,0,0,0,0,267.0,107.0,20.0,0.4666666666666667,81.33333333333333,0,0
6.0,1,1,0,0,150.0,78.0,11.0,0.4,82.0,1,0
4.0,2,1,1,0,30.0,61.0,21.0,0.2666666666666666,83.33333333333333,1,0
4.0,1,1,0,0,120.0,113.0,2.0,0.2666666666666666,87.33333333333333,1,0
12.0,3,0,1,2,30.0,77.0,12.0,0.8,52.0,1,1
11.0,0,1,0,0,150.0,51.0,15.0,0.7333333333333333,68.66666666666667,1,0
2.0,0,0,0,0,219.0,65.0,25.0,0.1333333333333333,94.66666666666669,0,0
6.0,0,0,0,0,328.0,60.0,14.0,0.4,84.0,0,0
3.0,0,0,0,0,241.0,94.0,21.0,0.2,92.0,0,1
13.0,3,0,2,1,0.0,45.0,15.0,0.8666666666666667,51.33333333333333,1,1
3.0,1,0,0,0,234.0,63.0,12.0,0.2,92.0,0,0
4.0,0,0,0,0,256.0,69.0,20.0,0.2666666666666666,89.33333333333333,0,0
9.0,2,0,2,0,90.0,84.0,11.0,0.6,68.0,1,1
1.0,0,0,0,0,353.0,49.0,22.0,0.0666666666666666,97.33333333333331,0,1
10.0,5,3,2,0,0.0,27.0,25.0,0.6666666666666666,59.33333333333334,1,1
3.0,0,0,0,0,206.0,83.0,17.0,0.2,92.0,0,0
3.0,0,1,0,0,0.0,94.0,11.0,0.2,90.0,1,0
6.0,2,0,2,1,30.0,34.0,12.0,0.4,70.0,1,1
2.0,1,0,0,0,220.0,69.0,23.0,0.1333333333333333,94.66666666666669,0,0
4.0,2,1,0,0,90.0,48.0,20.0,0.2666666666666666,87.33333333333333,1,0
0.0,0,0,0,0,305.0,125.0,3.0,0.0,100.0,0,0
8.0,0,0,0,0,229.0,44.0,14.0,0.5333333333333333,78.66666666666667,0,0
4.0,2,0,1,0,150.0,53.0,10.0,0.2666666666666666,85.33333333333333,1,0
11.0,3,0,2,2,30.0,33.0,2.0,0.7333333333333333,50.66666666666667,1,1
13.0,1,1,0,1,30.0,103.0,5.0,0.8666666666666667,57.33333333333333,1,1
4.0,1,0,0,0,184.0,83.0,21.0,0.2666666666666666,89.33333333333333,0,0
1.0,0,0,0,0,221.0,136.0,17.0,0.0666666666666666,97.33333333333331,0,0
5.0,1,1,0,0,30.0,60.0,1.0,0.3333333333333333,84.66666666666667,1,0
8.0,2,0,1,0,90.0,96.0,13.0,0.5333333333333333,74.66666666666667,1,0
0.0,1,1,0,0,30.0,98.0,15.0,0.0,98.0,1,0
11.0,4,1,1,1,30.0,64.0,11.0,0.7333333333333333,58.66666666666667,1,1
0.0,1,0,0,1,150.0,81.0,2.0,0.0,94.0,1,0
4.0,1,0,0,0,352.0,69.0,13.0,0.2666666666666666,89.33333333333333,0,0
14.0,4,2,1,1,0.0,31.0,22.0,0.9333333333333332,48.66666666666666,1,1
10.0,3,0,0,2,0.0,120.0,7.0,0.6666666666666666,61.33333333333334,1,1
2.0,0,0,0,0,295.0,53.0,5.0,0.1333333333333333,94.66666666666669,0,0
5.0,0,0,0,0,288.0,74.0,20.0,0.3333333333333333,86.66666666666667,0,0
8.0,4,0,2,2,30.0,93.0,11.0,0.5333333333333333,58.66666666666667,1,1
4.0,1,1,0,0,90.0,87.0,23.0,0.2666666666666666,87.33333333333333,1,0
5.0,1,0,1,0,120.0,104.0,21.0,0.3333333333333333,82.66666666666667,1,0
2.0,0,0,0,0,182.0,80.0,14.0,0.1333333333333333,94.66666666666669,0,0
5.0,1,2,0,0,60.0,91.0,8.0,0.3333333333333333,82.66666666666667,1,0
7.0,1,0,0,0,282.0,77.0,23.0,0.4666666666666667,81.33333333333333,0,0
3.0,2,0,1,0,0.0,86.0,18.0,0.2,88.0,1,0
9.0,3,0,1,1,0.0,69.0,17.0,0.6,66.0,1,1
2.0,0,0,0,0,269.0,62.0,17.0,0.1333333333333333,94.66666666666669,0,0
6.0,1,1,0,0,150.0,59.0,22.0,0.4,82.0,1,0
4.0,0,0,0,0,228.0,114.0,19.0,0.2666666666666666,89.33333333333333,0,0
9.0,3,0,2,0,0.0,70.0,16.0,0.6,68.0,1,1
4.0,0,0,0,0,215.0,106.0,5.0,0.2666666666666666,89.33333333333333,0,0
4.0,1,1,0,0,120.0,52.0,7.0,0.2666666666666666,87.33333333333333,1,0
13.0,3,1,1,0,120.0,72.0,25.0,0.8666666666666667,59.33333333333333,1,1
11.0,5,2,2,1,0.0,90.0,6.0,0.7333333333333333,52.66666666666667,1,1
10.0,4,2,2,0,0.0,97.0,13.0,0.6666666666666666,61.33333333333334,1,1
10.0,5,0,2,3,30.0,89.0,12.0,0.6666666666666666,47.33333333333334,1,1
10.0,1,0,1,0,90.0,31.0,4.0,0.6666666666666666,69.33333333333334,1,0
7.0,2,0,3,0,0.0,54.0,14.0,0.4666666666666667,69.33333333333333,1,1
2.0,0,0,0,0,360.0,116.0,17.0,0.1333333333333333,94.66666666666669,0,1
12.0,2,0,1,1,0.0,104.0,12.0,0.8,58.0,1,1
5.0,0,0,0,0,203.0,111.0,20.0,0.3333333333333333,86.66666666666667,0,0
3.0,1,0,0,0,220.0,64.0,25.0,0.2,92.0,0,0
6.0,3,0,3,0,60.0,41.0,12.0,0.4,72.0,1,1
0.0,1,0,0,0,334.0,47.0,15.0,0.0,100.0,0,0
3.0,0,0,0,0,348.0,124.0,17.0,0.2,92.0,0,0
9.0,2,1,0,1,0.0,126.0,13.0,0.6,68.0,1,1
13.0,3,1,0,2,60.0,94.0,1.0,0.8666666666666667,51.33333333333333,1,1
4.0,0,0,0,0,255.0,96.0,21.0,0.2666666666666666,89.33333333333333,0,0
6.0,1,1,0,0,90.0,113.0,18.0,0.4,82.0,1,0
12.0,3,1,0,1,60.0,83.0,9.0,0.8,60.0,1,1
0.0,1,0,0,0,322.0,120.0,8.0,0.0,100.0,0,0
9.0,2,0,1,0,60.0,123.0,19.0,0.6,72.0,1,1
2.0,0,0,0,0,317.0,113.0,17.0,0.1333333333333333,94.66666666666669,0,0
3.0,1,1,0,0,30.0,89.0,25.0,0.2,90.0,1,1
8.0,2,0,1,0,30.0,86.0,17.0,0.5333333333333333,74.66666666666667,1,0
2.0,0,0,0,0,357.0,132.0,4.0,0.1333333333333333,94.66666666666669,0,0
13.0,3,0,3,1,0.0,33.0,5.0,0.8666666666666667,47.33333333333333,1,1
4.0,1,0,0,0,262.0,80.0,10.0,0.2666666666666666,89.33333333333333,0,0
6.0,3,2,1,1,0.0,53.0,6.0,0.4,70.0,1,1
6.0,1,1,0,0,60.0,53.0,25.0,0.4,82.0,1,0
3.0,1,1,0,0,0.0,68.0,21.0,0.2,90.0,1,0
1.0,1,0,0,0,239.0,47.0,24.0,0.0666666666666666,97.33333333333331,0,0
11.0,2,0,0,2,120.0,56.0,24.0,0.7333333333333333,58.66666666666667,1,1
4.0,0,0,0,0,324.0,60.0,16.0,0.2666666666666666,89.33333333333333,0,0
14.0,5,1,0,3,30.0,83.0,13.0,0.9333333333333332,42.66666666666666,1,1
1.0,1,0,0,0,341.0,119.0,19.0,0.0666666666666666,97.33333333333331,0,0
3.0,1,0,0,0,228.0,113.0,7.0,0.2,92.0,0,0
14.0,2,1,1,0,30.0,109.0,12.0,0.9333333333333332,56.66666666666666,1,1
3.0,0,0,0,0,237.0,127.0,9.0,0.2,92.0,0,0
14.0,3,3,0,0,60.0,51.0,11.0,0.9333333333333332,56.66666666666666,1,1
8.0,1,1,0,0,30.0,90.0,24.0,0.5333333333333333,76.66666666666667,1,0
4.0,1,1,0,0,90.0,108.0,8.0,0.2666666666666666,87.33333333333333,1,0
0.0,0,1,0,0,30.0,104.0,23.0,0.0,98.0,1,0
4.0,1,1,0,0,60.0,96.0,3.0,0.2666666666666666,87.33333333333333,1,0
8.0,4,0,2,1,0.0,67.0,18.0,0.5333333333333333,64.66666666666667,1,1
1.0,0,0,0,0,200.0,118.0,19.0,0.0666666666666666,97.33333333333331,0,0
10.0,3,1,1,1,0.0,36.0,8.0,0.6666666666666666,61.33333333333334,1,1
2.0,0,0,1,0,30.0,72.0,24.0,0.1333333333333333,90.66666666666669,1,0
6.0,2,0,1,0,90.0,116.0,16.0,0.4,80.0,1,0
0.0,1,1,0,0,0.0,55.0,1.0,0.0,98.0,1,0
3.0,0,0,0,0,216.0,79.0,23.0,0.2,92.0,0,0
4.0,2,0,1,0,120.0,47.0,2.0,0.2666666666666666,85.33333333333333,1,0
8.0,0,0,0,0,186.0,41.0,10.0,0.5333333333333333,78.66666666666667,0,0
12.0,1,0,1,0,60.0,115.0,15.0,0.8,64.0,1,1
8.0,6,3,0,3,0.0,10.0,24.0,0.5333333333333333,54.66666666666667,1,1
6.0,1,0,1,0,120.0,65.0,10.0,0.4,80.0,1,0
4.0,1,0,0,0,285.0,93.0,23.0,0.2666666666666666,89.33333333333333,0,0
4.0,0,1,0,0,90.0,56.0,25.0,0.2666666666666666,87.33333333333333,1,0
12.0,4,1,1,1,30.0,97.0,11.0,0.8,56.0,1,1
2.0,0,0,0,0,244.0,112.0,25.0,0.1333333333333333,94.66666666666669,0,0
12.0,2,1,0,0,90.0,68.0,5.0,0.8,66.0,1,1
3.0,0,0,0,0,310.0,128.0,8.0,0.2,92.0,0,0
7.0,2,0,1,1,30.0,91.0,11.0,0.4666666666666667,71.33333333333333,1,1
3.0,0,1,0,0,30.0,109.0,4.0,0.2,90.0,1,0
3.0,0,0,0,0,295.0,49.0,23.0,0.2,92.0,0,0
4.0,1,0,0,0,214.0,63.0,1.0,0.2666666666666666,89.33333333333333,0,0
12.0,2,0,0,2,60.0,81.0,4.0,0.8,56.0,1,1
1.0,0,0,0,0,306.0,56.0,10.0,0.0666666666666666,97.33333333333331,0,0
14.0,1,1,0,1,30.0,25.0,7.0,0.9333333333333332,54.66666666666666,1,1
5.0,2,1,0,0,120.0,33.0,8.0,0.3333333333333333,84.66666666666667,1,0
7.0,4,1,0,2,0.0,52.0,24.0,0.4666666666666667,67.33333333333333,1,1
8.0,0,0,0,0,331.0,122.0,23.0,0.5333333333333333,78.66666666666667,0,0
11.0,3,1,2,0,30.0,51.0,11.0,0.7333333333333333,60.66666666666667,1,1
3.0,1,0,0,0,295.0,76.0,1.0,0.2,92.0,0,0
1.0,2,2,0,0,0.0,49.0,12.0,0.0666666666666666,93.33333333333331,1,0
12.0,2,2,1,0,30.0,34.0,8.0,0.8,60.0,1,1
2.0,0,0,0,0,230.0,82.0,11.0,0.1333333333333333,94.66666666666669,0,0
6.0,2,1,1,0,60.0,93.0,22.0,0.4,78.0,1,0
5.0,4,1,1,1,60.0,102.0,6.0,0.3333333333333333,74.66666666666667,1,1
6.0,0,0,0,0,290.0,73.0,18.0,0.4,84.0,0,0
3.0,0,0,0,0,338.0,108.0,10.0,0.2,92.0,0,0
8.0,1,1,0,0,60.0,70.0,24.0,0.5333333333333333,76.66666666666667,1,0
3.0,0,1,0,0,150.0,46.0,19.0,0.2,90.0,1,0
0.0,0,0,0,0,307.0,132.0,21.0,0.0,100.0,0,0
0.0,1,0,0,0,285.0,76.0,20.0,0.0,100.0,0,0
7.0,2,1,1,0,60.0,59.0,15.0,0.4666666666666667,75.33333333333333,1,0
8.0,4,2,2,0,0.0,33.0,11.0,0.5333333333333333,66.66666666666667,1,1
8.0,0,0,1,0,60.0,117.0,18.0,0.5333333333333333,74.66666666666667,1,0
4.0,1,0,1,0,120.0,119.0,12.0,0.2666666666666666,85.33333333333333,1,0
1.0,1,0,0,0,297.0,136.0,15.0,0.0666666666666666,97.33333333333331,0,0
11.0,2,0,2,0,30.0,47.0,5.0,0.7333333333333333,62.66666666666667,1,0
6.0,0,0,0,0,180.0,48.0,21.0,0.4,84.0,0,0
1.0,0,0,0,0,345.0,73.0,7.0,0.0666666666666666,97.33333333333331,0,0
2.0,2,0,1,0,0.0,114.0,12.0,0.1333333333333333,90.66666666666669,1,0
8.0,1,0,0,0,337.0,128.0,3.0,0.5333333333333333,78.66666666666667,0,0
1.0,2,1,0,0,0.0,47.0,20.0,0.0666666666666666,95.33333333333331,1,0
0.0,0,1,0,0,0.0,127.0,11.0,0.0,98.0,1,0
3.0,1,0,0,0,255.0,122.0,16.0,0.2,92.0,0,0
2.0,0,0,0,0,181.0,96.0,5.0,0.1333333333333333,94.66666666666669,0,0
5.0,0,0,0,0,228.0,118.0,5.0,0.3333333333333333,86.66666666666667,0,0
0.0,0,0,0,0,298.0,72.0,12.0,0.0,100.0,0,0
2.0,1,1,0,0,0.0,55.0,7.0,0.1333333333333333,92.66666666666669,1,0
4.0,1,0,1,0,0.0,113.0,5.0,0.2666666666666666,85.33333333333333,1,0
7.0,1,0,0,0,256.0,59.0,23.0,0.4666666666666667,81.33333333333333,0,0
3.0,0,0,0,0,342.0,111.0,13.0,0.2,92.0,0,0
0.0,2,1,0,0,60.0,59.0,5.0,0.0,98.0,1,0
1.0,1,0,0,0,331.0,79.0,2.0,0.0666666666666666,97.33333333333331,0,0
6.0,3,1,1,0,60.0,43.0,25.0,0.4,78.0,1,0
10.0,1,0,1,0,90.0,64.0,19.0,0.6666666666666666,69.33333333333334,1,1
12.0,2,1,1,0,30.0,92.0,10.0,0.8,62.0,1,1
6.0,3,2,0,0,0.0,91.0,12.0,0.4,80.0,1,0
2.0,0,0,0,0,224.0,66.0,10.0,0.1333333333333333,94.66666666666669,0,0
5.0,0,0,0,1,120.0,49.0,24.0,0.3333333333333333,80.66666666666667,1,1
7.0,1,0,0,0,304.0,117.0,25.0,0.4666666666666667,81.33333333333333,0,0
1.0,1,0,0,0,277.0,109.0,2.0,0.0666666666666666,97.33333333333331,0,0
8.0,1,1,0,0,60.0,48.0,23.0,0.5333333333333333,76.66666666666667,1,0
0.0,1,0,0,0,344.0,87.0,10.0,0.0,100.0,0,0
2.0,0,0,0,0,221.0,118.0,5.0,0.1333333333333333,94.66666666666669,0,0
11.0,2,0,1,0,30.0,101.0,5.0,0.7333333333333333,66.66666666666667,1,1
10.0,3,1,2,0,30.0,70.0,15.0,0.6666666666666666,63.33333333333334,1,1
5.0,1,0,0,1,30.0,60.0,17.0,0.3333333333333333,80.66666666666667,1,1
3.0,0,1,0,0,120.0,66.0,7.0,0.2,90.0,1,0
0.0,0,0,0,0,237.0,80.0,15.0,0.0,100.0,0,0
0.0,0,0,0,0,330.0,119.0,6.0,0.0,100.0,0,0
6.0,2,1,0,1,30.0,86.0,16.0,0.4,76.0,1,1
1.0,1,0,0,0,329.0,82.0,3.0,0.0666666666666666,97.33333333333331,0,0
0.0,1,0,0,0,315.0,113.0,23.0,0.0,100.0,0,1
0.0,0,0,0,0,325.0,130.0,14.0,0.0,100.0,0,0
4.0,1,0,0,0,241.0,66.0,12.0,0.2666666666666666,89.33333333333333,0,0
4.0,0,0,0,0,290.0,93.0,7.0,0.2666666666666666,89.33333333333333,0,0
3.0,3,2,0,0,60.0,114.0,6.0,0.2,88.0,1,0
1.0,0,0,0,0,215.0,73.0,24.0,0.0666666666666666,97.33333333333331,0,0
5.0,3,2,0,0,0.0,92.0,20.0,0.3333333333333333,82.66666666666667,1,0
12.0,4,0,2,2,0.0,30.0,15.0,0.8,48.0,1,1
0.0,0,0,0,0,267.0,55.0,9.0,0.0,100.0,0,0
8.0,1,2,0,0,0.0,110.0,5.0,0.5333333333333333,74.66666666666667,1,1
6.0,0,0,0,0,272.0,141.0,21.0,0.4,84.0,0,0
1.0,0,0,0,0,357.0,140.0,25.0,0.0666666666666666,97.33333333333331,0,0
3.0,1,0,0,0,332.0,108.0,25.0,0.2,92.0,0,0
4.0,1,1,0,0,60.0,103.0,16.0,0.2666666666666666,87.33333333333333,1,0
10.0,0,0,0,0,279.0,99.0,7.0,0.6666666666666666,73.33333333333334,0,0
11.0,3,0,2,1,30.0,35.0,7.0,0.7333333333333333,56.66666666666667,1,1
6.0,0,0,0,0,305.0,64.0,12.0,0.4,84.0,0,0
9.0,3,1,1,1,0.0,98.0,11.0,0.6,64.0,1,1
14.0,0,0,1,0,30.0,54.0,2.0,0.9333333333333332,58.66666666666666,1,1
0.0,1,0,0,0,197.0,78.0,6.0,0.0,100.0,0,0
3.0,0,0,0,1,150.0,116.0,24.0,0.2,86.0,1,0
8.0,1,0,0,1,150.0,54.0,22.0,0.5333333333333333,72.66666666666667,1,1
4.0,1,2,0,0,0.0,22.0,3.0,0.2666666666666666,85.33333333333333,1,0
7.0,1,0,0,0,270.0,53.0,1.0,0.4666666666666667,81.33333333333333,0,0
13.0,4,0,1,3,0.0,97.0,20.0,0.8666666666666667,43.33333333333333,1,1
4.0,1,0,0,0,321.0,108.0,20.0,0.2666666666666666,89.33333333333333,0,0
0.0,0,0,0,0,268.0,128.0,4.0,0.0,100.0,0,0
0.0,0,0,0,0,269.0,130.0,11.0,0.0,100.0,0,0
3.0,1,0,0,0,280.0,131.0,7.0,0.2,92.0,0,0
14.0,4,0,2,2,0.0,68.0,19.0,0.9333333333333332,42.66666666666666,1,1
4.0,1,1,1,0,90.0,83.0,12.0,0.2666666666666666,83.33333333333333,1,0
3.0,1,0,0,0,295.0,81.0,4.0,0.2,92.0,0,0
7.0,5,2,0,2,0.0,35.0,5.0,0.4666666666666667,65.33333333333333,1,0
2.0,1,0,0,0,230.0,104.0,11.0,0.1333333333333333,94.66666666666669,0,0
4.0,1,0,0,0,322.0,113.0,22.0,0.2666666666666666,89.33333333333333,0,0
7.0,3,2,0,0,30.0,59.0,14.0,0.4666666666666667,77.33333333333333,1,0
2.0,0,0,0,0,181.0,93.0,10.0,0.1333333333333333,94.66666666666669,0,0
1.0,1,0,0,0,275.0,79.0,12.0,0.0666666666666666,97.33333333333331,0,0
6.0,0,0,1,0,150.0,100.0,22.0,0.4,80.0,1,0
6.0,1,0,0,0,318.0,121.0,6.0,0.4,84.0,0,0
7.0,0,0,0,1,30.0,75.0,15.0,0.4666666666666667,75.33333333333333,1,1
0.0,2,0,1,0,60.0,82.0,2.0,0.0,96.0,1,0
11.0,6,1,2,2,30.0,50.0,23.0,0.7333333333333333,48.66666666666667,1,1
3.0,0,0,0,0,189.0,124.0,12.0,0.2,92.0,0,0
3.0,2,1,0,0,60.0,61.0,7.0,0.2,90.0,1,0
8.0,0,0,0,0,196.0,43.0,25.0,0.5333333333333333,78.66666666666667,0,0
4.0,1,1,0,0,90.0,107.0,4.0,0.2666666666666666,87.33333333333333,1,0
10.0,2,1,0,1,60.0,67.0,8.0,0.6666666666666666,65.33333333333334,1,1
5.0,1,0,0,0,206.0,110.0,1.0,0.3333333333333333,86.66666666666667,0,0
0.0,0,0,0,0,272.0,103.0,12.0,0.0,100.0,0,0
6.0,1,0,1,0,60.0,75.0,6.0,0.4,80.0,1,0
1.0,1,0,1,0,30.0,78.0,2.0,0.0666666666666666,93.33333333333331,1,0
8.0,1,1,0,0,120.0,79.0,5.0,0.5333333333333333,76.66666666666667,1,0
0.0,0,0,1,0,90.0,108.0,5.0,0.0,96.0,1,0
3.0,1,0,0,0,180.0,101.0,6.0,0.2,92.0,0,0
1.0,1,0,0,0,203.0,75.0,21.0,0.0666666666666666,97.33333333333331,0,0
1.0,1,1,0,0,30.0,50.0,15.0,0.0666666666666666,95.33333333333331,1,0
2.0,0,0,0,0,206.0,72.0,11.0,0.1333333333333333,94.66666666666669,0,0
4.0,1,1,0,0,60.0,115.0,6.0,0.2666666666666666,87.33333333333333,1,0
9.0,2,0,1,0,30.0,71.0,11.0,0.6,72.0,1,0
9.0,3,0,2,0,120.0,26.0,11.0,0.6,68.0,1,1
8.0,0,0,0,0,356.0,111.0,10.0,0.5333333333333333,78.66666666666667,0,0
2.0,1,0,0,0,199.0,104.0,24.0,0.1333333333333333,94.66666666666669,0,0
4.0,2,1,0,0,0.0,77.0,16.0,0.2666666666666666,87.33333333333333,1,0
12.0,1,0,1,1,60.0,25.0,24.0,0.8,58.0,1,1
7.0,2,0,1,0,90.0,113.0,25.0,0.4666666666666667,77.33333333333333,1,0
1.0,0,0,0,0,196.0,123.0,3.0,0.0666666666666666,97.33333333333331,0,0
1.0,2,2,0,0,0.0,83.0,8.0,0.0666666666666666,93.33333333333331,1,0
4.0,1,1,0,1,0.0,34.0,3.0,0.2666666666666666,81.33333333333333,1,1
1.0,0,0,0,0,229.0,94.0,14.0,0.0666666666666666,97.33333333333331,0,0
0.0,0,0,0,0,292.0,90.0,23.0,0.0,100.0,0,0
6.0,4,1,2,0,60.0,53.0,1.0,0.4,74.0,1,1
12.0,2,0,1,1,60.0,52.0,23.0,0.8,58.0,1,1
4.0,1,0,0,0,358.0,68.0,12.0,0.2666666666666666,89.33333333333333,0,0
1.0,1,0,0,0,268.0,116.0,9.0,0.0666666666666666,97.33333333333331,0,0
11.0,4,2,1,2,30.0,11.0,18.0,0.7333333333333333,50.66666666666667,1,1
4.0,1,1,0,0,30.0,133.0,6.0,0.2666666666666666,87.33333333333333,1,0
1.0,1,0,1,0,150.0,65.0,5.0,0.0666666666666666,93.33333333333331,1,0
6.0,1,0,0,0,321.0,68.0,9.0,0.4,84.0,0,0
12.0,2,2,0,1,0.0,85.0,8.0,0.8,58.0,1,1
7.0,2,2,0,1,0.0,105.0,18.0,0.4666666666666667,71.33333333333333,1,1
7.0,1,0,2,0,0.0,47.0,14.0,0.4666666666666667,73.33333333333333,1,1
0.0,0,0,0,0,232.0,86.0,4.0,0.0,100.0,0,1
1.0,0,0,0,0,326.0,90.0,16.0,0.0666666666666666,97.33333333333331,0,0
7.0,2,1,1,0,90.0,93.0,8.0,0.4666666666666667,75.33333333333333,1,0
1.0,1,0,0,0,240.0,76.0,3.0,0.0666666666666666,97.33333333333331,0,0
7.0,0,1,0,0,30.0,114.0,21.0,0.4666666666666667,79.33333333333333,1,0
5.0,0,0,0,0,271.0,76.0,4.0,0.3333333333333333,86.66666666666667,0,0
7.0,0,0,0,0,254.0,56.0,7.0,0.4666666666666667,81.33333333333333,0,0
7.0,1,1,0,0,30.0,89.0,12.0,0.4666666666666667,79.33333333333333,1,0
12.0,2,1,2,0,60.0,105.0,4.0,0.8,58.0,1,1
6.0,1,0,0,0,276.0,120.0,17.0,0.4,84.0,0,0
0.0,1,0,0,0,255.0,108.0,10.0,0.0,100.0,0,0
4.0,0,0,0,0,294.0,78.0,4.0,0.2666666666666666,89.33333333333333,0,0
5.0,3,1,1,0,60.0,71.0,20.0,0.3333333333333333,80.66666666666667,1,0
8.0,1,1,0,0,120.0,115.0,18.0,0.5333333333333333,76.66666666666667,1,0
1.0,1,0,0,0,336.0,111.0,7.0,0.0666666666666666,97.33333333333331,0,0
6.0,0,1,0,0,90.0,106.0,10.0,0.4,82.0,1,0
4.0,2,0,1,0,30.0,96.0,12.0,0.2666666666666666,85.33333333333333,1,0
3.0,2,0,0,1,120.0,50.0,15.0,0.2,86.0,1,0
8.0,2,2,0,0,0.0,78.0,4.0,0.5333333333333333,74.66666666666667,1,0
4.0,1,0,0,0,215.0,87.0,20.0,0.2666666666666666,89.33333333333333,0,0
0.0,1,1,0,0,60.0,105.0,23.0,0.0,98.0,1,0
5.0,3,0,2,0,30.0,34.0,20.0,0.3333333333333333,78.66666666666667,1,0
6.0,1,1,0,0,90.0,34.0,19.0,0.4,82.0,1,0
8.0,0,0,0,0,181.0,39.0,18.0,0.5333333333333333,78.66666666666667,0,0
12.0,3,1,0,2,30.0,51.0,3.0,0.8,54.0,1,1
3.0,1,0,0,0,218.0,75.0,10.0,0.2,92.0,0,0
11.0,2,1,1,1,0.0,39.0,3.0,0.7333333333333333,58.66666666666667,1,1
4.0,2,1,0,0,120.0,82.0,22.0,0.2666666666666666,87.33333333333333,1,0
5.0,2,2,0,0,30.0,80.0,7.0,0.3333333333333333,82.66666666666667,1,0
2.0,0,0,0,0,262.0,123.0,3.0,0.1333333333333333,94.66666666666669,0,0
9.0,1,1,0,1,30.0,93.0,22.0,0.6,68.0,1,1
10.0,4,1,1,2,0.0,48.0,17.0,0.6666666666666666,55.33333333333334,1,1
4.0,0,0,0,0,271.0,94.0,11.0,0.2666666666666666,89.33333333333333,0,0
9.0,3,0,1,1,0.0,97.0,8.0,0.6,66.0,1,1
6.0,1,1,0,0,0.0,89.0,21.0,0.4,82.0,1,0
12.0,5,0,2,3,0.0,60.0,19.0,0.8,42.0,1,1
4.0,1,0,0,0,287.0,110.0,20.0,0.2666666666666666,89.33333333333333,0,1
12.0,3,2,0,1,30.0,58.0,14.0,0.8,58.0,1,1
2.0,1,0,1,0,30.0,128.0,13.0,0.1333333333333333,90.66666666666669,1,0
6.0,2,1,1,0,0.0,89.0,2.0,0.4,78.0,1,0
7.0,1,2,0,0,0.0,55.0,1.0,0.4666666666666667,77.33333333333333,1,0
11.0,1,0,0,2,60.0,92.0,5.0,0.7333333333333333,58.66666666666667,1,1
6.0,2,0,1,0,90.0,84.0,5.0,0.4,80.0,1,0
2.0,2,0,0,1,0.0,92.0,20.0,0.1333333333333333,88.66666666666667,1,0
0.0,1,0,0,0,199.0,121.0,19.0,0.0,100.0,0,0
7.0,0,0,0,0,320.0,86.0,2.0,0.4666666666666667,81.33333333333333,0,0
0.0,1,0,0,0,308.0,62.0,7.0,0.0,100.0,0,0
3.0,1,1,0,0,90.0,111.0,11.0,0.2,90.0,1,0
12.0,4,0,2,1,60.0,91.0,24.0,0.8,54.0,1,1
4.0,0,0,0,0,342.0,112.0,5.0,0.2666666666666666,89.33333333333333,0,0
8.0,1,1,1,0,0.0,97.0,11.0,0.5333333333333333,72.66666666666667,1,1
8.0,3,1,1,0,30.0,83.0,23.0,0.5333333333333333,72.66666666666667,1,1
3.0,0,0,0,0,195.0,73.0,22.0,0.2,92.0,0,0
7.0,1,0,1,1,0.0,102.0,22.0,0.4666666666666667,71.33333333333333,1,1
10.0,4,1,2,1,60.0,65.0,15.0,0.6666666666666666,57.33333333333334,1,1
1.0,1,0,0,0,320.0,100.0,4.0,0.0666666666666666,97.33333333333331,0,0
13.0,3,2,1,1,0.0,77.0,16.0,0.8666666666666667,51.33333333333333,1,1
9.0,4,1,1,1,90.0,53.0,7.0,0.6,64.0,1,1
12.0,2,1,0,1,30.0,52.0,8.0,0.8,60.0,1,1
2.0,0,0,0,0,357.0,127.0,3.0,0.1333333333333333,94.66666666666669,0,0
3.0,1,0,1,0,90.0,102.0,8.0,0.2,88.0,1,0
1.0,0,1,0,0,150.0,32.0,1.0,0.0666666666666666,95.33333333333331,1,0
7.0,3,1,0,1,30.0,65.0,8.0,0.4666666666666667,73.33333333333333,1,1
12.0,1,0,0,1,0.0,55.0,13.0,0.8,62.0,1,1
9.0,3,2,1,0,60.0,91.0,13.0,0.6,68.0,1,1
6.0,0,0,0,0,327.0,85.0,17.0,0.4,84.0,0,0
6.0,1,0,1,0,120.0,74.0,8.0,0.4,80.0,1,0
4.0,0,0,0,0,285.0,59.0,16.0,0.2666666666666666,89.33333333333333,0,0
9.0,4,1,2,0,30.0,32.0,8.0,0.6,66.0,1,1
8.0,1,0,1,0,30.0,120.0,9.0,0.5333333333333333,74.66666666666667,1,0
10.0,1,0,0,1,120.0,25.0,3.0,0.6666666666666666,67.33333333333334,1,1
2.0,1,1,0,0,60.0,100.0,5.0,0.1333333333333333,92.66666666666669,1,0
4.0,0,0,1,0,30.0,70.0,9.0,0.2666666666666666,85.33333333333333,1,1
8.0,2,0,0,1,150.0,109.0,6.0,0.5333333333333333,72.66666666666667,1,1
6.0,1,0,0,0,189.0,118.0,11.0,0.4,84.0,0,0
6.0,1,1,1,0,0.0,23.0,8.0,0.4,78.0,1,0
6.0,1,0,1,0,150.0,32.0,6.0,0.4,80.0,1,0
0.0,1,0,0,0,277.0,118.0,9.0,0.0,100.0,0,0
7.0,0,0,0,1,30.0,116.0,12.0,0.4666666666666667,75.33333333333333,1,1
3.0,2,1,0,0,120.0,51.0,3.0,0.2,90.0,1,0
9.0,3,1,2,0,0.0,90.0,2.0,0.6,66.0,1,1
14.0,5,0,4,1,30.0,26.0,2.0,0.9333333333333332,40.66666666666666,1,1
8.0,0,0,0,0,281.0,71.0,3.0,0.5333333333333333,78.66666666666667,0,0
3.0,1,0,0,0,287.0,91.0,4.0,0.2,92.0,0,0
5.0,0,0,0,0,348.0,138.0,14.0,0.3333333333333333,86.66666666666667,0,0
0.0,1,1,0,0,90.0,75.0,22.0,0.0,98.0,1,0
11.0,3,0,1,2,30.0,60.0,3.0,0.7333333333333333,54.66666666666667,1,1
12.0,1,0,0,0,225.0,107.0,2.0,0.8,68.0,0,0
7.0,0,0,0,0,310.0,101.0,25.0,0.4666666666666667,81.33333333333333,0,0
3.0,0,0,0,0,272.0,117.0,12.0,0.2,92.0,0,0
3.0,0,0,0,0,218.0,105.0,18.0,0.2,92.0,0,0
11.0,2,1,0,1,0.0,68.0,11.0,0.7333333333333333,62.66666666666667,1,1
12.0,1,0,1,0,0.0,107.0,10.0,0.8,64.0,1,1
4.0,0,1,0,0,120.0,98.0,22.0,0.2666666666666666,87.33333333333333,1,0
6.0,4,1,2,0,30.0,81.0,18.0,0.4,74.0,1,1
0.0,1,0,0,0,341.0,120.0,23.0,0.0,100.0,0,0
2.0,0,0,0,0,211.0,123.0,19.0,0.1333333333333333,94.66666666666669,0,0
9.0,3,2,0,0,0.0,109.0,17.0,0.6,72.0,1,0
7.0,0,0,0,0,300.0,56.0,14.0,0.4666666666666667,81.33333333333333,0,0
12.0,4,0,1,2,0.0,100.0,19.0,0.8,52.0,1,1
12.0,3,1,1,1,30.0,67.0,14.0,0.8,56.0,1,1
6.0,1,0,2,0,90.0,44.0,13.0,0.4,76.0,1,0
0.0,0,0,0,0,187.0,58.0,8.0,0.0,100.0,0,0
2.0,0,0,0,0,326.0,56.0,19.0,0.1333333333333333,94.66666666666669,0,0
8.0,0,0,1,0,30.0,71.0,13.0,0.5333333333333333,74.66666666666667,1,0
6.0,2,1,0,0,0.0,78.0,7.0,0.4,82.0,1,0
9.0,0,0,0,0,214.0,123.0,18.0,0.6,76.0,0,0
0.0,1,0,1,0,60.0,64.0,4.0,0.0,96.0,1,0
1.0,0,0,0,0,262.0,49.0,1.0,0.0666666666666666,97.33333333333331,0,0
7.0,5,3,1,0,0.0,34.0,13.0,0.4666666666666667,71.33333333333333,1,1
1.0,2,0,1,0,120.0,97.0,14.0,0.0666666666666666,93.33333333333331,1,0
1.0,0,0,0,1,60.0,65.0,24.0,0.0666666666666666,91.33333333333331,1,0
7.0,0,0,0,1,120.0,109.0,25.0,0.4666666666666667,75.33333333333333,1,1
2.0,2,1,0,0,150.0,55.0,15.0,0.1333333333333333,92.66666666666669,1,0
7.0,1,1,0,0,90.0,62.0,25.0,0.4666666666666667,79.33333333333333,1,0
6.0,1,0,1,1,90.0,97.0,19.0,0.4,74.0,1,1
4.0,0,0,0,0,184.0,61.0,18.0,0.2666666666666666,89.33333333333333,0,0
4.0,1,1,0,0,90.0,31.0,20.0,0.2666666666666666,87.33333333333333,1,0
0.0,0,0,0,0,213.0,126.0,13.0,0.0,100.0,0,0
1.0,0,0,0,0,260.0,122.0,8.0,0.0666666666666666,97.33333333333331,0,0
1.0,0,0,0,0,337.0,140.0,1.0,0.0666666666666666,97.33333333333331,0,0
9.0,4,4,0,0,0.0,53.0,25.0,0.6,68.0,1,1
5.0,1,0,1,1,120.0,53.0,1.0,0.3333333333333333,76.66666666666667,1,1
2.0,0,0,0,0,306.0,122.0,21.0,0.1333333333333333,94.66666666666669,0,0
6.0,2,1,1,0,30.0,95.0,7.0,0.4,78.0,1,0
4.0,0,0,0,0,196.0,104.0,13.0,0.2666666666666666,89.33333333333333,0,0
8.0,0,0,0,0,260.0,118.0,10.0,0.5333333333333333,78.66666666666667,0,0
4.0,1,0,0,0,195.0,57.0,23.0,0.2666666666666666,89.33333333333333,0,0
0.0,1,0,0,0,337.0,55.0,23.0,0.0,100.0,0,0
3.0,0,0,0,0,350.0,138.0,11.0,0.2,92.0,0,0
8.0,1,1,0,0,150.0,64.0,15.0,0.5333333333333333,76.66666666666667,1,0
8.0,1,1,0,0,60.0,120.0,2.0,0.5333333333333333,76.66666666666667,1,0
4.0,2,1,0,0,90.0,65.0,25.0,0.2666666666666666,87.33333333333333,1,0
9.0,2,1,2,0,0.0,39.0,12.0,0.6,66.0,1,1
4.0,2,1,0,0,90.0,46.0,20.0,0.2666666666666666,87.33333333333333,1,0
11.0,1,0,0,1,60.0,43.0,3.0,0.7333333333333333,64.66666666666667,1,1
2.0,0,0,0,0,324.0,114.0,18.0,0.1333333333333333,94.66666666666669,0,0
5.0,0,0,0,0,244.0,100.0,8.0,0.3333333333333333,86.66666666666667,0,0
14.0,2,0,0,1,30.0,112.0,2.0,0.9333333333333332,56.66666666666666,1,1
8.0,0,1,0,0,120.0,34.0,20.0,0.5333333333333333,76.66666666666667,1,0
8.0,1,1,1,0,90.0,113.0,4.0,0.5333333333333333,72.66666666666667,1,1
8.0,4,1,2,1,30.0,89.0,5.0,0.5333333333333333,62.66666666666667,1,1
3.0,1,1,0,0,30.0,77.0,15.0,0.2,90.0,1,0
5.0,1,1,0,0,90.0,104.0,19.0,0.3333333333333333,84.66666666666667,1,0
13.0,2,0,0,2,0.0,32.0,13.0,0.8666666666666667,53.33333333333333,1,1
3.0,0,0,0,0,254.0,74.0,2.0,0.2,92.0,0,0
10.0,0,0,0,0,232.0,73.0,18.0,0.6666666666666666,73.33333333333334,0,0
4.0,0,0,0,0,325.0,76.0,25.0,0.2666666666666666,89.33333333333333,0,0
12.0,0,0,0,0,214.0,129.0,3.0,0.8,68.0,0,0
6.0,0,0,0,0,254.0,132.0,15.0,0.4,84.0,0,0
7.0,1,0,0,0,222.0,71.0,24.0,0.4666666666666667,81.33333333333333,0,0
6.0,2,0,1,0,150.0,106.0,22.0,0.4,80.0,1,0
12.0,3,1,1,1,0.0,102.0,24.0,0.8,56.0,1,1
11.0,3,1,1,1,30.0,107.0,12.0,0.7333333333333333,58.66666666666667,1,1
1.0,1,0,0,0,285.0,92.0,24.0,0.0666666666666666,97.33333333333331,0,0
12.0,0,0,0,1,60.0,74.0,25.0,0.8,62.0,1,1
0.0,1,1,0,0,0.0,115.0,12.0,0.0,98.0,1,0
8.0,0,1,0,0,60.0,64.0,20.0,0.5333333333333333,76.66666666666667,1,0
12.0,2,0,1,1,30.0,41.0,4.0,0.8,58.0,1,1
7.0,4,2,1,1,0.0,26.0,23.0,0.4666666666666667,67.33333333333333,1,1
5.0,3,2,0,1,0.0,48.0,19.0,0.3333333333333333,76.66666666666667,1,1
5.0,1,1,0,1,30.0,82.0,13.0,0.3333333333333333,78.66666666666667,1,1
8.0,0,1,0,0,60.0,60.0,3.0,0.5333333333333333,76.66666666666667,1,0
3.0,0,0,0,0,350.0,136.0,3.0,0.2,92.0,0,0
1.0,1,0,0,0,254.0,119.0,18.0,0.0666666666666666,97.33333333333331,0,0
6.0,2,1,1,0,30.0,29.0,19.0,0.4,78.0,1,1
7.0,1,0,1,0,30.0,44.0,6.0,0.4666666666666667,77.33333333333333,1,0
1.0,1,0,0,0,339.0,99.0,7.0,0.0666666666666666,97.33333333333331,0,0
6.0,2,1,0,0,120.0,109.0,4.0,0.4,82.0,1,0
10.0,2,1,1,1,30.0,48.0,21.0,0.6666666666666666,61.33333333333334,1,1
11.0,4,3,0,1,0.0,19.0,17.0,0.7333333333333333,58.66666666666667,1,1
3.0,1,1,0,0,120.0,70.0,10.0,0.2,90.0,1,0
11.0,0,0,0,0,183.0,129.0,5.0,0.7333333333333333,70.66666666666667,0,0
3.0,1,0,0,0,254.0,52.0,19.0,0.2,92.0,0,1
8.0,0,1,0,0,60.0,50.0,23.0,0.5333333333333333,76.66666666666667,1,0
2.0,1,0,1,0,60.0,77.0,3.0,0.1333333333333333,90.66666666666669,1,0
0.0,0,0,0,0,200.0,118.0,6.0,0.0,100.0,0,0
3.0,2,2,0,0,30.0,84.0,11.0,0.2,88.0,1,0
10.0,3,1,1,0,90.0,29.0,14.0,0.6666666666666666,67.33333333333334,1,1
2.0,0,0,0,0,237.0,134.0,1.0,0.1333333333333333,94.66666666666669,0,0
3.0,0,0,0,0,349.0,73.0,3.0,0.2,92.0,0,0
0.0,1,0,0,0,316.0,88.0,3.0,0.0,100.0,0,0
10.0,2,0,1,1,60.0,81.0,11.0,0.6666666666666666,63.33333333333334,1,1
9.0,3,2,0,1,30.0,55.0,8.0,0.6,66.0,1,1
0.0,1,1,0,0,0.0,47.0,6.0,0.0,98.0,1,0
2.0,0,0,0,0,258.0,71.0,22.0,0.1333333333333333,94.66666666666669,0,0
3.0,2,1,2,0,30.0,84.0,3.0,0.2,82.0,1,0
4.0,0,1,0,0,120.0,97.0,15.0,0.2666666666666666,87.33333333333333,1,0
0.0,0,0,0,0,308.0,76.0,24.0,0.0,100.0,0,0
2.0,0,0,0,0,189.0,56.0,21.0,0.1333333333333333,94.66666666666669,0,0
11.0,3,0,1,2,30.0,42.0,13.0,0.7333333333333333,54.66666666666667,1,1
8.0,1,2,0,0,0.0,53.0,14.0,0.5333333333333333,74.66666666666667,1,0
11.0,4,0,1,2,60.0,98.0,1.0,0.7333333333333333,54.66666666666667,1,1
12.0,5,1,2,3,0.0,89.0,24.0,0.8,40.0,1,1
4.0,2,2,0,0,0.0,104.0,1.0,0.2666666666666666,85.33333333333333,1,0
3.0,0,0,0,0,285.0,108.0,2.0,0.2,92.0,0,0
2.0,0,0,0,0,333.0,95.0,4.0,0.1333333333333333,94.66666666666669,0,0
12.0,4,1,0,3,0.0,36.0,7.0,0.8,48.0,1,1
4.0,0,0,0,0,284.0,86.0,14.0,0.2666666666666666,89.33333333333333,0,0
12.0,3,0,1,1,90.0,81.0,13.0,0.8,58.0,1,1
14.0,2,0,0,3,0.0,42.0,8.0,0.9333333333333332,44.66666666666666,1,1
4.0,0,0,0,0,349.0,110.0,21.0,0.2666666666666666,89.33333333333333,0,0
10.0,4,0,1,2,0.0,97.0,21.0,0.6666666666666666,57.33333333333334,1,1
3.0,1,0,0,0,233.0,113.0,16.0,0.2,92.0,0,0
12.0,2,1,2,0,0.0,21.0,20.0,0.8,58.0,1,1
14.0,3,0,2,2,0.0,25.0,13.0,0.9333333333333332,42.66666666666666,1,1
8.0,0,0,0,0,283.0,101.0,5.0,0.5333333333333333,78.66666666666667,0,0
7.0,0,0,0,0,220.0,65.0,9.0,0.4666666666666667,81.33333333333333,0,0
0.0,0,0,0,0,282.0,88.0,23.0,0.0,100.0,0,0
0.0,1,0,1,0,0.0,100.0,13.0,0.0,96.0,1,0
4.0,2,2,0,0,120.0,57.0,17.0,0.2666666666666666,85.33333333333333,1,0
12.0,2,0,0,3,90.0,64.0,15.0,0.8,50.0,1,1
0.0,1,0,1,0,60.0,118.0,2.0,0.0,96.0,1,0
0.0,1,0,0,0,248.0,111.0,20.0,0.0,100.0,0,0
9.0,3,3,0,0,0.0,57.0,13.0,0.6,70.0,1,1
0.0,1,0,0,0,290.0,116.0,7.0,0.0,100.0,0,0
0.0,0,0,0,0,212.0,106.0,15.0,0.0,100.0,0,0
8.0,0,0,0,0,232.0,130.0,3.0,0.5333333333333333,78.66666666666667,0,0
5.0,1,0,0,1,0.0,62.0,3.0,0.3333333333333333,80.66666666666667,1,0
3.0,0,0,0,0,229.0,117.0,16.0,0.2,92.0,0,0
2.0,0,1,0,0,90.0,51.0,25.0,0.1333333333333333,92.66666666666669,1,0
6.0,3,2,0,0,60.0,55.0,18.0,0.4,80.0,1,0
3.0,0,0,0,0,216.0,54.0,19.0,0.2,92.0,0,0
6.0,4,0,1,2,0.0,51.0,10.0,0.4,68.0,1,1
3.0,2,0,1,0,120.0,28.0,3.0,0.2,88.0,1,0
1.0,0,0,0,0,320.0,104.0,6.0,0.0666666666666666,97.33333333333331,0,0
7.0,1,2,0,0,30.0,39.0,15.0,0.4666666666666667,77.33333333333333,1,0
2.0,0,0,0,0,244.0,119.0,19.0,0.1333333333333333,94.66666666666669,0,0
1.0,1,1,0,0,0.0,71.0,18.0,0.0666666666666666,95.33333333333331,1,0
6.0,0,0,1,0,120.0,63.0,17.0,0.4,80.0,1,0
7.0,2,2,0,1,0.0,45.0,5.0,0.4666666666666667,71.33333333333333,1,1
1.0,0,0,0,0,199.0,46.0,20.0,0.0666666666666666,97.33333333333331,0,0
8.0,1,1,0,0,120.0,67.0,14.0,0.5333333333333333,76.66666666666667,1,0
9.0,3,1,0,1,0.0,44.0,10.0,0.6,68.0,1,0
9.0,2,0,3,0,0.0,47.0,22.0,0.6,64.0,1,1
2.0,0,0,0,0,200.0,78.0,9.0,0.1333333333333333,94.66666666666669,0,0
8.0,3,2,0,0,30.0,87.0,4.0,0.5333333333333333,74.66666666666667,1,1
4.0,2,2,0,0,60.0,109.0,21.0,0.2666666666666666,85.33333333333333,1,0
4.0,0,1,0,0,30.0,54.0,6.0,0.2666666666666666,87.33333333333333,1,0
7.0,0,0,0,0,229.0,70.0,19.0,0.4666666666666667,81.33333333333333,0,0
2.0,1,0,0,0,186.0,68.0,11.0,0.1333333333333333,94.66666666666669,0,0
7.0,0,0,0,0,303.0,81.0,11.0,0.4666666666666667,81.33333333333333,0,0
3.0,0,0,0,0,301.0,58.0,9.0,0.2,92.0,0,0
7.0,1,1,0,0,150.0,29.0,22.0,0.4666666666666667,79.33333333333333,1,0
7.0,4,1,2,0,60.0,49.0,24.0,0.4666666666666667,71.33333333333333,1,1
4.0,0,0,0,0,346.0,90.0,22.0,0.2666666666666666,89.33333333333333,0,0
5.0,0,0,0,0,194.0,82.0,1.0,0.3333333333333333,86.66666666666667,0,0
2.0,0,0,0,0,227.0,113.0,20.0,0.1333333333333333,94.66666666666669,0,0
0.0,1,1,0,0,30.0,52.0,21.0,0.0,98.0,1,0
5.0,1,0,0,0,220.0,60.0,23.0,0.3333333333333333,86.66666666666667,0,0
0.0,0,0,0,0,257.0,130.0,24.0,0.0,100.0,0,0
8.0,2,1,1,0,30.0,49.0,18.0,0.5333333333333333,72.66666666666667,1,1
3.0,2,1,0,0,60.0,113.0,20.0,0.2,90.0,1,0
10.0,1,1,0,1,60.0,95.0,22.0,0.6666666666666666,65.33333333333334,1,1
4.0,2,1,0,0,30.0,98.0,24.0,0.2666666666666666,87.33333333333333,1,0
8.0,1,1,0,1,0.0,96.0,12.0,0.5333333333333333,70.66666666666667,1,1
8.0,3,2,0,1,60.0,20.0,17.0,0.5333333333333333,68.66666666666667,1,1
3.0,0,0,0,0,211.0,91.0,22.0,0.2,92.0,0,0
4.0,3,2,0,1,0.0,66.0,1.0,0.2666666666666666,79.33333333333333,1,1
3.0,1,1,0,0,120.0,65.0,19.0,0.2,90.0,1,0
11.0,2,2,0,0,0.0,58.0,22.0,0.7333333333333333,66.66666666666667,1,1
4.0,0,0,0,0,312.0,84.0,20.0,0.2666666666666666,89.33333333333333,0,0
2.0,0,0,0,0,339.0,73.0,3.0,0.1333333333333333,94.66666666666669,0,0
11.0,4,0,2,2,0.0,88.0,21.0,0.7333333333333333,50.66666666666667,1,1
10.0,1,1,0,0,30.0,79.0,7.0,0.6666666666666666,71.33333333333334,1,0
11.0,0,1,0,0,60.0,108.0,19.0,0.7333333333333333,68.66666666666667,1,1
0.0,1,0,0,0,327.0,94.0,3.0,0.0,100.0,0,0
3.0,0,0,0,0,270.0,52.0,16.0,0.2,92.0,0,0
3.0,0,0,0,0,248.0,79.0,3.0,0.2,92.0,0,0
4.0,0,0,0,0,222.0,75.0,11.0,0.2666666666666666,89.33333333333333,0,0
6.0,0,0,0,0,320.0,94.0,19.0,0.4,84.0,0,0
2.0,0,0,0,0,295.0,137.0,20.0,0.1333333333333333,94.66666666666669,0,0
1.0,0,0,0,0,265.0,59.0,12.0,0.0666666666666666,97.33333333333331,0,0
0.0,0,0,0,0,244.0,77.0,9.0,0.0,100.0,0,0
1.0,0,0,0,0,335.0,77.0,15.0,0.0666666666666666,97.33333333333331,0,0
14.0,5,1,2,1,30.0,70.0,11.0,0.9333333333333332,46.66666666666666,1,1
8.0,0,0,0,0,197.0,72.0,24.0,0.5333333333333333,78.66666666666667,0,0
4.0,2,1,1,0,0.0,53.0,10.0,0.2666666666666666,83.33333333333333,1,0
3.0,0,0,0,0,346.0,100.0,22.0,0.2,92.0,0,0
9.0,2,1,0,0,90.0,56.0,16.0,0.6,74.0,1,0
12.0,5,2,1,3,0.0,51.0,23.0,0.8,42.0,1,1
5.0,0,0,0,0,250.0,110.0,15.0,0.3333333333333333,86.66666666666667,0,0
2.0,0,0,0,0,340.0,86.0,15.0,0.1333333333333333,94.66666666666669,0,0
5.0,1,0,0,0,314.0,133.0,7.0,0.3333333333333333,86.66666666666667,0,0
14.0,4,0,2,2,0.0,23.0,25.0,0.9333333333333332,42.66666666666666,1,1
4.0,1,0,0,0,300.0,75.0,20.0,0.2666666666666666,89.33333333333333,0,0
8.0,2,0,1,0,30.0,86.0,15.0,0.5333333333333333,74.66666666666667,1,0
8.0,2,0,1,0,60.0,92.0,6.0,0.5333333333333333,74.66666666666667,1,0
3.0,0,0,0,0,284.0,89.0,5.0,0.2,92.0,0,0
4.0,0,0,0,0,189.0,63.0,11.0,0.2666666666666666,89.33333333333333,0,0
0.0,2,1,0,0,90.0,101.0,25.0,0.0,98.0,1,0
0.0,1,0,1,0,60.0,81.0,8.0,0.0,96.0,1,0
0.0,2,1,0,0,150.0,39.0,8.0,0.0,98.0,1,0
0.0,2,1,0,0,60.0,106.0,12.0,0.0,98.0,1,0
12.0,0,0,0,0,214.0,127.0,19.0,0.8,68.0,0,0
8.0,3,0,0,2,30.0,90.0,4.0,0.5333333333333333,66.66666666666667,1,1
10.0,1,1,1,0,60.0,34.0,18.0,0.6666666666666666,67.33333333333334,1,1
11.0,4,0,3,0,30.0,97.0,7.0,0.7333333333333333,58.66666666666667,1,1
4.0,0,0,0,0,283.0,97.0,7.0,0.2666666666666666,89.33333333333333,0,0
4.0,1,1,0,0,0.0,54.0,20.0,0.2666666666666666,87.33333333333333,1,0
2.0,2,1,1,0,30.0,74.0,18.0,0.1333333333333333,88.66666666666667,1,0
6.0,0,0,0,0,190.0,64.0,3.0,0.4,84.0,0,0
6.0,0,0,0,0,335.0,73.0,25.0,0.4,84.0,0,0
6.0,0,0,0,0,259.0,102.0,4.0,0.4,84.0,0,0
10.0,1,0,1,0,90.0,108.0,16.0,0.6666666666666666,69.33333333333334,1,1
4.0,0,0,0,0,220.0,69.0,17.0,0.2666666666666666,89.33333333333333,0,0
3.0,0,0,0,0,350.0,129.0,19.0,0.2,92.0,0,0
12.0,2,1,0,1,60.0,93.0,24.0,0.8,60.0,1,1
6.0,3,1,0,1,0.0,76.0,12.0,0.4,76.0,1,1
11.0,3,0,1,3,0.0,46.0,14.0,0.7333333333333333,48.66666666666667,1,1
7.0,0,0,0,0,214.0,53.0,18.0,0.4666666666666667,81.33333333333333,0,0
7.0,1,1,0,0,90.0,75.0,16.0,0.4666666666666667,79.33333333333333,1,0
12.0,2,1,1,0,120.0,56.0,21.0,0.8,62.0,1,1
2.0,1,0,0,0,209.0,41.0,21.0,0.1333333333333333,94.66666666666669,0,0
4.0,1,0,0,0,282.0,139.0,2.0,0.2666666666666666,89.33333333333333,0,0
0.0,1,1,0,0,120.0,43.0,2.0,0.0,98.0,1,0
11.0,1,1,0,1,90.0,58.0,8.0,0.7333333333333333,62.66666666666667,1,1
8.0,4,1,0,3,0.0,16.0,3.0,0.5333333333333333,58.66666666666667,1,1
3.0,0,1,0,0,90.0,27.0,4.0,0.2,90.0,1,1
3.0,0,0,0,0,306.0,95.0,19.0,0.2,92.0,0,0
3.0,2,0,1,1,0.0,85.0,11.0,0.2,82.0,1,1
3.0,0,0,0,0,281.0,82.0,14.0,0.2,92.0,0,0
14.0,6,1,0,4,0.0,43.0,7.0,0.9333333333333332,36.66666666666666,1,1
12.0,4,1,0,3,0.0,43.0,1.0,0.8,48.0,1,1
0.0,0,0,0,0,215.0,81.0,17.0,0.0,100.0,0,0
4.0,1,0,0,1,30.0,44.0,12.0,0.2666666666666666,83.33333333333333,1,0
1.0,0,0,1,0,30.0,38.0,20.0,0.0666666666666666,93.33333333333331,1,0
0.0,0,0,0,0,325.0,97.0,18.0,0.0,100.0,0,0
5.0,2,0,1,1,30.0,31.0,19.0,0.3333333333333333,76.66666666666667,1,1
2.0,0,0,0,0,196.0,100.0,22.0,0.1333333333333333,94.66666666666669,0,1
0.0,0,0,0,0,195.0,101.0,9.0,0.0,100.0,0,1
0.0,1,0,0,0,346.0,100.0,23.0,0.0,100.0,0,0
7.0,2,1,1,1,0.0,40.0,12.0,0.4666666666666667,69.33333333333333,1,1
8.0,0,0,0,0,188.0,93.0,13.0,0.5333333333333333,78.66666666666667,0,1
2.0,0,0,0,0,248.0,60.0,21.0,0.1333333333333333,94.66666666666669,0,0
7.0,0,0,0,0,245.0,51.0,15.0,0.4666666666666667,81.33333333333333,0,0
2.0,0,0,0,0,285.0,143.0,8.0,0.1333333333333333,94.66666666666669,0,0
1.0,1,0,0,0,290.0,122.0,19.0,0.0666666666666666,97.33333333333331,0,0
0.0,2,1,0,0,30.0,35.0,13.0,0.0,98.0,1,0
5.0,1,1,0,0,120.0,63.0,10.0,0.3333333333333333,84.66666666666667,1,0
4.0,1,0,1,0,30.0,99.0,15.0,0.2666666666666666,85.33333333333333,1,0
1.0,0,0,0,0,191.0,115.0,20.0,0.0666666666666666,97.33333333333331,0,0
12.0,3,1,1,0,0.0,75.0,4.0,0.8,62.0,1,0
6.0,2,0,1,0,60.0,77.0,13.0,0.4,80.0,1,0
3.0,1,1,0,0,150.0,51.0,2.0,0.2,90.0,1,0
9.0,1,1,0,0,120.0,40.0,11.0,0.6,74.0,1,0
8.0,1,0,0,0,243.0,127.0,25.0,0.5333333333333333,78.66666666666667,0,0
10.0,3,0,1,2,60.0,31.0,11.0,0.6666666666666666,57.33333333333334,1,1
13.0,4,0,0,4,0.0,93.0,24.0,0.8666666666666667,41.33333333333333,1,1
3.0,0,0,0,0,252.0,125.0,23.0,0.2,92.0,0,0
3.0,2,2,1,0,0.0,53.0,18.0,0.2,84.0,1,1
14.0,3,1,1,0,60.0,67.0,3.0,0.9333333333333332,56.66666666666666,1,1
8.0,1,0,1,0,120.0,33.0,5.0,0.5333333333333333,74.66666666666667,1,0
6.0,2,1,0,1,0.0,63.0,21.0,0.4,76.0,1,1
3.0,1,1,0,0,60.0,88.0,1.0,0.2,90.0,1,0
6.0,1,1,1,0,120.0,49.0,19.0,0.4,78.0,1,0
4.0,0,0,0,0,343.0,73.0,1.0,0.2666666666666666,89.33333333333333,0,0
7.0,1,0,0,1,0.0,38.0,21.0,0.4666666666666667,75.33333333333333,1,1
0.0,0,0,0,0,302.0,52.0,23.0,0.0,100.0,0,0
1.0,2,1,0,1,120.0,110.0,7.0,0.0666666666666666,89.33333333333333,1,1
7.0,2,2,1,0,0.0,56.0,16.0,0.4666666666666667,73.33333333333333,1,1
1.0,1,1,0,0,30.0,110.0,11.0,0.0666666666666666,95.33333333333331,1,0
3.0,2,2,0,0,60.0,81.0,6.0,0.2,88.0,1,0
2.0,0,0,0,0,211.0,76.0,2.0,0.1333333333333333,94.66666666666669,0,0
4.0,0,0,0,0,284.0,86.0,15.0,0.2666666666666666,89.33333333333333,0,0
3.0,0,0,0,0,263.0,107.0,22.0,0.2,92.0,0,0
7.0,0,0,0,0,280.0,128.0,25.0,0.4666666666666667,81.33333333333333,0,0
4.0,0,0,0,0,351.0,70.0,8.0,0.2666666666666666,89.33333333333333,0,0
4.0,2,1,1,0,60.0,52.0,12.0,0.2666666666666666,83.33333333333333,1,0
10.0,2,0,1,2,0.0,76.0,15.0,0.6666666666666666,57.33333333333334,1,1
9.0,3,1,2,1,30.0,83.0,4.0,0.6,60.0,1,1
10.0,1,1,1,0,30.0,55.0,1.0,0.6666666666666666,67.33333333333334,1,1
3.0,1,0,1,0,90.0,115.0,11.0,0.2,88.0,1,0
6.0,3,0,0,2,60.0,101.0,24.0,0.4,72.0,1,1
11.0,2,2,0,1,60.0,63.0,25.0,0.7333333333333333,60.66666666666667,1,1
2.0,2,1,0,0,150.0,58.0,6.0,0.1333333333333333,92.66666666666669,1,0
6.0,0,1,0,0,30.0,51.0,14.0,0.4,82.0,1,0
7.0,2,0,1,0,0.0,98.0,23.0,0.4666666666666667,77.33333333333333,1,0
9.0,2,1,1,0,0.0,105.0,23.0,0.6,70.0,1,1
7.0,1,0,1,0,60.0,97.0,19.0,0.4666666666666667,77.33333333333333,1,0
8.0,0,0,0,0,217.0,91.0,5.0,0.5333333333333333,78.66666666666667,0,0
8.0,5,0,0,4,0.0,96.0,22.0,0.5333333333333333,54.66666666666667,1,1
4.0,1,0,0,0,334.0,119.0,14.0,0.2666666666666666,89.33333333333333,0,0
1.0,1,1,0,0,150.0,41.0,14.0,0.0666666666666666,95.33333333333331,1,0
2.0,0,0,0,0,260.0,98.0,23.0,0.1333333333333333,94.66666666666669,0,0
6.0,4,1,0,2,90.0,22.0,21.0,0.4,70.0,1,1
11.0,0,0,0,1,120.0,105.0,3.0,0.7333333333333333,64.66666666666667,1,1
11.0,3,1,1,1,30.0,43.0,5.0,0.7333333333333333,58.66666666666667,1,1
11.0,2,0,0,2,60.0,35.0,25.0,0.7333333333333333,58.66666666666667,1,1
0.0,0,0,0,0,340.0,71.0,22.0,0.0,100.0,0,0
7.0,3,2,0,0,60.0,66.0,12.0,0.4666666666666667,77.33333333333333,1,0
4.0,0,0,0,0,233.0,108.0,15.0,0.2666666666666666,89.33333333333333,0,0
3.0,0,0,0,0,319.0,141.0,22.0,0.2,92.0,0,0
4.0,0,0,0,0,191.0,115.0,4.0,0.2666666666666666,89.33333333333333,0,0
1.0,0,0,0,0,353.0,94.0,12.0,0.0666666666666666,97.33333333333331,0,0
7.0,2,0,1,0,60.0,48.0,17.0,0.4666666666666667,77.33333333333333,1,0
2.0,1,0,0,0,228.0,92.0,22.0,0.1333333333333333,94.66666666666669,0,1
6.0,1,1,0,0,30.0,107.0,20.0,0.4,82.0,1,0
4.0,2,1,0,0,0.0,108.0,13.0,0.2666666666666666,87.33333333333333,1,0
1.0,2,1,0,0,30.0,124.0,9.0,0.0666666666666666,95.33333333333331,1,0
10.0,2,1,2,0,0.0,67.0,14.0,0.6666666666666666,63.33333333333334,1,1
3.0,1,1,0,0,60.0,98.0,21.0,0.2,90.0,1,0
6.0,4,0,3,0,0.0,44.0,4.0,0.4,72.0,1,1
6.0,2,0,0,1,150.0,47.0,5.0,0.4,78.0,1,1
5.0,0,0,0,0,223.0,71.0,17.0,0.3333333333333333,86.66666666666667,0,0
0.0,0,0,0,0,295.0,126.0,7.0,0.0,100.0,0,0
3.0,0,0,0,0,236.0,44.0,11.0,0.2,92.0,0,0
8.0,0,0,1,0,0.0,106.0,7.0,0.5333333333333333,74.66666666666667,1,0
0.0,0,0,0,0,192.0,130.0,25.0,0.0,100.0,0,0
7.0,1,0,0,0,221.0,45.0,13.0,0.4666666666666667,81.33333333333333,0,0
4.0,1,1,0,0,0.0,117.0,4.0,0.2666666666666666,87.33333333333333,1,0
7.0,0,0,0,0,228.0,131.0,13.0,0.4666666666666667,81.33333333333333,0,0
6.0,3,1,0,1,60.0,50.0,22.0,0.4,76.0,1,1
6.0,0,0,0,0,283.0,112.0,13.0,0.4,84.0,0,0
6.0,2,1,1,1,0.0,84.0,3.0,0.4,72.0,1,1
10.0,4,1,2,1,30.0,61.0,21.0,0.6666666666666666,57.33333333333334,1,1
3.0,1,1,0,0,150.0,61.0,12.0,0.2,90.0,1,0
6.0,2,1,0,0,150.0,57.0,14.0,0.4,82.0,1,0
1.0,0,0,0,0,312.0,56.0,9.0,0.0666666666666666,97.33333333333331,0,0
8.0,1,1,0,1,30.0,94.0,24.0,0.5333333333333333,70.66666666666667,1,1
0.0,0,0,0,0,211.0,104.0,22.0,0.0,100.0,0,0
4.0,1,2,0,0,60.0,65.0,11.0,0.2666666666666666,85.33333333333333,1,0
1.0,0,1,0,0,0.0,123.0,20.0,0.0666666666666666,95.33333333333331,1,0
7.0,2,1,1,0,30.0,93.0,5.0,0.4666666666666667,75.33333333333333,1,0
9.0,5,0,4,1,0.0,38.0,20.0,0.6,54.0,1,1
11.0,2,1,0,1,30.0,81.0,4.0,0.7333333333333333,62.66666666666667,1,1
4.0,1,1,0,0,60.0,62.0,19.0,0.2666666666666666,87.33333333333333,1,0
0.0,0,0,0,0,251.0,59.0,15.0,0.0,100.0,0,0
4.0,1,0,0,0,328.0,101.0,7.0,0.2666666666666666,89.33333333333333,0,0
11.0,2,0,1,0,0.0,46.0,13.0,0.7333333333333333,66.66666666666667,1,1
5.0,0,0,0,0,323.0,121.0,2.0,0.3333333333333333,86.66666666666667,0,0
6.0,2,1,0,0,0.0,58.0,5.0,0.4,82.0,1,0
2.0,0,0,0,0,212.0,66.0,24.0,0.1333333333333333,94.66666666666669,0,0
12.0,4,2,1,0,0.0,69.0,5.0,0.8,60.0,1,1
1.0,1,1,0,0,30.0,62.0,24.0,0.0666666666666666,95.33333333333331,1,0
6.0,0,0,0,0,221.0,108.0,11.0,0.4,84.0,0,0
12.0,4,0,0,4,0.0,13.0,5.0,0.8,44.0,1,1
3.0,3,2,0,1,30.0,42.0,19.0,0.2,82.0,1,1
11.0,2,1,1,1,60.0,91.0,25.0,0.7333333333333333,58.66666666666667,1,1
0.0,1,1,0,0,90.0,46.0,18.0,0.0,98.0,1,0
4.0,1,0,0,0,304.0,75.0,16.0,0.2666666666666666,89.33333333333333,0,0
3.0,2,1,0,0,0.0,104.0,7.0,0.2,90.0,1,0
7.0,2,2,0,0,60.0,86.0,15.0,0.4666666666666667,77.33333333333333,1,0
3.0,0,0,0,0,198.0,95.0,1.0,0.2,92.0,0,0
0.0,1,0,0,0,222.0,99.0,3.0,0.0,100.0,0,0
10.0,2,0,1,1,60.0,29.0,3.0,0.6666666666666666,63.33333333333334,1,1
3.0,1,0,0,0,232.0,87.0,2.0,0.2,92.0,0,0
3.0,0,0,0,0,192.0,52.0,10.0,0.2,92.0,0,0
8.0,0,0,0,1,90.0,44.0,4.0,0.5333333333333333,72.66666666666667,1,1
13.0,4,1,1,2,60.0,37.0,20.0,0.8666666666666667,47.33333333333333,1,1
4.0,0,1,0,0,90.0,44.0,22.0,0.2666666666666666,87.33333333333333,1,0
6.0,2,2,0,0,0.0,77.0,1.0,0.4,80.0,1,0
11.0,1,0,0,1,120.0,107.0,5.0,0.7333333333333333,64.66666666666667,1,1
11.0,3,1,2,0,0.0,78.0,5.0,0.7333333333333333,60.66666666666667,1,1
4.0,1,0,0,0,358.0,58.0,20.0,0.2666666666666666,89.33333333333333,0,0
6.0,3,0,1,1,60.0,29.0,1.0,0.4,74.0,1,1
1.0,1,0,0,0,286.0,68.0,17.0,0.0666666666666666,97.33333333333331,0,0
4.0,0,0,0,0,298.0,110.0,13.0,0.2666666666666666,89.33333333333333,0,0
3.0,0,0,0,0,251.0,97.0,5.0,0.2,92.0,0,0
11.0,1,0,0,0,237.0,81.0,10.0,0.7333333333333333,70.66666666666667,0,1
1.0,0,0,0,0,288.0,94.0,8.0,0.0666666666666666,97.33333333333331,0,0
11.0,2,1,0,0,0.0,49.0,7.0,0.7333333333333333,68.66666666666667,1,1
6.0,0,0,0,0,313.0,88.0,18.0,0.4,84.0,0,0
2.0,1,0,0,0,272.0,78.0,5.0,0.1333333333333333,94.66666666666669,0,0
3.0,1,0,0,0,281.0,79.0,19.0,0.2,92.0,0,0
14.0,5,0,2,2,0.0,33.0,21.0,0.9333333333333332,42.66666666666666,1,1
4.0,0,0,1,0,60.0,25.0,14.0,0.2666666666666666,85.33333333333333,1,0
4.0,0,0,0,0,219.0,87.0,9.0,0.2666666666666666,89.33333333333333,0,0
6.0,2,3,0,0,0.0,33.0,6.0,0.4,78.0,1,1
10.0,4,1,2,0,60.0,101.0,22.0,0.6666666666666666,63.33333333333334,1,1
3.0,1,0,0,0,263.0,78.0,14.0,0.2,92.0,0,0
6.0,0,0,0,0,230.0,110.0,23.0,0.4,84.0,0,0
12.0,2,0,1,1,90.0,92.0,19.0,0.8,58.0,1,1
8.0,1,1,0,0,120.0,104.0,25.0,0.5333333333333333,76.66666666666667,1,0
4.0,1,0,0,0,213.0,122.0,20.0,0.2666666666666666,89.33333333333333,0,0
4.0,0,0,0,0,214.0,91.0,15.0,0.2666666666666666,89.33333333333333,0,0
1.0,1,0,0,0,298.0,96.0,11.0,0.0666666666666666,97.33333333333331,0,0
4.0,0,0,0,0,243.0,105.0,12.0,0.2666666666666666,89.33333333333333,0,1
6.0,1,0,0,0,264.0,114.0,21.0,0.4,84.0,0,0
14.0,2,0,0,3,0.0,51.0,1.0,0.9333333333333332,44.66666666666666,1,1
12.0,3,1,2,0,90.0,78.0,1.0,0.8,58.0,1,1
4.0,1,0,0,0,318.0,61.0,16.0,0.2666666666666666,89.33333333333333,0,0
12.0,4,0,1,2,90.0,41.0,10.0,0.8,52.0,1,1
12.0,3,1,1,1,30.0,78.0,17.0,0.8,56.0,1,1
2.0,0,1,0,0,90.0,43.0,15.0,0.1333333333333333,92.66666666666669,1,0
4.0,0,0,0,0,226.0,59.0,13.0,0.2666666666666666,89.33333333333333,0,0
0.0,0,0,0,0,287.0,79.0,9.0,0.0,100.0,0,0
7.0,2,2,1,0,90.0,100.0,24.0,0.4666666666666667,73.33333333333333,1,1
12.0,3,2,0,0,30.0,72.0,16.0,0.8,64.0,1,1
6.0,1,0,0,1,150.0,36.0,2.0,0.4,78.0,1,1
3.0,0,0,0,0,301.0,90.0,2.0,0.2,92.0,0,0
3.0,1,0,0,0,294.0,105.0,10.0,0.2,92.0,0,0
2.0,1,0,0,0,217.0,76.0,16.0,0.1333333333333333,94.66666666666669,0,0
6.0,0,0,0,0,356.0,123.0,18.0,0.4,84.0,0,0
4.0,1,1,0,0,150.0,36.0,1.0,0.2666666666666666,87.33333333333333,1,0
10.0,6,1,0,5,0.0,27.0,22.0,0.6666666666666666,41.33333333333334,1,1
6.0,0,0,1,0,150.0,95.0,8.0,0.4,80.0,1,0
6.0,0,0,0,0,202.0,104.0,9.0,0.4,84.0,0,0
1.0,0,0,1,0,0.0,113.0,22.0,0.0666666666666666,93.33333333333331,1,0
1.0,0,0,0,0,194.0,77.0,18.0,0.0666666666666666,97.33333333333331,0,0
4.0,1,1,0,0,150.0,42.0,22.0,0.2666666666666666,87.33333333333333,1,0
1.0,0,0,0,0,191.0,53.0,3.0,0.0666666666666666,97.33333333333331,0,0
7.0,1,1,0,0,90.0,57.0,10.0,0.4666666666666667,79.33333333333333,1,0
4.0,0,0,0,0,216.0,98.0,13.0,0.2666666666666666,89.33333333333333,0,0
8.0,2,1,1,0,0.0,28.0,14.0,0.5333333333333333,72.66666666666667,1,1
4.0,0,0,0,0,232.0,124.0,15.0,0.2666666666666666,89.33333333333333,0,0
9.0,5,2,2,1,0.0,98.0,14.0,0.6,58.0,1,1
8.0,3,0,1,1,0.0,58.0,16.0,0.5333333333333333,68.66666666666667,1,1
0.0,0,0,0,0,280.0,89.0,24.0,0.0,100.0,0,0
0.0,0,0,0,0,308.0,75.0,21.0,0.0,100.0,0,0
6.0,1,0,1,0,30.0,101.0,13.0,0.4,80.0,1,0
3.0,1,1,0,1,90.0,91.0,4.0,0.2,84.0,1,0
4.0,1,0,0,0,236.0,133.0,9.0,0.2666666666666666,89.33333333333333,0,0
3.0,0,0,0,0,315.0,53.0,17.0,0.2,92.0,0,0
3.0,0,0,0,0,267.0,46.0,10.0,0.2,92.0,0,0
7.0,1,0,0,0,220.0,75.0,11.0,0.4666666666666667,81.33333333333333,0,0
5.0,0,0,0,0,301.0,116.0,6.0,0.3333333333333333,86.66666666666667,0,0
8.0,3,1,0,1,120.0,56.0,19.0,0.5333333333333333,70.66666666666667,1,1
3.0,0,0,0,0,344.0,56.0,8.0,0.2,92.0,0,0
0.0,1,1,0,0,60.0,115.0,24.0,0.0,98.0,1,0
5.0,0,0,0,0,298.0,53.0,14.0,0.3333333333333333,86.66666666666667,0,0
6.0,2,1,0,0,150.0,104.0,15.0,0.4,82.0,1,0
1.0,3,2,0,0,90.0,85.0,17.0,0.0666666666666666,93.33333333333331,1,0
0.0,0,0,0,0,347.0,108.0,7.0,0.0,100.0,0,0
5.0,1,1,0,0,90.0,67.0,18.0,0.3333333333333333,84.66666666666667,1,0
2.0,0,0,0,0,353.0,91.0,16.0,0.1333333333333333,94.66666666666669,0,0
3.0,1,0,0,1,0.0,105.0,13.0,0.2,86.0,1,0
7.0,1,0,1,0,0.0,100.0,17.0,0.4666666666666667,77.33333333333333,1,0
13.0,2,0,0,2,60.0,95.0,22.0,0.8666666666666667,53.33333333333333,1,1
8.0,1,1,0,0,150.0,59.0,14.0,0.5333333333333333,76.66666666666667,1,0
3.0,1,0,0,0,277.0,81.0,14.0,0.2,92.0,0,0
4.0,0,1,0,0,0.0,67.0,23.0,0.2666666666666666,87.33333333333333,1,0
0.0,0,0,0,0,254.0,124.0,13.0,0.0,100.0,0,0
8.0,2,0,1,0,0.0,54.0,12.0,0.5333333333333333,74.66666666666667,1,0
4.0,0,0,0,0,286.0,123.0,20.0,0.2666666666666666,89.33333333333333,0,0
5.0,1,0,1,0,90.0,74.0,16.0,0.3333333333333333,82.66666666666667,1,0
10.0,4,1,1,2,0.0,81.0,4.0,0.6666666666666666,55.33333333333334,1,1
3.0,0,1,0,0,60.0,73.0,7.0,0.2,90.0,1,0
11.0,2,1,1,0,90.0,51.0,4.0,0.7333333333333333,64.66666666666667,1,1
4.0,0,0,0,0,245.0,55.0,7.0,0.2666666666666666,89.33333333333333,0,0
4.0,1,1,0,0,90.0,110.0,13.0,0.2666666666666666,87.33333333333333,1,0
2.0,1,0,0,0,194.0,54.0,17.0,0.1333333333333333,94.66666666666669,0,0
8.0,3,1,2,0,0.0,41.0,1.0,0.5333333333333333,68.66666666666667,1,0
5.0,1,0,0,0,289.0,102.0,18.0,0.3333333333333333,86.66666666666667,0,0
11.0,3,0,0,3,60.0,73.0,9.0,0.7333333333333333,52.66666666666667,1,1
5.0,2,1,1,0,90.0,90.0,20.0,0.3333333333333333,80.66666666666667,1,0
7.0,2,1,1,0,0.0,103.0,12.0,0.4666666666666667,75.33333333333333,1,1
5.0,0,0,0,0,264.0,96.0,1.0,0.3333333333333333,86.66666666666667,0,0
4.0,1,1,0,0,30.0,126.0,8.0,0.2666666666666666,87.33333333333333,1,0
8.0,1,1,0,0,0.0,117.0,3.0,0.5333333333333333,76.66666666666667,1,0
3.0,0,0,0,0,304.0,95.0,23.0,0.2,92.0,0,0
5.0,0,0,0,0,268.0,91.0,3.0,0.3333333333333333,86.66666666666667,0,0
3.0,1,0,0,0,333.0,59.0,15.0,0.2,92.0,0,0
12.0,1,0,0,1,90.0,101.0,4.0,0.8,62.0,1,1
4.0,1,0,0,0,324.0,83.0,8.0,0.2666666666666666,89.33333333333333,0,0
11.0,2,2,0,0,90.0,21.0,4.0,0.7333333333333333,66.66666666666667,1,1
7.0,3,1,1,1,0.0,85.0,22.0,0.4666666666666667,69.33333333333333,1,1
4.0,1,2,0,0,60.0,105.0,13.0,0.2666666666666666,85.33333333333333,1,0
11.0,1,2,0,0,0.0,93.0,9.0,0.7333333333333333,66.66666666666667,1,1
12.0,3,0,2,0,0.0,99.0,15.0,0.8,60.0,1,1
7.0,3,1,1,0,30.0,63.0,25.0,0.4666666666666667,75.33333333333333,1,1
8.0,2,2,0,1,0.0,99.0,22.0,0.5333333333333333,68.66666666666667,1,1
3.0,1,1,0,0,120.0,33.0,13.0,0.2,90.0,1,0
8.0,4,0,2,2,0.0,63.0,13.0,0.5333333333333333,58.66666666666667,1,1
5.0,0,0,0,0,266.0,134.0,24.0,0.3333333333333333,86.66666666666667,0,0
10.0,4,4,0,0,0.0,31.0,11.0,0.6666666666666666,65.33333333333334,1,0
6.0,1,1,1,0,30.0,33.0,1.0,0.4,78.0,1,1
0.0,0,0,0,0,331.0,50.0,17.0,0.0,100.0,0,0
11.0,1,0,0,1,150.0,88.0,6.0,0.7333333333333333,64.66666666666667,1,1
4.0,0,0,0,0,303.0,90.0,5.0,0.2666666666666666,89.33333333333333,0,0
2.0,1,1,0,0,90.0,102.0,9.0,0.1333333333333333,92.66666666666669,1,0
4.0,0,0,0,0,354.0,71.0,1.0,0.2666666666666666,89.33333333333333,0,0
7.0,2,1,0,1,0.0,110.0,15.0,0.4666666666666667,73.33333333333333,1,1
4.0,0,0,0,0,224.0,47.0,25.0,0.2666666666666666,89.33333333333333,0,0
14.0,5,0,1,4,0.0,72.0,4.0,0.9333333333333332,34.666666666666664,1,1
0.0,0,1,0,0,90.0,103.0,21.0,0.0,98.0,1,0
1.0,0,0,0,0,194.0,42.0,19.0,0.0666666666666666,97.33333333333331,0,0
3.0,2,0,1,0,150.0,97.0,9.0,0.2,88.0,1,0
10.0,5,1,2,1,30.0,87.0,8.0,0.6666666666666666,57.33333333333334,1,1
5.0,1,1,0,0,120.0,73.0,8.0,0.3333333333333333,84.66666666666667,1,0
0.0,0,0,0,0,234.0,116.0,23.0,0.0,100.0,0,0
2.0,1,0,0,0,359.0,78.0,5.0,0.1333333333333333,94.66666666666669,0,0
4.0,1,0,0,0,189.0,79.0,13.0,0.2666666666666666,89.33333333333333,0,0
6.0,3,2,1,0,30.0,33.0,16.0,0.4,76.0,1,1
2.0,1,0,0,0,278.0,74.0,6.0,0.1333333333333333,94.66666666666669,0,0
3.0,0,0,0,0,222.0,68.0,1.0,0.2,92.0,0,0
7.0,0,0,0,0,305.0,126.0,24.0,0.4666666666666667,81.33333333333333,0,0
3.0,2,1,0,0,60.0,42.0,23.0,0.2,90.0,1,1
0.0,0,0,0,0,302.0,93.0,22.0,0.0,100.0,0,0
0.0,0,0,0,0,332.0,95.0,9.0,0.0,100.0,0,0
1.0,1,0,0,0,340.0,56.0,25.0,0.0666666666666666,97.33333333333331,0,0
3.0,0,0,0,0,239.0,46.0,9.0,0.2,92.0,0,0
12.0,2,1,1,0,90.0,103.0,12.0,0.8,62.0,1,1
5.0,2,1,0,0,150.0,100.0,9.0,0.3333333333333333,84.66666666666667,1,0
0.0,0,0,0,0,266.0,113.0,23.0,0.0,100.0,0,0
2.0,0,0,0,0,268.0,135.0,23.0,0.1333333333333333,94.66666666666669,0,0
0.0,1,1,0,0,150.0,105.0,22.0,0.0,98.0,1,0
4.0,1,0,0,0,301.0,72.0,14.0,0.2666666666666666,89.33333333333333,0,0
8.0,1,1,0,0,30.0,65.0,23.0,0.5333333333333333,76.66666666666667,1,0
3.0,2,0,0,1,30.0,123.0,15.0,0.2,86.0,1,0
0.0,2,1,0,0,60.0,39.0,10.0,0.0,98.0,1,0
12.0,1,0,0,1,150.0,116.0,12.0,0.8,62.0,1,1
10.0,2,1,0,0,120.0,42.0,8.0,0.6666666666666666,71.33333333333334,1,0
2.0,1,0,0,0,294.0,96.0,12.0,0.1333333333333333,94.66666666666669,0,0
6.0,0,1,0,0,90.0,36.0,19.0,0.4,82.0,1,0
2.0,1,0,0,0,209.0,117.0,3.0,0.1333333333333333,94.66666666666669,0,1
4.0,2,1,0,0,120.0,93.0,16.0,0.2666666666666666,87.33333333333333,1,0
0.0,0,0,0,0,202.0,47.0,15.0,0.0,100.0,0,0
0.0,0,0,0,0,223.0,63.0,16.0,0.0,100.0,0,0
2.0,0,0,0,0,210.0,90.0,4.0,0.1333333333333333,94.66666666666669,0,0
8.0,5,4,0,0,60.0,97.0,6.0,0.5333333333333333,70.66666666666667,1,1
0.0,0,0,0,0,188.0,59.0,21.0,0.0,100.0,0,0
0.0,0,0,0,0,278.0,62.0,6.0,0.0,100.0,0,0
3.0,1,0,0,1,30.0,69.0,21.0,0.2,86.0,1,0
1.0,0,0,0,0,253.0,122.0,9.0,0.0666666666666666,97.33333333333331,0,0
3.0,1,1,0,0,60.0,104.0,22.0,0.2,90.0,1,0
2.0,2,1,0,0,90.0,53.0,18.0,0.1333333333333333,92.66666666666669,1,0
1.0,0,0,0,0,193.0,92.0,17.0,0.0666666666666666,97.33333333333331,0,0
0.0,0,0,0,0,223.0,65.0,4.0,0.0,100.0,0,0
3.0,2,0,0,1,60.0,102.0,10.0,0.2,86.0,1,0
5.0,2,1,0,0,150.0,62.0,20.0,0.3333333333333333,84.66666666666667,1,0
0.0,0,0,0,0,183.0,40.0,11.0,0.0,100.0,0,0
4.0,0,0,0,0,224.0,127.0,20.0,0.2666666666666666,89.33333333333333,0,0
3.0,0,0,0,0,200.0,126.0,20.0,0.2,92.0,0,0
11.0,2,0,1,1,0.0,77.0,11.0,0.7333333333333333,60.66666666666667,1,1
1.0,1,2,0,0,0.0,113.0,2.0,0.0666666666666666,93.33333333333331,1,0
3.0,2,1,0,0,0.0,126.0,14.0,0.2,90.0,1,0
2.0,1,1,0,0,150.0,50.0,23.0,0.1333333333333333,92.66666666666669,1,0
1.0,0,0,0,0,246.0,65.0,21.0,0.0666666666666666,97.33333333333331,0,0
7.0,2,0,1,0,90.0,43.0,3.0,0.4666666666666667,77.33333333333333,1,0
8.0,4,1,1,1,30.0,60.0,2.0,0.5333333333333333,66.66666666666667,1,1
1.0,0,0,0,0,274.0,109.0,6.0,0.0666666666666666,97.33333333333331,0,0
4.0,1,0,0,0,196.0,115.0,23.0,0.2666666666666666,89.33333333333333,0,0
10.0,3,0,0,4,0.0,83.0,25.0,0.6666666666666666,49.33333333333334,1,1
12.0,3,2,1,0,30.0,17.0,18.0,0.8,60.0,1,1
4.0,1,1,0,0,30.0,59.0,23.0,0.2666666666666666,87.33333333333333,1,0
4.0,1,0,1,0,90.0,35.0,5.0,0.2666666666666666,85.33333333333333,1,0
10.0,1,0,0,1,60.0,78.0,5.0,0.6666666666666666,67.33333333333334,1,1
0.0,1,0,0,0,333.0,70.0,16.0,0.0,100.0,0,0
12.0,3,1,2,0,60.0,61.0,8.0,0.8,58.0,1,1
7.0,1,1,0,0,120.0,89.0,4.0,0.4666666666666667,79.33333333333333,1,0
9.0,2,1,1,0,90.0,48.0,5.0,0.6,70.0,1,1
1.0,0,0,0,0,273.0,131.0,13.0,0.0666666666666666,97.33333333333331,0,0
5.0,2,1,0,0,30.0,44.0,16.0,0.3333333333333333,84.66666666666667,1,0
3.0,1,0,0,0,220.0,110.0,14.0,0.2,92.0,0,0
0.0,1,0,0,0,197.0,72.0,4.0,0.0,100.0,0,0
4.0,1,0,0,0,255.0,104.0,8.0,0.2666666666666666,89.33333333333333,0,0
4.0,1,0,0,0,222.0,110.0,16.0,0.2666666666666666,89.33333333333333,0,0
4.0,1,0,0,0,222.0,60.0,24.0,0.2666666666666666,89.33333333333333,0,0
4.0,2,1,0,0,60.0,90.0,13.0,0.2666666666666666,87.33333333333333,1,0
13.0,3,2,0,0,90.0,38.0,18.0,0.8666666666666667,61.33333333333333,1,1
8.0,2,1,1,1,30.0,77.0,12.0,0.5333333333333333,66.66666666666667,1,1
3.0,0,0,1,0,120.0,110.0,13.0,0.2,88.0,1,0
0.0,0,0,0,0,348.0,88.0,7.0,0.0,100.0,0,0
8.0,3,1,1,0,30.0,53.0,24.0,0.5333333333333333,72.66666666666667,1,1
2.0,0,0,0,0,278.0,82.0,7.0,0.1333333333333333,94.66666666666669,0,0
0.0,0,0,0,0,316.0,56.0,25.0,0.0,100.0,0,0
6.0,3,2,0,1,0.0,66.0,10.0,0.4,74.0,1,1
7.0,3,1,1,1,30.0,61.0,21.0,0.4666666666666667,69.33333333333333,1,1
10.0,3,2,0,0,0.0,103.0,12.0,0.6666666666666666,69.33333333333334,1,1
3.0,0,0,0,0,262.0,104.0,7.0,0.2,92.0,0,0
0.0,0,0,0,0,225.0,103.0,6.0,0.0,100.0,0,0
4.0,2,1,0,0,120.0,52.0,7.0,0.2666666666666666,87.33333333333333,1,0
2.0,0,0,0,0,233.0,114.0,8.0,0.1333333333333333,94.66666666666669,0,0
4.0,2,1,0,0,30.0,60.0,20.0,0.2666666666666666,87.33333333333333,1,0
10.0,3,1,2,0,30.0,57.0,10.0,0.6666666666666666,63.33333333333334,1,1
2.0,0,1,0,0,120.0,90.0,13.0,0.1333333333333333,92.66666666666669,1,0
3.0,0,0,0,0,283.0,107.0,19.0,0.2,92.0,0,0
10.0,2,0,1,1,30.0,85.0,13.0,0.6666666666666666,63.33333333333334,1,1
3.0,1,0,1,0,0.0,48.0,24.0,0.2,88.0,1,0
4.0,1,1,0,0,0.0,91.0,16.0,0.2666666666666666,87.33333333333333,1,0
1.0,1,1,1,0,60.0,103.0,25.0,0.0666666666666666,91.33333333333331,1,0
3.0,0,0,1,0,60.0,46.0,21.0,0.2,88.0,1,0
14.0,3,0,1,2,30.0,52.0,22.0,0.9333333333333332,46.66666666666666,1,1
8.0,1,1,0,0,120.0,114.0,10.0,0.5333333333333333,76.66666666666667,1,0
8.0,0,0,0,0,347.0,111.0,14.0,0.5333333333333333,78.66666666666667,0,0
3.0,1,0,0,0,230.0,94.0,4.0,0.2,92.0,0,0
8.0,0,0,0,0,220.0,55.0,17.0,0.5333333333333333,78.66666666666667,0,0
2.0,0,0,0,0,238.0,86.0,4.0,0.1333333333333333,94.66666666666669,0,0
0.0,2,2,0,0,30.0,68.0,18.0,0.0,96.0,1,0
4.0,1,1,0,0,30.0,59.0,19.0,0.2666666666666666,87.33333333333333,1,0
3.0,1,0,1,0,60.0,59.0,3.0,0.2,88.0,1,0
6.0,0,0,0,0,292.0,88.0,25.0,0.4,84.0,0,0
3.0,1,0,0,0,181.0,76.0,17.0,0.2,92.0,0,0
7.0,2,0,0,1,60.0,126.0,25.0,0.4666666666666667,75.33333333333333,1,1
10.0,0,0,0,0,225.0,105.0,2.0,0.6666666666666666,73.33333333333334,0,0
0.0,0,0,0,0,197.0,82.0,3.0,0.0,100.0,0,0
0.0,2,0,1,0,0.0,58.0,21.0,0.0,96.0,1,0
6.0,2,1,0,0,0.0,50.0,15.0,0.4,82.0,1,0
12.0,1,0,1,1,60.0,69.0,18.0,0.8,58.0,1,1
1.0,0,0,0,0,340.0,140.0,9.0,0.0666666666666666,97.33333333333331,0,0
1.0,0,0,0,0,325.0,106.0,12.0,0.0666666666666666,97.33333333333331,0,0
11.0,3,2,1,0,30.0,66.0,24.0,0.7333333333333333,62.66666666666667,1,1
12.0,6,0,2,3,0.0,31.0,22.0,0.8,42.0,1,1
2.0,1,0,0,0,185.0,59.0,24.0,0.1333333333333333,94.66666666666669,0,0
6.0,0,0,0,1,150.0,114.0,22.0,0.4,78.0,1,1
10.0,4,1,1,1,0.0,86.0,3.0,0.6666666666666666,61.33333333333334,1,1
3.0,1,0,0,0,323.0,78.0,23.0,0.2,92.0,0,0
10.0,1,0,2,0,0.0,55.0,21.0,0.6666666666666666,65.33333333333334,1,1
6.0,1,1,0,0,120.0,59.0,8.0,0.4,82.0,1,0
1.0,0,0,0,0,249.0,135.0,5.0,0.0666666666666666,97.33333333333331,0,0
11.0,2,2,0,0,90.0,110.0,25.0,0.7333333333333333,66.66666666666667,1,1
9.0,3,1,1,1,0.0,33.0,4.0,0.6,64.0,1,1
8.0,1,0,2,0,0.0,81.0,12.0,0.5333333333333333,70.66666666666667,1,1
5.0,0,1,0,0,30.0,121.0,17.0,0.3333333333333333,84.66666666666667,1,0
7.0,1,1,0,0,90.0,113.0,22.0,0.4666666666666667,79.33333333333333,1,0
4.0,0,1,0,0,0.0,58.0,16.0,0.2666666666666666,87.33333333333333,1,0
2.0,0,0,0,0,204.0,85.0,15.0,0.1333333333333333,94.66666666666669,0,0
7.0,3,0,2,1,30.0,18.0,24.0,0.4666666666666667,67.33333333333333,1,1
6.0,3,1,1,0,30.0,54.0,3.0,0.4,78.0,1,1
7.0,0,0,1,0,120.0,39.0,5.0,0.4666666666666667,77.33333333333333,1,0
10.0,2,0,1,1,30.0,85.0,13.0,0.6666666666666666,63.33333333333334,1,1
10.0,3,1,1,0,0.0,81.0,12.0,0.6666666666666666,67.33333333333334,1,1
7.0,1,1,0,0,120.0,80.0,12.0,0.4666666666666667,79.33333333333333,1,0
3.0,0,0,0,0,266.0,122.0,19.0,0.2,92.0,0,0
12.0,3,1,2,0,0.0,24.0,14.0,0.8,58.0,1,1
3.0,0,0,0,0,235.0,109.0,12.0,0.2,92.0,0,0
5.0,1,0,0,1,150.0,105.0,12.0,0.3333333333333333,80.66666666666667,1,1
7.0,1,0,0,0,297.0,65.0,23.0,0.4666666666666667,81.33333333333333,0,0
10.0,5,1,1,2,0.0,64.0,1.0,0.6666666666666666,55.33333333333334,1,1
1.0,0,0,0,0,241.0,62.0,10.0,0.0666666666666666,97.33333333333331,0,0
4.0,0,0,0,0,305.0,126.0,14.0,0.2666666666666666,89.33333333333333,0,0
6.0,0,1,0,0,150.0,38.0,10.0,0.4,82.0,1,0
9.0,0,1,0,0,90.0,94.0,21.0,0.6,74.0,1,0
3.0,2,1,0,0,120.0,89.0,4.0,0.2,90.0,1,0
8.0,2,2,0,0,0.0,105.0,7.0,0.5333333333333333,74.66666666666667,1,0
12.0,4,0,3,2,0.0,87.0,15.0,0.8,44.0,1,1
12.0,2,1,1,0,30.0,104.0,20.0,0.8,62.0,1,1
7.0,1,0,0,0,251.0,63.0,4.0,0.4666666666666667,81.33333333333333,0,0
14.0,2,1,1,1,0.0,42.0,10.0,0.9333333333333332,50.66666666666666,1,1
3.0,1,1,0,0,30.0,86.0,2.0,0.2,90.0,1,0
12.0,4,0,2,1,30.0,53.0,7.0,0.8,54.0,1,1
6.0,1,1,1,0,60.0,84.0,22.0,0.4,78.0,1,0
3.0,1,0,0,0,203.0,70.0,7.0,0.2,92.0,0,1
4.0,1,1,0,0,120.0,95.0,4.0,0.2666666666666666,87.33333333333333,1,0
4.0,0,0,0,0,312.0,70.0,19.0,0.2666666666666666,89.33333333333333,0,0
2.0,0,0,0,0,186.0,123.0,10.0,0.1333333333333333,94.66666666666669,0,0
4.0,1,1,0,0,90.0,40.0,14.0,0.2666666666666666,87.33333333333333,1,0
3.0,1,1,0,0,0.0,73.0,17.0,0.2,90.0,1,0
10.0,5,1,0,3,0.0,51.0,15.0,0.6666666666666666,53.33333333333334,1,1
2.0,0,1,0,0,60.0,102.0,17.0,0.1333333333333333,92.66666666666669,1,0
6.0,3,0,1,1,60.0,64.0,2.0,0.4,74.0,1,1
4.0,1,1,0,0,90.0,109.0,21.0,0.2666666666666666,87.33333333333333,1,0
13.0,5,1,1,2,30.0,56.0,2.0,0.8666666666666667,47.33333333333333,1,1
5.0,1,0,0,0,341.0,79.0,25.0,0.3333333333333333,86.66666666666667,0,0
4.0,0,0,0,0,341.0,129.0,2.0,0.2666666666666666,89.33333333333333,0,0
13.0,6,0,1,4,0.0,77.0,22.0,0.8666666666666667,37.33333333333333,1,1
6.0,0,0,0,0,314.0,80.0,5.0,0.4,84.0,0,0
10.0,2,0,1,1,60.0,87.0,13.0,0.6666666666666666,63.33333333333334,1,1
4.0,0,0,0,0,243.0,142.0,18.0,0.2666666666666666,89.33333333333333,0,0
4.0,1,1,0,0,0.0,45.0,24.0,0.2666666666666666,87.33333333333333,1,0
7.0,1,0,0,0,202.0,94.0,15.0,0.4666666666666667,81.33333333333333,0,0
3.0,0,0,0,0,357.0,120.0,11.0,0.2,92.0,0,0
8.0,1,0,1,0,150.0,34.0,4.0,0.5333333333333333,74.66666666666667,1,0
1.0,0,1,0,0,0.0,103.0,2.0,0.0666666666666666,95.33333333333331,1,0
12.0,3,0,2,1,30.0,49.0,8.0,0.8,54.0,1,1
1.0,1,0,0,0,278.0,73.0,15.0,0.0666666666666666,97.33333333333331,0,0
4.0,0,0,0,0,237.0,92.0,18.0,0.2666666666666666,89.33333333333333,0,0
7.0,3,1,0,2,60.0,56.0,20.0,0.4666666666666667,67.33333333333333,1,1
7.0,0,0,0,0,214.0,78.0,21.0,0.4666666666666667,81.33333333333333,0,0
0.0,0,0,0,0,199.0,106.0,19.0,0.0,100.0,0,0
3.0,0,1,0,0,60.0,51.0,11.0,0.2,90.0,1,0
7.0,0,0,0,0,219.0,95.0,23.0,0.4666666666666667,81.33333333333333,0,0
10.0,3,1,0,1,0.0,30.0,24.0,0.6666666666666666,65.33333333333334,1,1
10.0,6,1,1,3,0.0,84.0,16.0,0.6666666666666666,49.33333333333334,1,1
1.0,0,0,0,0,197.0,70.0,12.0,0.0666666666666666,97.33333333333331,0,0
1.0,1,1,0,0,0.0,120.0,9.0,0.0666666666666666,95.33333333333331,1,0
0.0,1,0,0,0,263.0,123.0,19.0,0.0,100.0,0,0
4.0,1,0,0,0,258.0,64.0,3.0,0.2666666666666666,89.33333333333333,0,0
3.0,0,0,0,0,229.0,45.0,17.0,0.2,92.0,0,0
10.0,2,0,1,1,90.0,100.0,14.0,0.6666666666666666,63.33333333333334,1,1
4.0,0,0,0,0,312.0,128.0,14.0,0.2666666666666666,89.33333333333333,0,0
8.0,0,0,0,0,222.0,104.0,20.0,0.5333333333333333,78.66666666666667,0,0
3.0,1,1,0,0,120.0,76.0,22.0,0.2,90.0,1,0
6.0,0,0,0,1,30.0,46.0,2.0,0.4,78.0,1,0
11.0,3,0,1,3,30.0,15.0,17.0,0.7333333333333333,48.66666666666667,1,1
14.0,4,1,1,2,30.0,79.0,15.0,0.9333333333333332,44.66666666666666,1,1
6.0,1,0,0,0,313.0,86.0,24.0,0.4,84.0,0,0
11.0,0,0,0,0,309.0,75.0,22.0,0.7333333333333333,70.66666666666667,0,0
7.0,0,0,0,0,356.0,115.0,8.0,0.4666666666666667,81.33333333333333,0,0
2.0,1,0,0,0,217.0,56.0,18.0,0.1333333333333333,94.66666666666669,0,0
8.0,3,2,1,0,0.0,65.0,3.0,0.5333333333333333,70.66666666666667,1,1
7.0,2,1,0,0,0.0,66.0,24.0,0.4666666666666667,79.33333333333333,1,0
8.0,1,1,0,0,150.0,86.0,12.0,0.5333333333333333,76.66666666666667,1,0
5.0,2,1,1,0,0.0,77.0,16.0,0.3333333333333333,80.66666666666667,1,0
14.0,3,2,0,1,0.0,79.0,19.0,0.9333333333333332,52.66666666666666,1,1
10.0,2,0,1,1,30.0,86.0,4.0,0.6666666666666666,63.33333333333334,1,1
11.0,3,0,1,3,0.0,56.0,12.0,0.7333333333333333,48.66666666666667,1,1
8.0,0,0,0,0,270.0,69.0,11.0,0.5333333333333333,78.66666666666667,0,0
4.0,0,0,0,0,199.0,54.0,24.0,0.2666666666666666,89.33333333333333,0,0
0.0,0,0,0,0,308.0,79.0,18.0,0.0,100.0,0,0
4.0,0,0,0,0,343.0,74.0,23.0,0.2666666666666666,89.33333333333333,0,0
5.0,1,0,0,0,184.0,87.0,16.0,0.3333333333333333,86.66666666666667,0,0
3.0,0,0,0,0,273.0,73.0,11.0,0.2,92.0,0,0
4.0,0,0,0,0,309.0,105.0,22.0,0.2666666666666666,89.33333333333333,0,0
1.0,1,1,0,0,150.0,85.0,2.0,0.0666666666666666,95.33333333333331,1,0
1.0,0,0,0,0,308.0,130.0,3.0,0.0666666666666666,97.33333333333331,0,1
8.0,2,1,1,1,0.0,86.0,5.0,0.5333333333333333,66.66666666666667,1,1
0.0,2,2,0,0,0.0,46.0,1.0,0.0,96.0,1,0
7.0,0,0,0,0,315.0,67.0,19.0,0.4666666666666667,81.33333333333333,0,0
3.0,1,0,0,0,334.0,99.0,11.0,0.2,92.0,0,0
7.0,2,1,0,0,60.0,38.0,7.0,0.4666666666666667,79.33333333333333,1,0
6.0,0,0,0,0,289.0,68.0,25.0,0.4,84.0,0,0
3.0,2,2,0,0,90.0,107.0,15.0,0.2,88.0,1,0
10.0,3,1,1,1,30.0,62.0,8.0,0.6666666666666666,61.33333333333334,1,1
3.0,1,0,0,0,201.0,104.0,2.0,0.2,92.0,0,0
0.0,0,0,0,0,307.0,121.0,25.0,0.0,100.0,0,0
11.0,2,1,1,0,90.0,55.0,6.0,0.7333333333333333,64.66666666666667,1,1
10.0,2,0,1,0,150.0,88.0,24.0,0.6666666666666666,69.33333333333334,1,0
1.0,1,0,0,0,204.0,65.0,1.0,0.0666666666666666,97.33333333333331,0,0
8.0,0,1,0,0,150.0,56.0,25.0,0.5333333333333333,76.66666666666667,1,0
6.0,1,2,0,0,30.0,106.0,11.0,0.4,80.0,1,0
7.0,1,0,1,0,30.0,43.0,18.0,0.4666666666666667,77.33333333333333,1,0
3.0,0,0,0,0,208.0,56.0,14.0,0.2,92.0,0,0
11.0,4,0,1,3,0.0,39.0,22.0,0.7333333333333333,48.66666666666667,1,1
6.0,2,2,0,0,60.0,98.0,6.0,0.4,80.0,1,0
2.0,2,1,0,0,0.0,59.0,16.0,0.1333333333333333,92.66666666666669,1,0
4.0,0,0,0,0,288.0,109.0,21.0,0.2666666666666666,89.33333333333333,0,0
3.0,1,1,0,0,90.0,118.0,15.0,0.2,90.0,1,0
9.0,2,0,1,1,0.0,105.0,3.0,0.6,66.0,1,1
4.0,2,1,1,0,0.0,25.0,19.0,0.2666666666666666,83.33333333333333,1,0
1.0,0,0,0,0,289.0,135.0,19.0,0.0666666666666666,97.33333333333331,0,0
2.0,0,0,0,0,247.0,119.0,5.0,0.1333333333333333,94.66666666666669,0,0
13.0,2,0,1,2,60.0,28.0,16.0,0.8666666666666667,49.33333333333333,1,1
9.0,1,0,1,1,30.0,33.0,12.0,0.6,66.0,1,1
12.0,4,2,1,1,0.0,40.0,6.0,0.8,54.0,1,1
3.0,0,1,0,0,30.0,65.0,4.0,0.2,90.0,1,0
11.0,2,0,1,1,0.0,57.0,14.0,0.7333333333333333,60.66666666666667,1,1
6.0,0,0,0,0,231.0,56.0,18.0,0.4,84.0,0,0
0.0,0,0,0,0,329.0,139.0,9.0,0.0,100.0,0,0
0.0,0,0,0,0,242.0,48.0,14.0,0.0,100.0,0,1
1.0,0,1,0,0,120.0,80.0,8.0,0.0666666666666666,95.33333333333331,1,0
5.0,1,0,0,0,285.0,52.0,12.0,0.3333333333333333,86.66666666666667,0,0
6.0,1,0,0,0,229.0,133.0,17.0,0.4,84.0,0,0
9.0,2,0,1,0,120.0,104.0,14.0,0.6,72.0,1,0
11.0,3,1,2,1,0.0,90.0,1.0,0.7333333333333333,54.66666666666667,1,1
3.0,0,0,0,0,320.0,116.0,13.0,0.2,92.0,0,0
2.0,3,1,1,0,60.0,64.0,9.0,0.1333333333333333,88.66666666666667,1,0
6.0,2,0,0,1,90.0,100.0,25.0,0.4,78.0,1,1
12.0,4,1,2,0,0.0,43.0,9.0,0.8,58.0,1,1
10.0,3,3,1,0,0.0,94.0,19.0,0.6666666666666666,63.33333333333334,1,1
11.0,1,0,1,1,30.0,46.0,18.0,0.7333333333333333,60.66666666666667,1,1
1.0,0,0,0,0,328.0,101.0,16.0,0.0666666666666666,97.33333333333331,0,0
5.0,0,0,0,0,193.0,110.0,16.0,0.3333333333333333,86.66666666666667,0,0
4.0,1,0,0,0,215.0,95.0,11.0,0.2666666666666666,89.33333333333333,0,0
0.0,1,1,0,0,60.0,98.0,6.0,0.0,98.0,1,0
3.0,0,0,0,0,288.0,88.0,1.0,0.2,92.0,0,0
0.0,1,0,0,0,227.0,52.0,8.0,0.0,100.0,0,0
12.0,3,0,1,1,0.0,89.0,19.0,0.8,58.0,1,1
13.0,1,0,1,1,30.0,87.0,9.0,0.8666666666666667,55.33333333333333,1,1
2.0,1,1,0,0,90.0,78.0,21.0,0.1333333333333333,92.66666666666669,1,1
0.0,0,0,0,0,279.0,121.0,14.0,0.0,100.0,0,0
12.0,2,1,1,0,30.0,100.0,16.0,0.8,62.0,1,1
3.0,0,0,0,0,356.0,89.0,14.0,0.2,92.0,0,0
2.0,1,0,0,0,307.0,110.0,17.0,0.1333333333333333,94.66666666666669,0,0
12.0,1,0,1,0,150.0,78.0,10.0,0.8,64.0,1,1
7.0,3,1,1,0,0.0,37.0,15.0,0.4666666666666667,75.33333333333333,1,0
9.0,3,0,2,0,30.0,98.0,15.0,0.6,68.0,1,1
7.0,1,0,0,1,60.0,93.0,22.0,0.4666666666666667,75.33333333333333,1,1
7.0,4,3,1,0,0.0,91.0,10.0,0.4666666666666667,71.33333333333333,1,1
10.0,2,1,1,0,120.0,58.0,2.0,0.6666666666666666,67.33333333333334,1,1
3.0,0,0,0,0,259.0,101.0,25.0,0.2,92.0,0,0
0.0,1,0,0,0,336.0,62.0,16.0,0.0,100.0,0,0
3.0,0,0,0,0,268.0,65.0,14.0,0.2,92.0,0,0
5.0,2,1,0,1,60.0,66.0,15.0,0.3333333333333333,78.66666666666667,1,1
3.0,1,0,0,0,354.0,72.0,7.0,0.2,92.0,0,0
12.0,2,0,2,0,30.0,95.0,4.0,0.8,60.0,1,1
3.0,0,0,0,0,308.0,128.0,3.0,0.2,92.0,0,0
1.0,1,0,0,0,203.0,133.0,5.0,0.0666666666666666,97.33333333333331,0,0
3.0,1,1,0,0,60.0,51.0,1.0,0.2,90.0,1,0
1.0,0,0,0,0,248.0,89.0,2.0,0.0666666666666666,97.33333333333331,0,0
1.0,0,0,0,0,198.0,99.0,1.0,0.0666666666666666,97.33333333333331,0,0
12.0,0,1,0,0,60.0,45.0,10.0,0.8,66.0,1,0
3.0,0,0,0,0,274.0,123.0,23.0,0.2,92.0,0,0
3.0,1,0,1,0,120.0,53.0,13.0,0.2,88.0,1,1
4.0,2,2,0,0,60.0,91.0,12.0,0.2666666666666666,85.33333333333333,1,0
3.0,0,0,0,0,243.0,64.0,21.0,0.2,92.0,0,0
11.0,4,0,2,1,0.0,97.0,8.0,0.7333333333333333,56.66666666666667,1,1
7.0,2,0,1,0,0.0,129.0,2.0,0.4666666666666667,77.33333333333333,1,0
4.0,1,0,1,0,30.0,83.0,7.0,0.2666666666666666,85.33333333333333,1,0
8.0,0,0,0,0,187.0,61.0,7.0,0.5333333333333333,78.66666666666667,0,0
6.0,1,0,0,0,290.0,111.0,1.0,0.4,84.0,0,0
0.0,0,0,0,0,294.0,57.0,17.0,0.0,100.0,0,0
4.0,0,0,0,0,298.0,78.0,22.0,0.2666666666666666,89.33333333333333,0,0
0.0,0,0,0,0,328.0,116.0,6.0,0.0,100.0,0,0
9.0,1,0,1,0,90.0,34.0,16.0,0.6,72.0,1,1
3.0,0,0,0,0,298.0,64.0,11.0,0.2,92.0,0,0
0.0,0,0,0,0,360.0,79.0,17.0,0.0,100.0,0,0
6.0,0,0,0,0,224.0,61.0,19.0,0.4,84.0,0,0
4.0,0,0,1,0,120.0,62.0,10.0,0.2666666666666666,85.33333333333333,1,0
14.0,5,0,1,3,30.0,86.0,19.0,0.9333333333333332,40.66666666666666,1,1
7.0,2,1,1,0,30.0,41.0,14.0,0.4666666666666667,75.33333333333333,1,0
6.0,0,0,0,0,257.0,96.0,19.0,0.4,84.0,0,0
3.0,0,0,0,0,246.0,82.0,16.0,0.2,92.0,0,0
13.0,4,0,4,0,0.0,70.0,13.0,0.8666666666666667,49.33333333333333,1,1
7.0,1,2,0,0,30.0,94.0,20.0,0.4666666666666667,77.33333333333333,1,1
6.0,2,1,0,1,90.0,55.0,20.0,0.4,76.0,1,1
2.0,0,0,0,0,258.0,123.0,18.0,0.1333333333333333,94.66666666666669,0,0
7.0,1,1,1,0,120.0,102.0,21.0,0.4666666666666667,75.33333333333333,1,1
0.0,0,0,0,0,223.0,107.0,18.0,0.0,100.0,0,0
12.0,3,3,1,0,30.0,48.0,9.0,0.8,58.0,1,1
0.0,0,0,0,0,194.0,48.0,7.0,0.0,100.0,0,0
0.0,0,0,0,0,247.0,62.0,18.0,0.0,100.0,0,0
11.0,3,1,0,1,90.0,46.0,8.0,0.7333333333333333,62.66666666666667,1,1
7.0,2,1,0,0,60.0,98.0,12.0,0.4666666666666667,79.33333333333333,1,0
0.0,1,0,0,0,317.0,87.0,24.0,0.0,100.0,0,0
2.0,0,0,0,0,253.0,115.0,6.0,0.1333333333333333,94.66666666666669,0,0
2.0,0,0,0,0,352.0,48.0,22.0,0.1333333333333333,94.66666666666669,0,0
4.0,0,0,0,0,239.0,78.0,10.0,0.2666666666666666,89.33333333333333,0,0
4.0,2,1,1,0,0.0,91.0,10.0,0.2666666666666666,83.33333333333333,1,0
2.0,0,0,1,0,60.0,96.0,1.0,0.1333333333333333,90.66666666666669,1,0
8.0,1,0,0,0,204.0,74.0,16.0,0.5333333333333333,78.66666666666667,0,0
2.0,0,1,0,0,30.0,106.0,5.0,0.1333333333333333,92.66666666666669,1,0
9.0,3,1,1,0,120.0,65.0,2.0,0.6,70.0,1,1
4.0,1,0,0,0,332.0,136.0,6.0,0.2666666666666666,89.33333333333333,0,0
2.0,0,1,0,0,60.0,122.0,19.0,0.1333333333333333,92.66666666666669,1,0
14.0,2,0,0,1,60.0,38.0,1.0,0.9333333333333332,56.66666666666666,1,1
12.0,4,1,0,3,0.0,94.0,16.0,0.8,48.0,1,1
8.0,0,0,0,0,237.0,73.0,25.0,0.5333333333333333,78.66666666666667,0,0
3.0,0,0,0,0,200.0,53.0,23.0,0.2,92.0,0,0
7.0,1,1,0,0,90.0,45.0,6.0,0.4666666666666667,79.33333333333333,1,0
7.0,0,1,0,0,60.0,60.0,9.0,0.4666666666666667,79.33333333333333,1,0
1.0,0,0,0,0,181.0,40.0,20.0,0.0666666666666666,97.33333333333331,0,0
4.0,0,0,0,0,341.0,85.0,9.0,0.2666666666666666,89.33333333333333,0,0
8.0,2,1,0,0,90.0,38.0,21.0,0.5333333333333333,76.66666666666667,1,0
4.0,0,0,0,0,281.0,67.0,10.0,0.2666666666666666,89.33333333333333,0,0
9.0,4,2,1,1,60.0,62.0,14.0,0.6,62.0,1,1
10.0,3,1,2,1,0.0,13.0,6.0,0.6666666666666666,57.33333333333334,1,1
2.0,0,0,0,1,0.0,118.0,21.0,0.1333333333333333,88.66666666666667,1,0
2.0,1,0,0,0,289.0,120.0,1.0,0.1333333333333333,94.66666666666669,0,0
0.0,0,0,0,0,329.0,80.0,22.0,0.0,100.0,0,0
8.0,4,2,1,0,0.0,64.0,12.0,0.5333333333333333,70.66666666666667,1,1
4.0,1,1,0,1,0.0,43.0,25.0,0.2666666666666666,81.33333333333333,1,1
12.0,4,1,1,3,0.0,10.0,9.0,0.8,44.0,1,1
3.0,0,0,0,0,285.0,98.0,3.0,0.2,92.0,0,0
4.0,1,1,0,0,0.0,40.0,6.0,0.2666666666666666,87.33333333333333,1,0
0.0,1,1,0,0,120.0,57.0,17.0,0.0,98.0,1,0
2.0,0,0,0,0,344.0,53.0,9.0,0.1333333333333333,94.66666666666669,0,0
2.0,1,0,0,0,305.0,129.0,6.0,0.1333333333333333,94.66666666666669,0,0
0.0,0,0,0,0,326.0,94.0,20.0,0.0,100.0,0,0
4.0,1,0,0,0,187.0,77.0,23.0,0.2666666666666666,89.33333333333333,0,0
4.0,0,0,0,0,300.0,107.0,15.0,0.2666666666666666,89.33333333333333,0,0
3.0,2,1,0,0,0.0,60.0,15.0,0.2,90.0,1,0
6.0,2,1,0,0,30.0,62.0,23.0,0.4,82.0,1,0
7.0,1,0,0,0,197.0,109.0,10.0,0.4666666666666667,81.33333333333333,0,0
6.0,0,0,0,0,352.0,55.0,22.0,0.4,84.0,0,0
6.0,2,1,0,1,30.0,78.0,1.0,0.4,76.0,1,1
1.0,1,0,0,0,198.0,45.0,10.0,0.0666666666666666,97.33333333333331,0,0
11.0,4,1,0,4,0.0,81.0,21.0,0.7333333333333333,44.66666666666667,1,1
7.0,3,1,1,1,0.0,43.0,21.0,0.4666666666666667,69.33333333333333,1,1
7.0,0,0,0,0,209.0,56.0,14.0,0.4666666666666667,81.33333333333333,0,0
2.0,0,0,0,0,212.0,93.0,11.0,0.1333333333333333,94.66666666666669,0,0
11.0,3,0,2,1,30.0,83.0,14.0,0.7333333333333333,56.66666666666667,1,1
3.0,1,1,0,0,90.0,109.0,1.0,0.2,90.0,1,0
4.0,2,1,1,0,60.0,64.0,21.0,0.2666666666666666,83.33333333333333,1,0
12.0,2,3,0,0,0.0,48.0,20.0,0.8,62.0,1,1
8.0,1,1,1,0,30.0,94.0,13.0,0.5333333333333333,72.66666666666667,1,1
0.0,0,0,0,0,336.0,97.0,7.0,0.0,100.0,0,0
13.0,3,0,1,1,60.0,30.0,11.0,0.8666666666666667,55.33333333333333,1,1
7.0,0,0,0,0,311.0,122.0,18.0,0.4666666666666667,81.33333333333333,0,1
10.0,3,1,1,1,30.0,52.0,19.0,0.6666666666666666,61.33333333333334,1,1
1.0,0,0,0,0,245.0,84.0,22.0,0.0666666666666666,97.33333333333331,0,0
3.0,1,0,1,0,120.0,58.0,4.0,0.2,88.0,1,0
7.0,2,0,1,0,0.0,111.0,12.0,0.4666666666666667,77.33333333333333,1,0
4.0,0,0,0,0,292.0,66.0,4.0,0.2666666666666666,89.33333333333333,0,0
11.0,3,0,1,3,30.0,24.0,7.0,0.7333333333333333,48.66666666666667,1,1
0.0,0,0,0,0,185.0,87.0,17.0,0.0,100.0,0,0
1.0,0,0,0,0,313.0,68.0,1.0,0.0666666666666666,97.33333333333331,0,0
4.0,1,0,0,0,267.0,124.0,23.0,0.2666666666666666,89.33333333333333,0,0
8.0,2,1,1,0,60.0,46.0,25.0,0.5333333333333333,72.66666666666667,1,1
4.0,3,1,1,0,90.0,56.0,2.0,0.2666666666666666,83.33333333333333,1,0
0.0,0,0,0,0,326.0,127.0,7.0,0.0,100.0,0,0
4.0,2,1,0,0,150.0,119.0,17.0,0.2666666666666666,87.33333333333333,1,0
4.0,0,0,0,0,291.0,114.0,12.0,0.2666666666666666,89.33333333333333,0,0
6.0,4,2,1,0,30.0,69.0,23.0,0.4,76.0,1,0
11.0,4,1,1,2,0.0,20.0,18.0,0.7333333333333333,52.66666666666667,1,1
3.0,0,0,0,0,254.0,47.0,12.0,0.2,92.0,0,0
11.0,3,0,0,2,0.0,122.0,18.0,0.7333333333333333,58.66666666666667,1,1
1.0,0,0,0,0,278.0,90.0,2.0,0.0666666666666666,97.33333333333331,0,0
10.0,2,1,1,0,30.0,39.0,7.0,0.6666666666666666,67.33333333333334,1,1
4.0,2,0,2,0,90.0,95.0,5.0,0.2666666666666666,81.33333333333333,1,0
9.0,5,4,0,0,0.0,57.0,17.0,0.6,68.0,1,1
5.0,2,1,1,0,90.0,45.0,25.0,0.3333333333333333,80.66666666666667,1,0
3.0,1,1,0,0,120.0,65.0,14.0,0.2,90.0,1,0
8.0,1,0,1,0,60.0,37.0,10.0,0.5333333333333333,74.66666666666667,1,0
6.0,1,0,0,0,340.0,128.0,24.0,0.4,84.0,0,0
12.0,3,1,2,0,0.0,16.0,15.0,0.8,58.0,1,1
8.0,1,0,0,1,30.0,91.0,19.0,0.5333333333333333,72.66666666666667,1,1
6.0,0,0,0,0,208.0,47.0,19.0,0.4,84.0,0,0
1.0,1,1,0,0,150.0,46.0,1.0,0.0666666666666666,95.33333333333331,1,0
12.0,3,0,2,1,30.0,93.0,4.0,0.8,54.0,1,1
1.0,1,0,0,0,237.0,90.0,13.0,0.0666666666666666,97.33333333333331,0,0
3.0,0,0,0,0,285.0,90.0,22.0,0.2,92.0,0,0
3.0,0,0,0,0,198.0,37.0,8.0,0.2,92.0,0,0
3.0,0,0,0,0,184.0,103.0,6.0,0.2,92.0,0,0
5.0,1,0,1,0,90.0,63.0,2.0,0.3333333333333333,82.66666666666667,1,0
4.0,0,0,1,0,30.0,90.0,15.0,0.2666666666666666,85.33333333333333,1,0
0.0,0,0,0,0,190.0,101.0,17.0,0.0,100.0,0,0
7.0,0,0,0,0,326.0,59.0,23.0,0.4666666666666667,81.33333333333333,0,0
8.0,1,1,0,0,120.0,114.0,2.0,0.5333333333333333,76.66666666666667,1,0
0.0,0,0,0,0,285.0,85.0,17.0,0.0,100.0,0,0
4.0,1,1,0,0,0.0,41.0,24.0,0.2666666666666666,87.33333333333333,1,0
5.0,3,1,1,0,30.0,60.0,19.0,0.3333333333333333,80.66666666666667,1,0
6.0,0,0,0,0,341.0,56.0,22.0,0.4,84.0,0,0
1.0,0,0,0,0,181.0,76.0,23.0,0.0666666666666666,97.33333333333331,0,0
3.0,0,0,0,0,265.0,77.0,10.0,0.2,92.0,0,0
0.0,0,0,0,0,272.0,60.0,18.0,0.0,100.0,0,0
4.0,0,0,0,0,246.0,52.0,14.0,0.2666666666666666,89.33333333333333,0,0
4.0,1,1,0,0,30.0,127.0,18.0,0.2666666666666666,87.33333333333333,1,0
1.0,1,1,0,0,120.0,36.0,5.0,0.0666666666666666,95.33333333333331,1,0
10.0,3,0,1,2,30.0,56.0,8.0,0.6666666666666666,57.33333333333334,1,1
11.0,2,2,0,0,120.0,67.0,19.0,0.7333333333333333,66.66666666666667,1,1
8.0,3,1,0,1,0.0,69.0,22.0,0.5333333333333333,70.66666666666667,1,1
8.0,1,0,0,0,211.0,80.0,6.0,0.5333333333333333,78.66666666666667,0,0
9.0,1,0,2,0,0.0,46.0,1.0,0.6,68.0,1,1
5.0,2,3,0,0,0.0,72.0,17.0,0.3333333333333333,80.66666666666667,1,0
3.0,0,0,0,0,227.0,48.0,20.0,0.2,92.0,0,0
5.0,0,0,0,0,359.0,70.0,22.0,0.3333333333333333,86.66666666666667,0,0
4.0,0,0,0,0,255.0,87.0,9.0,0.2666666666666666,89.33333333333333,0,0
7.0,1,1,0,0,90.0,102.0,8.0,0.4666666666666667,79.33333333333333,1,0
8.0,2,1,1,0,0.0,108.0,5.0,0.5333333333333333,72.66666666666667,1,1
1.0,0,0,0,0,341.0,96.0,14.0,0.0666666666666666,97.33333333333331,0,0
5.0,1,0,0,0,258.0,115.0,7.0,0.3333333333333333,86.66666666666667,0,0
8.0,2,1,0,0,90.0,75.0,11.0,0.5333333333333333,76.66666666666667,1,0
11.0,1,0,0,1,60.0,82.0,15.0,0.7333333333333333,64.66666666666667,1,1
0.0,2,1,1,0,90.0,82.0,22.0,0.0,94.0,1,0
4.0,0,0,0,0,181.0,103.0,7.0,0.2666666666666666,89.33333333333333,0,0
2.0,1,0,0,0,187.0,41.0,17.0,0.1333333333333333,94.66666666666669,0,0
3.0,2,2,1,0,0.0,27.0,1.0,0.2,84.0,1,1
1.0,1,0,0,0,181.0,107.0,5.0,0.0666666666666666,97.33333333333331,0,0
3.0,1,1,0,1,0.0,49.0,18.0,0.2,84.0,1,1
8.0,1,0,1,0,60.0,83.0,3.0,0.5333333333333333,74.66666666666667,1,0
6.0,1,0,0,0,183.0,122.0,11.0,0.4,84.0,0,0
3.0,0,0,0,0,294.0,56.0,12.0,0.2,92.0,0,0
8.0,3,1,0,2,0.0,53.0,8.0,0.5333333333333333,64.66666666666667,1,1
2.0,0,0,0,0,294.0,113.0,8.0,0.1333333333333333,94.66666666666669,0,0
4.0,0,0,0,0,351.0,106.0,15.0,0.2666666666666666,89.33333333333333,0,0
0.0,0,1,0,0,0.0,126.0,2.0,0.0,98.0,1,0
4.0,1,1,0,0,60.0,101.0,23.0,0.2666666666666666,87.33333333333333,1,0
11.0,1,1,1,0,0.0,41.0,24.0,0.7333333333333333,64.66666666666667,1,1
0.0,0,0,0,0,357.0,119.0,20.0,0.0,100.0,0,0
6.0,2,0,1,0,0.0,74.0,18.0,0.4,80.0,1,0
4.0,2,0,1,0,90.0,85.0,4.0,0.2666666666666666,85.33333333333333,1,0
11.0,2,2,1,0,0.0,16.0,19.0,0.7333333333333333,62.66666666666667,1,1
2.0,0,0,0,0,351.0,59.0,14.0,0.1333333333333333,94.66666666666669,0,0
7.0,1,0,1,0,30.0,84.0,3.0,0.4666666666666667,77.33333333333333,1,0
4.0,0,0,0,0,208.0,109.0,12.0,0.2666666666666666,89.33333333333333,0,0
4.0,2,1,1,0,30.0,22.0,7.0,0.2666666666666666,83.33333333333333,1,0
7.0,3,1,1,0,0.0,108.0,15.0,0.4666666666666667,75.33333333333333,1,1
7.0,2,1,0,0,30.0,89.0,13.0,0.4666666666666667,79.33333333333333,1,0
11.0,4,1,1,2,0.0,17.0,23.0,0.7333333333333333,52.66666666666667,1,1
2.0,0,0,0,0,351.0,51.0,8.0,0.1333333333333333,94.66666666666669,0,1
7.0,0,0,0,0,297.0,117.0,14.0,0.4666666666666667,81.33333333333333,0,0
1.0,1,1,0,0,0.0,135.0,6.0,0.0666666666666666,95.33333333333331,1,0
7.0,0,0,0,0,198.0,97.0,10.0,0.4666666666666667,81.33333333333333,0,0
7.0,2,0,0,1,120.0,69.0,22.0,0.4666666666666667,75.33333333333333,1,1
13.0,4,1,0,2,30.0,34.0,18.0,0.8666666666666667,51.33333333333333,1,1
4.0,2,1,0,0,120.0,93.0,9.0,0.2666666666666666,87.33333333333333,1,0
2.0,0,0,0,0,354.0,116.0,9.0,0.1333333333333333,94.66666666666669,0,0
3.0,1,0,0,0,259.0,83.0,1.0,0.2,92.0,0,0
4.0,0,1,0,0,90.0,50.0,11.0,0.2666666666666666,87.33333333333333,1,0
4.0,1,1,0,1,120.0,101.0,6.0,0.2666666666666666,81.33333333333333,1,1
10.0,5,0,3,1,30.0,90.0,11.0,0.6666666666666666,55.33333333333334,1,1
7.0,2,1,0,0,30.0,93.0,1.0,0.4666666666666667,79.33333333333333,1,0
2.0,0,0,0,0,358.0,95.0,20.0,0.1333333333333333,94.66666666666669,0,0
12.0,1,1,0,1,60.0,50.0,24.0,0.8,60.0,1,1
13.0,4,1,0,3,0.0,11.0,2.0,0.8666666666666667,45.33333333333333,1,1
12.0,2,1,0,0,60.0,103.0,22.0,0.8,66.0,1,1
13.0,2,1,0,1,30.0,22.0,22.0,0.8666666666666667,57.33333333333333,1,1
3.0,0,0,0,0,278.0,51.0,3.0,0.2,92.0,0,0
3.0,1,1,0,0,150.0,106.0,25.0,0.2,90.0,1,0
6.0,1,2,0,0,60.0,75.0,18.0,0.4,80.0,1,0
4.0,0,0,0,0,183.0,43.0,8.0,0.2666666666666666,89.33333333333333,0,0
6.0,0,0,0,0,236.0,120.0,14.0,0.4,84.0,0,0
3.0,0,0,0,0,182.0,94.0,17.0,0.2,92.0,0,0
7.0,0,0,0,0,243.0,87.0,5.0,0.4666666666666667,81.33333333333333,0,0
2.0,0,0,0,0,206.0,44.0,6.0,0.1333333333333333,94.66666666666669,0,0
4.0,2,1,0,1,30.0,121.0,24.0,0.2666666666666666,81.33333333333333,1,1
8.0,0,0,0,1,90.0,55.0,22.0,0.5333333333333333,72.66666666666667,1,1
10.0,2,1,0,2,0.0,21.0,19.0,0.6666666666666666,59.33333333333334,1,1
6.0,1,0,1,0,90.0,118.0,23.0,0.4,80.0,1,0
8.0,2,1,1,0,60.0,53.0,2.0,0.5333333333333333,72.66666666666667,1,1
3.0,1,1,0,0,150.0,31.0,3.0,0.2,90.0,1,0
0.0,1,1,0,0,150.0,39.0,24.0,0.0,98.0,1,0
5.0,1,1,0,0,30.0,103.0,13.0,0.3333333333333333,84.66666666666667,1,0
0.0,0,0,0,0,307.0,143.0,25.0,0.0,100.0,0,0
9.0,2,1,1,0,0.0,107.0,8.0,0.6,70.0,1,1
5.0,0,0,0,0,348.0,134.0,5.0,0.3333333333333333,86.66666666666667,0,0
3.0,1,0,0,0,243.0,90.0,19.0,0.2,92.0,0,0
4.0,2,2,0,0,0.0,96.0,1.0,0.2666666666666666,85.33333333333333,1,0
11.0,2,1,1,0,0.0,22.0,2.0,0.7333333333333333,64.66666666666667,1,1
12.0,3,0,1,1,30.0,44.0,8.0,0.8,58.0,1,1
3.0,0,0,0,0,190.0,93.0,8.0,0.2,92.0,0,0
9.0,1,0,2,0,0.0,108.0,18.0,0.6,68.0,1,1
7.0,0,1,0,0,150.0,44.0,15.0,0.4666666666666667,79.33333333333333,1,0
11.0,1,1,0,1,30.0,43.0,25.0,0.7333333333333333,62.66666666666667,1,1
7.0,0,0,0,0,302.0,128.0,21.0,0.4666666666666667,81.33333333333333,0,0
8.0,0,0,0,0,239.0,78.0,23.0,0.5333333333333333,78.66666666666667,0,0
8.0,1,0,1,0,150.0,35.0,1.0,0.5333333333333333,74.66666666666667,1,0
6.0,2,1,2,0,30.0,98.0,10.0,0.4,74.0,1,1
1.0,0,0,0,0,351.0,61.0,9.0,0.0666666666666666,97.33333333333331,0,0
1.0,1,0,0,0,277.0,79.0,1.0,0.0666666666666666,97.33333333333331,0,0
4.0,1,0,0,0,189.0,70.0,1.0,0.2666666666666666,89.33333333333333,0,0
0.0,0,0,0,0,275.0,126.0,8.0,0.0,100.0,0,0
11.0,2,0,1,0,0.0,108.0,8.0,0.7333333333333333,66.66666666666667,1,1
9.0,1,1,0,1,0.0,71.0,19.0,0.6,68.0,1,1
3.0,1,0,0,0,333.0,113.0,15.0,0.2,92.0,0,0
0.0,0,0,0,0,326.0,97.0,17.0,0.0,100.0,0,0
4.0,1,0,0,0,274.0,116.0,20.0,0.2666666666666666,89.33333333333333,0,0
4.0,0,0,0,0,340.0,60.0,18.0,0.2666666666666666,89.33333333333333,0,0
1.0,1,0,1,0,90.0,108.0,10.0,0.0666666666666666,93.33333333333331,1,0
8.0,0,0,0,0,300.0,116.0,9.0,0.5333333333333333,78.66666666666667,0,0
2.0,0,0,0,0,221.0,50.0,10.0,0.1333333333333333,94.66666666666669,0,0
9.0,2,1,0,0,60.0,34.0,11.0,0.6,74.0,1,0
1.0,0,0,0,0,278.0,116.0,12.0,0.0666666666666666,97.33333333333331,0,0
11.0,2,1,1,0,0.0,87.0,15.0,0.7333333333333333,64.66666666666667,1,1
1.0,2,1,0,0,90.0,53.0,8.0,0.0666666666666666,95.33333333333331,1,0
2.0,0,0,0,0,206.0,51.0,21.0,0.1333333333333333,94.66666666666669,0,0
2.0,0,0,0,0,267.0,80.0,3.0,0.1333333333333333,94.66666666666669,0,0
3.0,0,0,0,0,224.0,101.0,7.0,0.2,92.0,0,0
7.0,0,0,0,0,243.0,88.0,24.0,0.4666666666666667,81.33333333333333,0,0
13.0,3,0,3,1,30.0,90.0,16.0,0.8666666666666667,47.33333333333333,1,1
6.0,2,0,1,0,120.0,110.0,20.0,0.4,80.0,1,0
7.0,2,2,1,0,30.0,84.0,18.0,0.4666666666666667,73.33333333333333,1,1
7.0,2,0,1,1,90.0,33.0,20.0,0.4666666666666667,71.33333333333333,1,1
4.0,0,0,0,0,187.0,87.0,25.0,0.2666666666666666,89.33333333333333,0,0
0.0,0,0,0,0,241.0,109.0,3.0,0.0,100.0,0,0
2.0,1,1,0,0,30.0,89.0,8.0,0.1333333333333333,92.66666666666669,1,0
9.0,4,2,0,2,0.0,10.0,6.0,0.6,60.0,1,1
1.0,0,0,0,0,353.0,53.0,21.0,0.0666666666666666,97.33333333333331,0,0
11.0,4,0,1,3,0.0,44.0,20.0,0.7333333333333333,48.66666666666667,1,1
4.0,1,0,0,0,224.0,96.0,5.0,0.2666666666666666,89.33333333333333,0,0
3.0,1,0,0,0,320.0,71.0,8.0,0.2,92.0,0,0
6.0,1,1,0,0,60.0,48.0,21.0,0.4,82.0,1,1
1.0,0,0,0,0,184.0,47.0,19.0,0.0666666666666666,97.33333333333331,0,0
2.0,0,0,0,0,236.0,126.0,15.0,0.1333333333333333,94.66666666666669,0,0
8.0,0,0,0,0,274.0,71.0,23.0,0.5333333333333333,78.66666666666667,0,0
12.0,2,0,0,1,120.0,70.0,4.0,0.8,62.0,1,1
7.0,0,0,0,0,330.0,123.0,20.0,0.4666666666666667,81.33333333333333,0,0
3.0,1,0,0,0,332.0,59.0,24.0,0.2,92.0,0,0
9.0,0,1,0,0,120.0,54.0,23.0,0.6,74.0,1,0
7.0,3,1,2,0,0.0,90.0,4.0,0.4666666666666667,71.33333333333333,1,1
2.0,1,0,0,0,346.0,75.0,4.0,0.1333333333333333,94.66666666666669,0,0
0.0,1,1,0,0,150.0,57.0,8.0,0.0,98.0,1,0
6.0,1,0,2,0,60.0,42.0,19.0,0.4,76.0,1,1
3.0,0,0,0,0,216.0,105.0,8.0,0.2,92.0,0,0
8.0,0,0,0,0,280.0,133.0,11.0,0.5333333333333333,78.66666666666667,0,0
5.0,1,0,0,0,218.0,43.0,9.0,0.3333333333333333,86.66666666666667,0,0
2.0,2,1,0,0,90.0,63.0,14.0,0.1333333333333333,92.66666666666669,1,0
10.0,4,1,0,2,60.0,38.0,10.0,0.6666666666666666,59.33333333333334,1,1
11.0,3,0,0,2,30.0,77.0,16.0,0.7333333333333333,58.66666666666667,1,1
0.0,1,1,0,0,90.0,58.0,14.0,0.0,98.0,1,0
1.0,1,0,0,0,274.0,88.0,14.0,0.0666666666666666,97.33333333333331,0,0
0.0,0,0,0,0,344.0,91.0,15.0,0.0,100.0,0,0
3.0,1,1,0,0,30.0,47.0,1.0,0.2,90.0,1,0
1.0,1,0,0,0,280.0,130.0,18.0,0.0666666666666666,97.33333333333331,0,0
12.0,4,1,2,1,0.0,57.0,6.0,0.8,52.0,1,1
3.0,1,1,0,0,60.0,88.0,21.0,0.2,90.0,1,0
14.0,6,2,2,1,0.0,20.0,19.0,0.9333333333333332,44.66666666666666,1,1
2.0,0,0,0,0,279.0,133.0,22.0,0.1333333333333333,94.66666666666669,0,0
0.0,0,0,0,0,355.0,66.0,4.0,0.0,100.0,0,0
0.0,1,0,0,0,232.0,65.0,10.0,0.0,100.0,0,0
1.0,0,0,0,0,221.0,90.0,7.0,0.0666666666666666,97.33333333333331,0,0
9.0,3,1,0,1,0.0,46.0,8.0,0.6,68.0,1,1
6.0,1,0,0,1,150.0,110.0,5.0,0.4,78.0,1,0
4.0,1,1,0,0,0.0,101.0,17.0,0.2666666666666666,87.33333333333333,1,0
7.0,3,0,3,0,0.0,94.0,19.0,0.4666666666666667,69.33333333333333,1,1
2.0,0,0,0,0,261.0,122.0,25.0,0.1333333333333333,94.66666666666669,0,0
10.0,3,0,1,2,30.0,61.0,18.0,0.6666666666666666,57.33333333333334,1,1
0.0,0,0,0,0,317.0,78.0,1.0,0.0,100.0,0,0
0.0,0,0,0,0,215.0,75.0,20.0,0.0,100.0,0,0
4.0,0,0,0,0,315.0,117.0,8.0,0.2666666666666666,89.33333333333333,0,0
1.0,1,0,0,0,301.0,67.0,2.0,0.0666666666666666,97.33333333333331,0,0
0.0,1,1,0,0,90.0,87.0,24.0,0.0,98.0,1,0
5.0,1,1,0,0,60.0,105.0,21.0,0.3333333333333333,84.66666666666667,1,0
1.0,1,0,0,0,309.0,74.0,14.0,0.0666666666666666,97.33333333333331,0,0
5.0,1,0,0,1,60.0,113.0,10.0,0.3333333333333333,80.66666666666667,1,1
1.0,0,0,0,0,255.0,50.0,11.0,0.0666666666666666,97.33333333333331,0,0
1.0,0,0,0,0,283.0,108.0,13.0,0.0666666666666666,97.33333333333331,0,0
9.0,1,0,1,0,0.0,49.0,20.0,0.6,72.0,1,0
2.0,1,0,0,0,351.0,117.0,24.0,0.1333333333333333,94.66666666666669,0,0
3.0,1,0,0,0,207.0,77.0,13.0,0.2,92.0,0,0
8.0,0,0,0,0,259.0,46.0,21.0,0.5333333333333333,78.66666666666667,0,0
6.0,1,0,1,0,30.0,70.0,22.0,0.4,80.0,1,0
8.0,2,1,1,0,30.0,47.0,19.0,0.5333333333333333,72.66666666666667,1,1
1.0,0,0,0,0,237.0,55.0,10.0,0.0666666666666666,97.33333333333331,0,0
7.0,0,0,0,0,286.0,90.0,21.0,0.4666666666666667,81.33333333333333,0,0
3.0,0,0,0,0,285.0,99.0,25.0,0.2,92.0,0,0
2.0,1,0,0,0,208.0,112.0,19.0,0.1333333333333333,94.66666666666669,0,0
5.0,1,1,0,0,120.0,102.0,1.0,0.3333333333333333,84.66666666666667,1,0
11.0,3,0,1,1,0.0,30.0,24.0,0.7333333333333333,60.66666666666667,1,1
6.0,0,0,0,0,311.0,125.0,15.0,0.4,84.0,0,0
6.0,2,2,0,0,0.0,71.0,8.0,0.4,80.0,1,0
3.0,0,0,0,0,257.0,45.0,19.0,0.2,92.0,0,0
3.0,0,0,0,0,277.0,81.0,14.0,0.2,92.0,0,0
3.0,0,0,0,0,333.0,116.0,1.0,0.2,92.0,0,0
4.0,1,0,0,0,267.0,130.0,4.0,0.2666666666666666,89.33333333333333,0,0
3.0,1,0,0,0,207.0,118.0,11.0,0.2,92.0,0,0
11.0,3,1,1,0,30.0,25.0,5.0,0.7333333333333333,64.66666666666667,1,1
1.0,1,0,1,0,90.0,52.0,4.0,0.0666666666666666,93.33333333333331,1,0
4.0,0,1,0,0,60.0,89.0,24.0,0.2666666666666666,87.33333333333333,1,0
6.0,1,1,0,0,90.0,41.0,1.0,0.4,82.0,1,0
3.0,0,0,0,0,187.0,121.0,16.0,0.2,92.0,0,0
10.0,4,0,1,3,0.0,78.0,1.0,0.6666666666666666,51.33333333333334,1,1
10.0,3,2,1,0,0.0,51.0,22.0,0.6666666666666666,65.33333333333334,1,1
2.0,0,0,0,0,222.0,119.0,2.0,0.1333333333333333,94.66666666666669,0,0
12.0,0,0,0,0,236.0,109.0,19.0,0.8,68.0,0,0
0.0,0,0,0,0,316.0,97.0,14.0,0.0,100.0,0,0
5.0,0,0,0,0,359.0,131.0,9.0,0.3333333333333333,86.66666666666667,0,0
5.0,0,0,0,0,331.0,77.0,10.0,0.3333333333333333,86.66666666666667,0,0
4.0,1,0,0,0,351.0,135.0,18.0,0.2666666666666666,89.33333333333333,0,0
0.0,0,0,0,0,271.0,52.0,22.0,0.0,100.0,0,0
0.0,2,1,0,0,120.0,106.0,19.0,0.0,98.0,1,0
11.0,3,1,3,0,0.0,55.0,9.0,0.7333333333333333,56.66666666666667,1,1
0.0,2,1,0,0,90.0,70.0,13.0,0.0,98.0,1,0
4.0,2,1,0,0,150.0,113.0,13.0,0.2666666666666666,87.33333333333333,1,0
8.0,0,1,0,0,120.0,74.0,5.0,0.5333333333333333,76.66666666666667,1,0
6.0,4,2,2,0,0.0,10.0,6.0,0.4,72.0,1,1
3.0,1,0,0,0,323.0,65.0,20.0,0.2,92.0,0,0
0.0,1,0,0,0,185.0,101.0,4.0,0.0,100.0,0,0
4.0,0,1,0,0,150.0,84.0,19.0,0.2666666666666666,87.33333333333333,1,0
2.0,0,0,0,0,295.0,136.0,5.0,0.1333333333333333,94.66666666666669,0,0
3.0,2,1,0,0,60.0,69.0,18.0,0.2,90.0,1,0
7.0,1,1,0,0,60.0,34.0,10.0,0.4666666666666667,79.33333333333333,1,0
12.0,3,1,0,2,0.0,42.0,1.0,0.8,54.0,1,1
5.0,1,1,1,0,0.0,77.0,9.0,0.3333333333333333,80.66666666666667,1,0
5.0,1,0,0,0,293.0,76.0,18.0,0.3333333333333333,86.66666666666667,0,0
8.0,1,0,0,1,60.0,87.0,24.0,0.5333333333333333,72.66666666666667,1,1
4.0,0,1,0,0,60.0,105.0,24.0,0.2666666666666666,87.33333333333333,1,0
8.0,2,2,0,1,0.0,34.0,15.0,0.5333333333333333,68.66666666666667,1,1
1.0,0,0,0,0,311.0,71.0,13.0,0.0666666666666666,97.33333333333331,0,1
9.0,3,1,1,0,30.0,94.0,25.0,0.6,70.0,1,1
2.0,0,1,0,0,150.0,43.0,1.0,0.1333333333333333,92.66666666666669,1,0
2.0,0,1,0,0,0.0,104.0,7.0,0.1333333333333333,92.66666666666669,1,0
5.0,3,0,2,0,60.0,22.0,23.0,0.3333333333333333,78.66666666666667,1,0
7.0,2,0,2,0,0.0,50.0,13.0,0.4666666666666667,73.33333333333333,1,0
3.0,0,0,0,0,224.0,92.0,6.0,0.2,92.0,0,0
2.0,0,0,0,0,339.0,143.0,23.0,0.1333333333333333,94.66666666666669,0,0
1.0,0,0,0,0,337.0,128.0,21.0,0.0666666666666666,97.33333333333331,0,0
0.0,2,1,0,0,30.0,81.0,16.0,0.0,98.0,1,0
3.0,0,0,1,0,90.0,36.0,12.0,0.2,88.0,1,0
12.0,2,0,2,1,0.0,16.0,19.0,0.8,54.0,1,1
9.0,1,1,1,0,30.0,22.0,6.0,0.6,70.0,1,1
5.0,3,2,0,0,30.0,102.0,7.0,0.3333333333333333,82.66666666666667,1,0
0.0,1,0,1,0,30.0,43.0,3.0,0.0,96.0,1,0
3.0,1,0,0,0,214.0,128.0,20.0,0.2,92.0,0,0
3.0,0,1,0,0,90.0,32.0,15.0,0.2,90.0,1,0
11.0,5,1,2,2,0.0,18.0,13.0,0.7333333333333333,48.66666666666667,1,1
0.0,1,0,0,0,268.0,126.0,1.0,0.0,100.0,0,0
4.0,0,1,0,0,120.0,47.0,12.0,0.2666666666666666,87.33333333333333,1,0
9.0,1,1,0,0,90.0,65.0,5.0,0.6,74.0,1,0
0.0,0,1,0,0,120.0,83.0,12.0,0.0,98.0,1,0
12.0,2,0,1,0,90.0,101.0,17.0,0.8,64.0,1,1
5.0,0,1,0,0,150.0,83.0,15.0,0.3333333333333333,84.66666666666667,1,0
0.0,0,0,0,0,243.0,58.0,8.0,0.0,100.0,0,0
5.0,0,0,0,0,272.0,63.0,7.0,0.3333333333333333,86.66666666666667,0,0
0.0,1,0,0,0,241.0,92.0,4.0,0.0,100.0,0,0
6.0,4,0,3,1,0.0,19.0,11.0,0.4,66.0,1,1
4.0,1,0,0,0,201.0,77.0,16.0,0.2666666666666666,89.33333333333333,0,0
9.0,2,0,2,0,90.0,59.0,23.0,0.6,68.0,1,1
12.0,2,0,2,0,30.0,85.0,8.0,0.8,60.0,1,1
6.0,2,1,0,1,60.0,25.0,8.0,0.4,76.0,1,0
8.0,1,0,0,0,193.0,105.0,8.0,0.5333333333333333,78.66666666666667,0,0
1.0,0,0,0,0,300.0,113.0,2.0,0.0666666666666666,97.33333333333331,0,0
0.0,0,0,0,0,238.0,113.0,4.0,0.0,100.0,0,0
12.0,4,3,0,1,30.0,48.0,12.0,0.8,56.0,1,1
3.0,2,0,1,0,90.0,98.0,19.0,0.2,88.0,1,0
3.0,2,0,2,0,0.0,81.0,10.0,0.2,84.0,1,1
4.0,0,1,0,0,90.0,123.0,9.0,0.2666666666666666,87.33333333333333,1,0
0.0,1,0,0,0,269.0,110.0,19.0,0.0,100.0,0,0
1.0,0,0,0,0,210.0,71.0,6.0,0.0666666666666666,97.33333333333331,0,0
3.0,0,0,0,0,258.0,92.0,20.0,0.2,92.0,0,0
14.0,2,1,0,2,60.0,48.0,22.0,0.9333333333333332,48.66666666666666,1,1
3.0,0,0,0,0,335.0,129.0,6.0,0.2,92.0,0,0
7.0,1,0,1,0,60.0,109.0,12.0,0.4666666666666667,77.33333333333333,1,0
4.0,4,2,1,0,0.0,81.0,24.0,0.2666666666666666,81.33333333333333,1,1
3.0,1,0,0,0,301.0,133.0,25.0,0.2,92.0,0,0
3.0,1,1,0,0,90.0,54.0,20.0,0.2,90.0,1,0
4.0,0,0,0,0,184.0,82.0,4.0,0.2666666666666666,89.33333333333333,0,0
1.0,0,0,0,0,329.0,71.0,19.0,0.0666666666666666,97.33333333333331,0,0
14.0,4,1,0,3,30.0,63.0,4.0,0.9333333333333332,42.66666666666666,1,1
5.0,0,0,1,0,120.0,111.0,13.0,0.3333333333333333,82.66666666666667,1,0
13.0,1,0,1,1,0.0,50.0,11.0,0.8666666666666667,55.33333333333333,1,1
3.0,1,1,0,0,0.0,96.0,8.0,0.2,90.0,1,0
1.0,0,0,0,0,197.0,76.0,3.0,0.0666666666666666,97.33333333333331,0,0
6.0,0,0,0,0,213.0,111.0,21.0,0.4,84.0,0,0
0.0,1,0,0,0,181.0,125.0,19.0,0.0,100.0,0,0
7.0,2,1,1,1,30.0,80.0,13.0,0.4666666666666667,69.33333333333333,1,1
6.0,2,1,0,0,120.0,42.0,6.0,0.4,82.0,1,0
4.0,0,0,0,0,275.0,72.0,6.0,0.2666666666666666,89.33333333333333,0,0
8.0,2,0,0,1,30.0,88.0,24.0,0.5333333333333333,72.66666666666667,1,1
12.0,1,0,0,1,0.0,68.0,22.0,0.8,62.0,1,1
3.0,1,1,0,0,30.0,88.0,9.0,0.2,90.0,1,0
1.0,0,0,0,0,184.0,119.0,1.0,0.0666666666666666,97.33333333333331,0,0
2.0,0,0,0,0,312.0,104.0,8.0,0.1333333333333333,94.66666666666669,0,0
1.0,0,0,0,0,333.0,95.0,4.0,0.0666666666666666,97.33333333333331,0,0
6.0,2,1,2,0,0.0,19.0,17.0,0.4,74.0,1,1
0.0,0,0,0,0,319.0,113.0,5.0,0.0,100.0,0,0
4.0,0,0,0,0,314.0,109.0,6.0,0.2666666666666666,89.33333333333333,0,0
2.0,0,0,0,0,290.0,118.0,21.0,0.1333333333333333,94.66666666666669,0,0
3.0,0,0,0,0,228.0,54.0,8.0,0.2,92.0,0,0
4.0,1,0,0,0,217.0,58.0,24.0,0.2666666666666666,89.33333333333333,0,0
2.0,1,1,0,0,90.0,37.0,17.0,0.1333333333333333,92.66666666666669,1,0
5.0,1,1,0,0,30.0,89.0,23.0,0.3333333333333333,84.66666666666667,1,0
3.0,0,0,0,0,222.0,65.0,2.0,0.2,92.0,0,0
6.0,1,1,0,0,120.0,56.0,12.0,0.4,82.0,1,0
3.0,0,0,0,0,357.0,125.0,9.0,0.2,92.0,0,0
3.0,1,0,0,0,242.0,104.0,19.0,0.2,92.0,0,0
8.0,0,0,0,0,271.0,100.0,4.0,0.5333333333333333,78.66666666666667,0,0
8.0,3,1,0,1,0.0,26.0,4.0,0.5333333333333333,70.66666666666667,1,1
4.0,2,1,0,0,60.0,90.0,15.0,0.2666666666666666,87.33333333333333,1,0
4.0,1,0,1,0,150.0,58.0,3.0,0.2666666666666666,85.33333333333333,1,0
2.0,0,0,0,0,313.0,80.0,4.0,0.1333333333333333,94.66666666666669,0,1
4.0,0,0,0,0,277.0,54.0,16.0,0.2666666666666666,89.33333333333333,0,0
8.0,1,1,0,1,120.0,89.0,4.0,0.5333333333333333,70.66666666666667,1,1
7.0,3,1,2,1,30.0,81.0,1.0,0.4666666666666667,65.33333333333333,1,1
0.0,0,0,0,0,238.0,122.0,14.0,0.0,100.0,0,0
6.0,0,0,0,1,60.0,114.0,4.0,0.4,78.0,1,1
11.0,1,0,1,0,120.0,48.0,9.0,0.7333333333333333,66.66666666666667,1,1
5.0,3,2,0,0,30.0,89.0,5.0,0.3333333333333333,82.66666666666667,1,0
4.0,2,0,2,0,30.0,60.0,6.0,0.2666666666666666,81.33333333333333,1,0
4.0,0,0,1,0,0.0,120.0,1.0,0.2666666666666666,85.33333333333333,1,0
5.0,1,0,1,0,150.0,53.0,24.0,0.3333333333333333,82.66666666666667,1,0
6.0,0,0,0,0,353.0,136.0,24.0,0.4,84.0,0,0
4.0,0,0,0,0,185.0,45.0,8.0,0.2666666666666666,89.33333333333333,0,0
3.0,0,0,0,0,237.0,49.0,14.0,0.2,92.0,0,0
13.0,4,0,0,4,30.0,16.0,2.0,0.8666666666666667,41.33333333333333,1,1
4.0,1,1,0,0,30.0,105.0,9.0,0.2666666666666666,87.33333333333333,1,0
4.0,0,0,0,0,286.0,128.0,6.0,0.2666666666666666,89.33333333333333,0,0
6.0,0,0,0,0,274.0,61.0,8.0,0.4,84.0,0,0
7.0,2,1,1,0,30.0,75.0,17.0,0.4666666666666667,75.33333333333333,1,1
8.0,0,0,0,0,307.0,122.0,3.0,0.5333333333333333,78.66666666666667,0,0
10.0,1,0,2,0,60.0,84.0,19.0,0.6666666666666666,65.33333333333334,1,1
11.0,5,2,0,3,0.0,82.0,25.0,0.7333333333333333,48.66666666666667,1,1
11.0,1,0,2,0,60.0,21.0,18.0,0.7333333333333333,62.66666666666667,1,1
12.0,3,0,1,1,30.0,47.0,1.0,0.8,58.0,1,1
5.0,0,0,0,0,287.0,81.0,20.0,0.3333333333333333,86.66666666666667,0,0
6.0,0,0,0,0,284.0,73.0,1.0,0.4,84.0,0,0
12.0,1,1,0,1,30.0,39.0,9.0,0.8,60.0,1,1
3.0,1,0,0,0,227.0,121.0,13.0,0.2,92.0,0,0
3.0,1,1,0,0,120.0,26.0,5.0,0.2,90.0,1,0
7.0,1,0,1,0,150.0,77.0,9.0,0.4666666666666667,77.33333333333333,1,0
0.0,0,0,0,0,254.0,88.0,11.0,0.0,100.0,0,0
1.0,0,0,0,0,323.0,122.0,19.0,0.0666666666666666,97.33333333333331,0,0
4.0,1,0,0,0,186.0,106.0,10.0,0.2666666666666666,89.33333333333333,0,0
4.0,1,1,0,0,150.0,59.0,12.0,0.2666666666666666,87.33333333333333,1,0
0.0,1,1,0,0,0.0,49.0,8.0,0.0,98.0,1,0
0.0,0,1,0,0,150.0,46.0,15.0,0.0,98.0,1,0
1.0,1,0,0,0,335.0,71.0,12.0,0.0666666666666666,97.33333333333331,0,0
10.0,0,1,0,0,30.0,58.0,23.0,0.6666666666666666,71.33333333333334,1,0
2.0,0,0,0,0,319.0,90.0,4.0,0.1333333333333333,94.66666666666669,0,0
7.0,2,1,0,0,60.0,118.0,23.0,0.4666666666666667,79.33333333333333,1,0
0.0,0,0,0,0,249.0,70.0,21.0,0.0,100.0,0,0
7.0,1,0,0,0,286.0,72.0,6.0,0.4666666666666667,81.33333333333333,0,0
4.0,3,1,1,0,0.0,77.0,25.0,0.2666666666666666,83.33333333333333,1,0
9.0,2,1,0,0,30.0,81.0,4.0,0.6,74.0,1,0
7.0,0,1,0,0,90.0,66.0,13.0,0.4666666666666667,79.33333333333333,1,0
9.0,3,2,0,0,90.0,56.0,19.0,0.6,72.0,1,1
3.0,1,1,0,0,150.0,70.0,9.0,0.2,90.0,1,0
1.0,2,1,0,0,150.0,99.0,19.0,0.0666666666666666,95.33333333333331,1,0
10.0,2,2,0,1,0.0,38.0,23.0,0.6666666666666666,63.33333333333334,1,1
2.0,0,0,0,0,244.0,133.0,14.0,0.1333333333333333,94.66666666666669,0,0
2.0,3,2,0,0,30.0,98.0,8.0,0.1333333333333333,90.66666666666669,1,0
12.0,0,0,0,0,236.0,115.0,16.0,0.8,68.0,0,0
10.0,2,1,0,1,0.0,46.0,21.0,0.6666666666666666,65.33333333333334,1,1
3.0,0,0,0,0,264.0,107.0,17.0,0.2,92.0,0,0
5.0,1,0,1,0,90.0,35.0,18.0,0.3333333333333333,82.66666666666667,1,0
5.0,1,0,1,0,60.0,69.0,7.0,0.3333333333333333,82.66666666666667,1,0
8.0,2,0,0,1,30.0,107.0,12.0,0.5333333333333333,72.66666666666667,1,1
3.0,0,0,0,0,217.0,131.0,24.0,0.2,92.0,0,0
0.0,0,0,0,0,323.0,135.0,6.0,0.0,100.0,0,0
10.0,5,2,0,3,0.0,19.0,9.0,0.6666666666666666,51.33333333333334,1,1
11.0,2,3,0,0,0.0,39.0,14.0,0.7333333333333333,64.66666666666667,1,1
1.0,0,0,0,0,188.0,60.0,7.0,0.0666666666666666,97.33333333333331,0,0
2.0,0,0,0,0,304.0,85.0,25.0,0.1333333333333333,94.66666666666669,0,0
6.0,3,1,1,0,0.0,84.0,5.0,0.4,78.0,1,0
3.0,1,0,0,0,275.0,110.0,5.0,0.2,92.0,0,0
3.0,1,0,0,0,334.0,109.0,3.0,0.2,92.0,0,0
1.0,1,1,0,0,150.0,36.0,13.0,0.0666666666666666,95.33333333333331,1,0
1.0,0,0,0,0,210.0,104.0,18.0,0.0666666666666666,97.33333333333331,0,1
7.0,1,0,0,0,236.0,122.0,15.0,0.4666666666666667,81.33333333333333,0,0
5.0,1,1,0,0,150.0,80.0,16.0,0.3333333333333333,84.66666666666667,1,0
14.0,3,0,3,0,60.0,68.0,4.0,0.9333333333333332,50.66666666666666,1,1
4.0,2,2,0,0,30.0,73.0,3.0,0.2666666666666666,85.33333333333333,1,1
0.0,1,1,0,0,90.0,86.0,23.0,0.0,98.0,1,0
12.0,0,0,0,1,30.0,42.0,10.0,0.8,62.0,1,1
14.0,2,0,1,2,0.0,111.0,3.0,0.9333333333333332,46.66666666666666,1,1
12.0,2,1,1,0,0.0,74.0,20.0,0.8,62.0,1,1
6.0,1,0,0,1,150.0,50.0,25.0,0.4,78.0,1,1
4.0,0,0,1,0,60.0,100.0,5.0,0.2666666666666666,85.33333333333333,1,0
8.0,3,1,0,2,0.0,17.0,3.0,0.5333333333333333,64.66666666666667,1,1
10.0,4,2,2,0,30.0,65.0,25.0,0.6666666666666666,61.33333333333334,1,1
3.0,0,0,0,0,203.0,91.0,7.0,0.2,92.0,0,0
8.0,3,1,1,2,0.0,53.0,25.0,0.5333333333333333,60.66666666666667,1,1
1.0,0,0,0,0,350.0,134.0,3.0,0.0666666666666666,97.33333333333331,0,0
11.0,4,1,1,1,90.0,24.0,14.0,0.7333333333333333,58.66666666666667,1,1
0.0,0,0,0,0,321.0,113.0,19.0,0.0,100.0,0,1
0.0,0,0,0,0,341.0,65.0,12.0,0.0,100.0,0,0
5.0,2,1,1,0,90.0,48.0,5.0,0.3333333333333333,80.66666666666667,1,0
11.0,0,0,0,0,305.0,74.0,13.0,0.7333333333333333,70.66666666666667,0,0
3.0,0,0,0,0,359.0,74.0,25.0,0.2,92.0,0,0
3.0,0,0,0,0,245.0,136.0,22.0,0.2,92.0,0,0
4.0,2,1,0,0,120.0,29.0,7.0,0.2666666666666666,87.33333333333333,1,0
3.0,0,0,0,0,219.0,102.0,19.0,0.2,92.0,0,0
0.0,1,1,0,0,150.0,97.0,3.0,0.0,98.0,1,0
3.0,1,1,0,1,60.0,110.0,12.0,0.2,84.0,1,1
7.0,3,1,2,0,30.0,37.0,25.0,0.4666666666666667,71.33333333333333,1,1
11.0,2,0,0,1,150.0,73.0,8.0,0.7333333333333333,64.66666666666667,1,1
12.0,5,1,2,1,0.0,59.0,18.0,0.8,52.0,1,1
4.0,1,0,0,0,264.0,117.0,20.0,0.2666666666666666,89.33333333333333,0,0
5.0,0,0,0,0,277.0,104.0,18.0,0.3333333333333333,86.66666666666667,0,0
14.0,4,1,0,2,0.0,25.0,5.0,0.9333333333333332,48.66666666666666,1,1
2.0,1,0,0,0,213.0,73.0,7.0,0.1333333333333333,94.66666666666669,0,0
3.0,0,0,0,0,188.0,115.0,16.0,0.2,92.0,0,0
3.0,2,1,0,0,90.0,59.0,10.0,0.2,90.0,1,0
8.0,2,1,0,0,120.0,102.0,25.0,0.5333333333333333,76.66666666666667,1,0
4.0,1,0,0,1,90.0,79.0,11.0,0.2666666666666666,83.33333333333333,1,0
3.0,0,0,0,0,274.0,57.0,11.0,0.2,92.0,0,0
8.0,1,1,0,0,60.0,39.0,12.0,0.5333333333333333,76.66666666666667,1,0
3.0,1,0,0,0,347.0,139.0,12.0,0.2,92.0,0,0
13.0,4,0,1,3,30.0,17.0,10.0,0.8666666666666667,43.33333333333333,1,1
11.0,4,1,0,2,90.0,84.0,6.0,0.7333333333333333,56.66666666666667,1,1
0.0,0,0,0,0,304.0,132.0,18.0,0.0,100.0,0,0
7.0,5,2,1,1,0.0,46.0,2.0,0.4666666666666667,67.33333333333333,1,1
0.0,0,0,0,0,311.0,74.0,22.0,0.0,100.0,0,0
14.0,4,0,2,2,0.0,26.0,10.0,0.9333333333333332,42.66666666666666,1,1
1.0,0,0,0,0,213.0,122.0,20.0,0.0666666666666666,97.33333333333331,0,0
3.0,1,1,0,0,150.0,31.0,13.0,0.2,90.0,1,0
8.0,0,0,0,0,248.0,50.0,13.0,0.5333333333333333,78.66666666666667,0,0
4.0,2,0,1,0,30.0,78.0,22.0,0.2666666666666666,85.33333333333333,1,0
2.0,0,0,0,0,328.0,123.0,24.0,0.1333333333333333,94.66666666666669,0,0
4.0,0,0,0,0,219.0,134.0,7.0,0.2666666666666666,89.33333333333333,0,0
1.0,3,2,1,0,30.0,69.0,2.0,0.0666666666666666,89.33333333333333,1,0
3.0,0,0,0,0,321.0,127.0,4.0,0.2,92.0,0,0
4.0,0,0,0,0,223.0,95.0,6.0,0.2666666666666666,89.33333333333333,0,0
4.0,0,0,0,0,265.0,95.0,4.0,0.2666666666666666,89.33333333333333,0,0
9.0,3,1,2,1,0.0,19.0,9.0,0.6,60.0,1,1
3.0,0,0,0,0,245.0,123.0,25.0,0.2,92.0,0,0
8.0,1,1,1,0,0.0,92.0,8.0,0.5333333333333333,72.66666666666667,1,1
0.0,0,0,0,0,269.0,64.0,3.0,0.0,100.0,0,1
10.0,4,1,0,2,0.0,27.0,23.0,0.6666666666666666,59.33333333333334,1,1
7.0,0,0,0,0,243.0,49.0,11.0,0.4666666666666667,81.33333333333333,0,0
3.0,0,0,0,0,222.0,47.0,23.0,0.2,92.0,0,0
9.0,1,0,1,0,150.0,54.0,22.0,0.6,72.0,1,1
1.0,0,0,0,0,197.0,75.0,8.0,0.0666666666666666,97.33333333333331,0,0
2.0,2,1,1,0,90.0,40.0,4.0,0.1333333333333333,88.66666666666667,1,0
7.0,0,0,0,0,193.0,54.0,24.0,0.4666666666666667,81.33333333333333,0,0
2.0,1,1,0,0,0.0,100.0,13.0,0.1333333333333333,92.66666666666669,1,0
6.0,0,0,0,0,299.0,75.0,19.0,0.4,84.0,0,0
3.0,0,0,0,0,242.0,88.0,10.0,0.2,92.0,0,0
10.0,1,2,0,0,60.0,52.0,7.0,0.6666666666666666,69.33333333333334,1,1
6.0,1,1,0,0,150.0,99.0,17.0,0.4,82.0,1,0
3.0,0,0,0,0,251.0,105.0,21.0,0.2,92.0,0,0
1.0,1,0,0,1,0.0,110.0,12.0,0.0666666666666666,91.33333333333331,1,0
0.0,0,0,0,0,358.0,99.0,17.0,0.0,100.0,0,0
2.0,0,0,0,0,359.0,127.0,19.0,0.1333333333333333,94.66666666666669,0,0
4.0,1,2,0,0,0.0,49.0,4.0,0.2666666666666666,85.33333333333333,1,0
4.0,0,0,0,0,327.0,62.0,10.0,0.2666666666666666,89.33333333333333,0,0
0.0,1,1,0,0,120.0,54.0,4.0,0.0,98.0,1,0
4.0,0,0,0,0,335.0,102.0,12.0,0.2666666666666666,89.33333333333333,0,0
2.0,1,0,1,0,30.0,28.0,3.0,0.1333333333333333,90.66666666666669,1,0
4.0,2,1,1,0,60.0,95.0,1.0,0.2666666666666666,83.33333333333333,1,0
2.0,0,0,0,0,326.0,53.0,22.0,0.1333333333333333,94.66666666666669,0,0
0.0,1,1,0,0,150.0,61.0,22.0,0.0,98.0,1,0
3.0,0,0,0,0,213.0,78.0,1.0,0.2,92.0,0,0
2.0,1,1,0,0,0.0,117.0,5.0,0.1333333333333333,92.66666666666669,1,0
6.0,5,1,3,0,0.0,96.0,17.0,0.4,70.0,1,1
3.0,1,1,0,0,0.0,120.0,21.0,0.2,90.0,1,0
7.0,2,1,0,0,90.0,109.0,25.0,0.4666666666666667,79.33333333333333,1,0
0.0,2,1,0,0,90.0,58.0,24.0,0.0,98.0,1,0
10.0,4,0,2,2,30.0,39.0,10.0,0.6666666666666666,53.33333333333334,1,1
7.0,2,2,0,0,0.0,27.0,6.0,0.4666666666666667,77.33333333333333,1,0
4.0,0,0,0,0,188.0,107.0,1.0,0.2666666666666666,89.33333333333333,0,0
2.0,0,0,0,0,192.0,87.0,24.0,0.1333333333333333,94.66666666666669,0,0
7.0,0,0,0,1,90.0,110.0,6.0,0.4666666666666667,75.33333333333333,1,1
9.0,2,0,1,1,30.0,95.0,25.0,0.6,66.0,1,1
2.0,0,0,0,0,205.0,120.0,25.0,0.1333333333333333,94.66666666666669,0,0
6.0,2,1,0,0,90.0,58.0,3.0,0.4,82.0,1,0
2.0,1,0,0,0,192.0,98.0,6.0,0.1333333333333333,94.66666666666669,0,0
7.0,0,0,0,0,337.0,62.0,12.0,0.4666666666666667,81.33333333333333,0,0
0.0,0,0,0,0,261.0,109.0,1.0,0.0,100.0,0,0
0.0,0,0,0,0,240.0,81.0,2.0,0.0,100.0,0,0
0.0,1,1,0,0,30.0,53.0,8.0,0.0,98.0,1,0
6.0,4,1,2,0,0.0,83.0,4.0,0.4,74.0,1,1
2.0,0,0,0,0,286.0,107.0,22.0,0.1333333333333333,94.66666666666669,0,0
12.0,3,1,3,0,0.0,38.0,15.0,0.8,54.0,1,1
7.0,2,2,1,0,0.0,36.0,12.0,0.4666666666666667,73.33333333333333,1,1
3.0,0,0,0,0,198.0,60.0,22.0,0.2,92.0,0,0
2.0,0,0,0,0,203.0,85.0,25.0,0.1333333333333333,94.66666666666669,0,0
1.0,1,0,0,0,258.0,64.0,16.0,0.0666666666666666,97.33333333333331,0,0
2.0,0,0,0,0,329.0,99.0,5.0,0.1333333333333333,94.66666666666669,0,0
10.0,0,0,0,0,279.0,70.0,3.0,0.6666666666666666,73.33333333333334,0,0
10.0,4,0,1,2,0.0,66.0,3.0,0.6666666666666666,57.33333333333334,1,1
10.0,3,2,1,0,0.0,68.0,1.0,0.6666666666666666,65.33333333333334,1,1
8.0,0,0,1,0,120.0,32.0,2.0,0.5333333333333333,74.66666666666667,1,0
0.0,0,0,0,0,265.0,89.0,20.0,0.0,100.0,0,0
10.0,3,0,1,2,0.0,25.0,5.0,0.6666666666666666,57.33333333333334,1,1
3.0,0,0,0,0,350.0,111.0,7.0,0.2,92.0,0,0
8.0,1,1,0,1,30.0,65.0,24.0,0.5333333333333333,70.66666666666667,1,1
3.0,0,0,0,0,354.0,72.0,7.0,0.2,92.0,0,0
4.0,0,0,0,0,239.0,120.0,14.0,0.2666666666666666,89.33333333333333,0,0
10.0,3,1,1,1,0.0,64.0,21.0,0.6666666666666666,61.33333333333334,1,1
1.0,1,1,0,0,150.0,49.0,24.0,0.0666666666666666,95.33333333333331,1,0
0.0,0,0,0,0,343.0,73.0,9.0,0.0,100.0,0,0
10.0,0,0,0,1,120.0,98.0,25.0,0.6666666666666666,67.33333333333334,1,1
8.0,0,0,1,0,90.0,102.0,5.0,0.5333333333333333,74.66666666666667,1,0
6.0,2,1,0,1,30.0,65.0,15.0,0.4,76.0,1,1
7.0,1,0,0,0,292.0,87.0,12.0,0.4666666666666667,81.33333333333333,0,0
7.0,3,1,3,0,0.0,11.0,21.0,0.4666666666666667,67.33333333333333,1,1
2.0,0,0,0,0,285.0,102.0,2.0,0.1333333333333333,94.66666666666669,0,0
2.0,0,0,0,0,287.0,83.0,15.0,0.1333333333333333,94.66666666666669,0,0
9.0,2,0,0,1,120.0,119.0,6.0,0.6,70.0,1,1
5.0,1,0,0,0,213.0,113.0,1.0,0.3333333333333333,86.66666666666667,0,0
4.0,0,0,0,0,271.0,100.0,9.0,0.2666666666666666,89.33333333333333,0,0
1.0,0,0,0,0,243.0,72.0,24.0,0.0666666666666666,97.33333333333331,0,1
2.0,0,0,0,0,235.0,69.0,2.0,0.1333333333333333,94.66666666666669,0,0
4.0,1,1,0,0,120.0,28.0,14.0,0.2666666666666666,87.33333333333333,1,0
12.0,2,1,0,1,0.0,53.0,12.0,0.8,60.0,1,1
2.0,1,1,0,0,150.0,40.0,10.0,0.1333333333333333,92.66666666666669,1,0
11.0,4,0,0,3,60.0,87.0,18.0,0.7333333333333333,52.66666666666667,1,1
8.0,0,1,0,0,30.0,39.0,18.0,0.5333333333333333,76.66666666666667,1,0
4.0,0,0,0,0,190.0,115.0,4.0,0.2666666666666666,89.33333333333333,0,0
2.0,0,0,0,0,319.0,73.0,5.0,0.1333333333333333,94.66666666666669,0,0
7.0,4,1,1,1,30.0,59.0,15.0,0.4666666666666667,69.33333333333333,1,1
14.0,3,1,2,1,30.0,64.0,23.0,0.9333333333333332,46.66666666666666,1,1
6.0,0,0,0,0,331.0,131.0,8.0,0.4,84.0,0,0
1.0,0,0,0,0,323.0,117.0,10.0,0.0666666666666666,97.33333333333331,0,0
5.0,0,0,0,0,315.0,139.0,15.0,0.3333333333333333,86.66666666666667,0,0
7.0,0,1,0,0,120.0,68.0,10.0,0.4666666666666667,79.33333333333333,1,0
0.0,0,0,1,0,30.0,117.0,3.0,0.0,96.0,1,1
6.0,2,0,1,0,0.0,90.0,3.0,0.4,80.0,1,0
3.0,0,0,0,0,260.0,125.0,5.0,0.2,92.0,0,0
10.0,5,0,0,4,30.0,86.0,9.0,0.6666666666666666,49.33333333333334,1,1
1.0,1,1,0,0,90.0,36.0,22.0,0.0666666666666666,95.33333333333331,1,0
9.0,1,0,1,0,30.0,34.0,18.0,0.6,72.0,1,1
14.0,2,1,0,1,90.0,52.0,14.0,0.9333333333333332,54.66666666666666,1,1
1.0,0,0,0,0,221.0,48.0,12.0,0.0666666666666666,97.33333333333331,0,0
4.0,1,0,0,0,183.0,92.0,25.0,0.2666666666666666,89.33333333333333,0,0
4.0,0,0,1,0,90.0,48.0,11.0,0.2666666666666666,85.33333333333333,1,0
5.0,2,1,0,0,120.0,33.0,1.0,0.3333333333333333,84.66666666666667,1,0
2.0,0,1,0,0,0.0,112.0,8.0,0.1333333333333333,92.66666666666669,1,0
2.0,2,1,0,0,30.0,46.0,11.0,0.1333333333333333,92.66666666666669,1,0
1.0,0,0,0,0,329.0,88.0,13.0,0.0666666666666666,97.33333333333331,0,0
7.0,1,1,0,0,90.0,110.0,19.0,0.4666666666666667,79.33333333333333,1,0
4.0,1,0,0,0,351.0,135.0,8.0,0.2666666666666666,89.33333333333333,0,0
3.0,0,0,0,0,340.0,113.0,22.0,0.2,92.0,0,0
12.0,2,0,0,1,0.0,94.0,9.0,0.8,62.0,1,1
8.0,0,1,0,0,0.0,88.0,2.0,0.5333333333333333,76.66666666666667,1,0
3.0,0,0,0,0,274.0,98.0,9.0,0.2,92.0,0,1
0.0,0,1,0,0,120.0,59.0,12.0,0.0,98.0,1,0
5.0,1,0,0,0,354.0,73.0,12.0,0.3333333333333333,86.66666666666667,0,0
7.0,2,0,1,0,150.0,83.0,2.0,0.4666666666666667,77.33333333333333,1,0
0.0,0,0,0,0,271.0,67.0,25.0,0.0,100.0,0,0
4.0,1,0,0,0,198.0,65.0,2.0,0.2666666666666666,89.33333333333333,0,0
4.0,0,0,0,0,283.0,124.0,4.0,0.2666666666666666,89.33333333333333,0,0
3.0,2,1,0,0,60.0,110.0,4.0,0.2,90.0,1,0
6.0,0,0,0,0,239.0,65.0,9.0,0.4,84.0,0,0
0.0,3,1,1,0,30.0,27.0,11.0,0.0,94.0,1,0
3.0,0,0,0,0,310.0,79.0,11.0,0.2,92.0,0,0
4.0,1,0,0,0,262.0,89.0,6.0,0.2666666666666666,89.33333333333333,0,0
10.0,1,1,1,0,60.0,91.0,3.0,0.6666666666666666,67.33333333333334,1,1
0.0,0,0,0,0,354.0,129.0,11.0,0.0,100.0,0,0
7.0,2,1,0,0,0.0,44.0,19.0,0.4666666666666667,79.33333333333333,1,0
3.0,1,1,0,0,90.0,53.0,4.0,0.2,90.0,1,0
7.0,2,1,0,0,30.0,112.0,5.0,0.4666666666666667,79.33333333333333,1,0
4.0,0,0,0,0,346.0,105.0,25.0,0.2666666666666666,89.33333333333333,0,0
6.0,5,1,3,1,0.0,86.0,19.0,0.4,64.0,1,1
14.0,3,0,0,3,30.0,70.0,21.0,0.9333333333333332,44.66666666666666,1,1
1.0,0,0,0,0,359.0,127.0,7.0,0.0666666666666666,97.33333333333331,0,0
2.0,0,0,0,0,340.0,117.0,15.0,0.1333333333333333,94.66666666666669,0,0
7.0,1,1,0,0,150.0,83.0,6.0,0.4666666666666667,79.33333333333333,1,0
0.0,1,0,0,0,238.0,59.0,14.0,0.0,100.0,0,0
13.0,1,0,0,1,120.0,29.0,19.0,0.8666666666666667,59.33333333333333,1,1
4.0,1,1,0,1,30.0,111.0,14.0,0.2666666666666666,81.33333333333333,1,1
9.0,4,1,2,0,0.0,30.0,19.0,0.6,66.0,1,1
0.0,0,0,0,0,204.0,112.0,1.0,0.0,100.0,0,0
0.0,1,0,0,0,215.0,63.0,12.0,0.0,100.0,0,0
6.0,3,1,0,1,0.0,53.0,24.0,0.4,76.0,1,1
4.0,3,0,2,0,30.0,111.0,18.0,0.2666666666666666,81.33333333333333,1,1
3.0,0,0,0,0,287.0,109.0,17.0,0.2,92.0,0,0
4.0,0,0,0,0,302.0,59.0,21.0,0.2666666666666666,89.33333333333333,0,0
3.0,0,0,0,0,185.0,73.0,9.0,0.2,92.0,0,0
1.0,0,0,0,0,205.0,114.0,3.0,0.0666666666666666,97.33333333333331,0,0
6.0,1,1,0,0,60.0,121.0,14.0,0.4,82.0,1,0
3.0,0,0,0,0,304.0,133.0,13.0,0.2,92.0,0,0
0.0,0,0,0,0,247.0,54.0,10.0,0.0,100.0,0,0
2.0,1,2,0,0,30.0,120.0,20.0,0.1333333333333333,90.66666666666669,1,0
5.0,2,0,1,1,30.0,94.0,25.0,0.3333333333333333,76.66666666666667,1,1
3.0,0,0,0,0,182.0,56.0,18.0,0.2,92.0,0,0
10.0,2,2,0,0,30.0,92.0,25.0,0.6666666666666666,69.33333333333334,1,1
11.0,3,1,1,1,30.0,100.0,11.0,0.7333333333333333,58.66666666666667,1,1
3.0,2,1,0,1,30.0,44.0,19.0,0.2,84.0,1,1
8.0,1,0,1,0,30.0,128.0,13.0,0.5333333333333333,74.66666666666667,1,0
3.0,0,0,0,0,344.0,96.0,6.0,0.2,92.0,0,0
14.0,6,0,1,4,30.0,42.0,21.0,0.9333333333333332,34.666666666666664,1,1
0.0,0,0,0,0,306.0,68.0,16.0,0.0,100.0,0,0
3.0,0,0,0,0,274.0,98.0,21.0,0.2,92.0,0,0
6.0,0,0,0,0,192.0,68.0,12.0,0.4,84.0,0,0
8.0,2,1,0,0,30.0,56.0,8.0,0.5333333333333333,76.66666666666667,1,0
0.0,0,0,0,0,288.0,84.0,13.0,0.0,100.0,0,0
1.0,1,0,0,0,356.0,122.0,6.0,0.0666666666666666,97.33333333333331,0,0
7.0,2,1,1,0,0.0,86.0,20.0,0.4666666666666667,75.33333333333333,1,1
7.0,2,0,2,0,0.0,117.0,23.0,0.4666666666666667,73.33333333333333,1,1
7.0,0,0,0,0,257.0,63.0,1.0,0.4666666666666667,81.33333333333333,0,0
0.0,0,0,0,0,360.0,67.0,21.0,0.0,100.0,0,0
4.0,0,0,0,0,322.0,107.0,9.0,0.2666666666666666,89.33333333333333,0,0
6.0,2,1,0,1,0.0,32.0,18.0,0.4,76.0,1,1
7.0,0,0,0,0,273.0,135.0,8.0,0.4666666666666667,81.33333333333333,0,0
4.0,0,1,0,0,0.0,127.0,21.0,0.2666666666666666,87.33333333333333,1,0
2.0,0,0,0,0,218.0,42.0,22.0,0.1333333333333333,94.66666666666669,0,0
7.0,2,0,1,1,90.0,108.0,21.0,0.4666666666666667,71.33333333333333,1,1
2.0,1,1,0,0,60.0,66.0,15.0,0.1333333333333333,92.66666666666669,1,1
4.0,0,0,0,0,249.0,50.0,7.0,0.2666666666666666,89.33333333333333,0,0
8.0,2,1,1,0,0.0,71.0,6.0,0.5333333333333333,72.66666666666667,1,1
2.0,1,0,0,0,195.0,86.0,12.0,0.1333333333333333,94.66666666666669,0,0
3.0,1,0,0,0,192.0,81.0,23.0,0.2,92.0,0,0
2.0,0,0,0,0,299.0,100.0,24.0,0.1333333333333333,94.66666666666669,0,0
11.0,1,0,0,1,30.0,119.0,13.0,0.7333333333333333,64.66666666666667,1,1
4.0,0,0,0,0,212.0,47.0,15.0,0.2666666666666666,89.33333333333333,0,0
6.0,0,0,0,0,184.0,80.0,18.0,0.4,84.0,0,0
12.0,4,2,1,1,0.0,89.0,5.0,0.8,54.0,1,1
14.0,6,0,2,3,0.0,79.0,12.0,0.9333333333333332,36.66666666666666,1,1
1.0,0,1,0,0,150.0,83.0,12.0,0.0666666666666666,95.33333333333331,1,0
6.0,4,0,0,3,0.0,59.0,1.0,0.4,66.0,1,1
6.0,0,0,0,0,268.0,120.0,24.0,0.4,84.0,0,0
2.0,1,1,1,0,0.0,88.0,6.0,0.1333333333333333,88.66666666666667,1,0
3.0,0,0,0,0,334.0,79.0,4.0,0.2,92.0,0,0
13.0,4,2,1,1,60.0,34.0,2.0,0.8666666666666667,51.33333333333333,1,1
0.0,0,0,0,0,239.0,102.0,1.0,0.0,100.0,0,0
2.0,1,0,1,0,60.0,95.0,10.0,0.1333333333333333,90.66666666666669,1,0
0.0,0,0,0,0,343.0,98.0,7.0,0.0,100.0,0,0
4.0,1,0,0,0,261.0,82.0,23.0,0.2666666666666666,89.33333333333333,0,0
0.0,1,0,0,0,292.0,84.0,15.0,0.0,100.0,0,0
2.0,0,0,0,0,316.0,104.0,20.0,0.1333333333333333,94.66666666666669,0,0
11.0,1,0,0,2,0.0,67.0,1.0,0.7333333333333333,58.66666666666667,1,1
8.0,2,1,1,0,0.0,22.0,13.0,0.5333333333333333,72.66666666666667,1,1
2.0,0,0,0,0,337.0,60.0,17.0,0.1333333333333333,94.66666666666669,0,0
1.0,3,1,1,0,0.0,34.0,17.0,0.0666666666666666,91.33333333333331,1,0
4.0,0,0,0,0,207.0,77.0,19.0,0.2666666666666666,89.33333333333333,0,0
11.0,3,0,0,3,0.0,75.0,13.0,0.7333333333333333,52.66666666666667,1,1
2.0,1,1,0,0,120.0,68.0,21.0,0.1333333333333333,92.66666666666669,1,0
10.0,3,1,2,0,0.0,83.0,4.0,0.6666666666666666,63.33333333333334,1,1
2.0,1,0,0,0,357.0,126.0,25.0,0.1333333333333333,94.66666666666669,0,0
3.0,0,0,0,0,265.0,112.0,12.0,0.2,92.0,0,0
6.0,0,0,0,0,359.0,98.0,17.0,0.4,84.0,0,0
0.0,0,0,0,0,232.0,58.0,17.0,0.0,100.0,0,0
6.0,0,0,0,0,244.0,45.0,24.0,0.4,84.0,0,0
3.0,1,0,0,0,243.0,52.0,7.0,0.2,92.0,0,0
2.0,0,0,0,0,212.0,113.0,4.0,0.1333333333333333,94.66666666666669,0,0
0.0,1,1,0,0,0.0,48.0,16.0,0.0,98.0,1,0
3.0,2,1,0,0,30.0,71.0,17.0,0.2,90.0,1,0
12.0,4,3,1,0,0.0,56.0,25.0,0.8,58.0,1,1
0.0,0,0,0,0,223.0,60.0,12.0,0.0,100.0,0,0
10.0,3,0,1,2,90.0,102.0,15.0,0.6666666666666666,57.33333333333334,1,1
7.0,1,0,0,1,30.0,106.0,25.0,0.4666666666666667,75.33333333333333,1,1
7.0,1,0,0,1,150.0,66.0,15.0,0.4666666666666667,75.33333333333333,1,1
1.0,1,0,0,0,208.0,108.0,13.0,0.0666666666666666,97.33333333333331,0,0
3.0,0,0,0,0,195.0,55.0,20.0,0.2,92.0,0,0
5.0,2,0,1,0,60.0,112.0,3.0,0.3333333333333333,82.66666666666667,1,0
4.0,1,1,0,0,90.0,94.0,16.0,0.2666666666666666,87.33333333333333,1,0
4.0,0,0,0,0,341.0,82.0,1.0,0.2666666666666666,89.33333333333333,0,0
2.0,1,0,0,0,258.0,111.0,4.0,0.1333333333333333,94.66666666666669,0,0
7.0,2,1,0,0,90.0,69.0,12.0,0.4666666666666667,79.33333333333333,1,0
2.0,0,0,0,0,208.0,97.0,5.0,0.1333333333333333,94.66666666666669,0,0
8.0,2,0,1,0,0.0,88.0,24.0,0.5333333333333333,74.66666666666667,1,0
4.0,2,0,1,1,0.0,80.0,20.0,0.2666666666666666,79.33333333333333,1,1
4.0,0,0,0,0,192.0,65.0,21.0,0.2666666666666666,89.33333333333333,0,0
6.0,1,1,0,0,120.0,82.0,5.0,0.4,82.0,1,0
12.0,6,1,3,1,0.0,67.0,16.0,0.8,48.0,1,1
1.0,0,0,0,0,211.0,71.0,19.0,0.0666666666666666,97.33333333333331,0,0
7.0,4,2,2,0,60.0,61.0,21.0,0.4666666666666667,69.33333333333333,1,1
2.0,1,0,0,0,284.0,60.0,22.0,0.1333333333333333,94.66666666666669,0,0
3.0,0,0,0,0,224.0,97.0,3.0,0.2,92.0,0,0
12.0,1,1,0,0,0.0,95.0,2.0,0.8,66.0,1,1
5.0,2,1,0,0,120.0,90.0,12.0,0.3333333333333333,84.66666666666667,1,0
2.0,1,0,0,0,265.0,138.0,14.0,0.1333333333333333,94.66666666666669,0,0
3.0,1,0,0,0,223.0,118.0,22.0,0.2,92.0,0,0
3.0,3,1,1,0,0.0,87.0,22.0,0.2,86.0,1,0
2.0,0,0,0,0,273.0,53.0,2.0,0.1333333333333333,94.66666666666669,0,0
4.0,3,3,0,0,0.0,98.0,2.0,0.2666666666666666,83.33333333333333,1,0
4.0,1,1,1,0,30.0,91.0,11.0,0.2666666666666666,83.33333333333333,1,0
3.0,4,2,1,0,0.0,40.0,21.0,0.2,84.0,1,0
8.0,1,0,0,0,313.0,78.0,3.0,0.5333333333333333,78.66666666666667,0,0
10.0,4,0,1,3,0.0,68.0,11.0,0.6666666666666666,51.33333333333334,1,1
5.0,1,1,0,0,30.0,105.0,3.0,0.3333333333333333,84.66666666666667,1,0
6.0,1,0,0,0,296.0,108.0,13.0,0.4,84.0,0,0
11.0,3,2,0,1,60.0,65.0,10.0,0.7333333333333333,60.66666666666667,1,1
7.0,1,1,0,0,90.0,54.0,25.0,0.4666666666666667,79.33333333333333,1,0
8.0,1,1,1,0,120.0,106.0,11.0,0.5333333333333333,72.66666666666667,1,1
9.0,0,0,0,0,193.0,128.0,16.0,0.6,76.0,0,0
3.0,0,0,0,0,297.0,123.0,23.0,0.2,92.0,0,0
8.0,2,1,1,0,120.0,39.0,6.0,0.5333333333333333,72.66666666666667,1,1
12.0,4,1,1,1,0.0,49.0,10.0,0.8,56.0,1,1
9.0,3,2,2,0,60.0,83.0,24.0,0.6,64.0,1,1
11.0,3,0,0,3,60.0,54.0,7.0,0.7333333333333333,52.66666666666667,1,1
11.0,3,0,1,2,60.0,54.0,16.0,0.7333333333333333,54.66666666666667,1,1
10.0,5,2,1,1,0.0,59.0,13.0,0.6666666666666666,59.33333333333334,1,1
4.0,1,0,0,0,319.0,78.0,3.0,0.2666666666666666,89.33333333333333,0,0
4.0,2,1,0,0,0.0,77.0,14.0,0.2666666666666666,87.33333333333333,1,0
1.0,0,0,0,0,314.0,51.0,19.0,0.0666666666666666,97.33333333333331,0,0
6.0,2,2,0,0,0.0,47.0,2.0,0.4,80.0,1,0
4.0,1,0,0,0,235.0,105.0,21.0,0.2666666666666666,89.33333333333333,0,0
4.0,1,1,0,0,30.0,62.0,22.0,0.2666666666666666,87.33333333333333,1,0
1.0,0,0,0,0,216.0,73.0,5.0,0.0666666666666666,97.33333333333331,0,0
8.0,0,0,0,0,256.0,107.0,3.0,0.5333333333333333,78.66666666666667,0,0
1.0,1,0,0,0,230.0,52.0,24.0,0.0666666666666666,97.33333333333331,0,0
0.0,0,0,0,0,192.0,78.0,7.0,0.0,100.0,0,0
3.0,0,1,0,0,30.0,51.0,14.0,0.2,90.0,1,0
1.0,0,0,0,0,312.0,76.0,21.0,0.0666666666666666,97.33333333333331,0,0
3.0,0,0,0,0,187.0,128.0,6.0,0.2,92.0,0,0
4.0,0,0,0,0,307.0,101.0,5.0,0.2666666666666666,89.33333333333333,0,0
8.0,4,2,1,1,0.0,56.0,22.0,0.5333333333333333,64.66666666666667,1,1
9.0,4,3,0,0,60.0,46.0,10.0,0.6,70.0,1,1
2.0,1,2,0,0,0.0,109.0,21.0,0.1333333333333333,90.66666666666669,1,0
8.0,1,1,0,0,150.0,103.0,5.0,0.5333333333333333,76.66666666666667,1,0
2.0,0,0,0,0,259.0,64.0,3.0,0.1333333333333333,94.66666666666669,0,0
7.0,1,1,0,0,120.0,41.0,20.0,0.4666666666666667,79.33333333333333,1,0
7.0,1,1,0,0,60.0,117.0,22.0,0.4666666666666667,79.33333333333333,1,1
1.0,0,0,0,0,309.0,58.0,6.0,0.0666666666666666,97.33333333333331,0,0
5.0,0,0,0,0,325.0,112.0,9.0,0.3333333333333333,86.66666666666667,0,0
6.0,1,0,2,0,30.0,114.0,4.0,0.4,76.0,1,1
7.0,4,0,2,2,0.0,54.0,22.0,0.4666666666666667,61.33333333333333,1,1
13.0,3,2,1,0,0.0,25.0,6.0,0.8666666666666667,57.33333333333333,1,1
12.0,2,0,0,1,120.0,48.0,17.0,0.8,62.0,1,1
7.0,3,0,1,2,30.0,43.0,7.0,0.4666666666666667,65.33333333333333,1,1
1.0,0,0,0,0,336.0,118.0,14.0,0.0666666666666666,97.33333333333331,0,0
5.0,0,0,0,0,181.0,78.0,10.0,0.3333333333333333,86.66666666666667,0,0
8.0,0,1,0,0,0.0,121.0,7.0,0.5333333333333333,76.66666666666667,1,0
6.0,1,1,0,0,90.0,73.0,10.0,0.4,82.0,1,0
14.0,2,1,1,1,0.0,112.0,18.0,0.9333333333333332,50.66666666666666,1,1
4.0,1,0,0,0,341.0,54.0,25.0,0.2666666666666666,89.33333333333333,0,0
11.0,5,1,3,0,30.0,103.0,25.0,0.7333333333333333,56.66666666666667,1,1
5.0,2,1,0,0,30.0,85.0,17.0,0.3333333333333333,84.66666666666667,1,0
5.0,1,1,0,0,60.0,110.0,12.0,0.3333333333333333,84.66666666666667,1,0
5.0,1,1,0,0,30.0,108.0,14.0,0.3333333333333333,84.66666666666667,1,0
9.0,2,0,1,1,30.0,26.0,14.0,0.6,66.0,1,1
4.0,1,0,0,1,150.0,98.0,15.0,0.2666666666666666,83.33333333333333,1,0
1.0,0,1,0,0,60.0,72.0,22.0,0.0666666666666666,95.33333333333331,1,0
5.0,1,0,1,0,150.0,76.0,24.0,0.3333333333333333,82.66666666666667,1,0
3.0,0,1,0,0,60.0,38.0,23.0,0.2,90.0,1,0
11.0,3,0,3,0,0.0,53.0,18.0,0.7333333333333333,58.66666666666667,1,1
4.0,1,0,1,0,120.0,96.0,13.0,0.2666666666666666,85.33333333333333,1,0
1.0,1,0,0,0,324.0,66.0,1.0,0.0666666666666666,97.33333333333331,0,0
4.0,0,0,0,0,216.0,50.0,3.0,0.2666666666666666,89.33333333333333,0,0
10.0,1,0,0,1,120.0,36.0,25.0,0.6666666666666666,67.33333333333334,1,1
8.0,0,0,0,0,263.0,74.0,25.0,0.5333333333333333,78.66666666666667,0,0
3.0,3,1,0,1,30.0,81.0,9.0,0.2,84.0,1,1
0.0,0,1,0,0,90.0,100.0,15.0,0.0,98.0,1,0
1.0,0,0,0,0,318.0,101.0,18.0,0.0666666666666666,97.33333333333331,0,0
4.0,0,0,0,0,273.0,78.0,7.0,0.2666666666666666,89.33333333333333,0,0
2.0,1,0,0,0,299.0,78.0,25.0,0.1333333333333333,94.66666666666669,0,0
0.0,0,1,0,0,90.0,38.0,21.0,0.0,98.0,1,0
4.0,0,0,0,0,309.0,105.0,11.0,0.2666666666666666,89.33333333333333,0,0
2.0,1,0,0,0,270.0,59.0,12.0,0.1333333333333333,94.66666666666669,0,0
12.0,4,0,1,3,30.0,41.0,1.0,0.8,46.0,1,1
2.0,0,0,0,0,323.0,68.0,20.0,0.1333333333333333,94.66666666666669,0,0
5.0,1,0,0,0,302.0,58.0,8.0,0.3333333333333333,86.66666666666667,0,0
12.0,1,0,0,1,30.0,101.0,12.0,0.8,62.0,1,1
14.0,4,1,0,3,0.0,24.0,24.0,0.9333333333333332,42.66666666666666,1,1
4.0,0,0,0,0,252.0,124.0,8.0,0.2666666666666666,89.33333333333333,0,0
4.0,0,0,0,0,280.0,132.0,11.0,0.2666666666666666,89.33333333333333,0,0
1.0,2,1,0,0,120.0,84.0,24.0,0.0666666666666666,95.33333333333331,1,0
1.0,0,0,0,0,247.0,93.0,24.0,0.0666666666666666,97.33333333333331,0,0
13.0,3,0,1,1,0.0,59.0,1.0,0.8666666666666667,55.33333333333333,1,1
6.0,1,1,0,0,60.0,56.0,18.0,0.4,82.0,1,0
1.0,0,0,0,0,199.0,106.0,22.0,0.0666666666666666,97.33333333333331,0,0
2.0,2,1,1,0,0.0,101.0,22.0,0.1333333333333333,88.66666666666667,1,0
11.0,3,1,1,1,60.0,102.0,1.0,0.7333333333333333,58.66666666666667,1,1
5.0,1,1,0,0,150.0,34.0,16.0,0.3333333333333333,84.66666666666667,1,0
1.0,0,0,0,0,320.0,61.0,3.0,0.0666666666666666,97.33333333333331,0,0
13.0,2,1,0,1,60.0,71.0,19.0,0.8666666666666667,57.33333333333333,1,1
2.0,0,0,0,0,336.0,130.0,9.0,0.1333333333333333,94.66666666666669,0,0
3.0,0,0,0,0,221.0,78.0,22.0,0.2,92.0,0,0
4.0,1,0,0,0,312.0,88.0,21.0,0.2666666666666666,89.33333333333333,0,0
7.0,2,1,0,0,0.0,53.0,24.0,0.4666666666666667,79.33333333333333,1,0
10.0,1,1,0,0,90.0,54.0,20.0,0.6666666666666666,71.33333333333334,1,0
3.0,0,1,0,0,0.0,80.0,20.0,0.2,90.0,1,0
2.0,0,0,0,0,199.0,96.0,13.0,0.1333333333333333,94.66666666666669,0,0
3.0,1,0,0,0,234.0,55.0,22.0,0.2,92.0,0,0
4.0,1,1,0,0,30.0,104.0,5.0,0.2666666666666666,87.33333333333333,1,0
3.0,0,0,0,0,355.0,133.0,2.0,0.2,92.0,0,0
3.0,0,1,0,0,90.0,90.0,6.0,0.2,90.0,1,0
6.0,0,0,0,1,90.0,60.0,10.0,0.4,78.0,1,1
3.0,1,1,0,0,60.0,100.0,8.0,0.2,90.0,1,0
6.0,3,3,0,0,0.0,92.0,16.0,0.4,78.0,1,1
7.0,2,0,1,1,0.0,121.0,16.0,0.4666666666666667,71.33333333333333,1,1
12.0,3,2,0,0,60.0,58.0,16.0,0.8,64.0,1,1
12.0,2,0,0,2,30.0,99.0,18.0,0.8,56.0,1,1
0.0,2,0,1,0,150.0,106.0,14.0,0.0,96.0,1,0
2.0,0,0,0,0,195.0,100.0,17.0,0.1333333333333333,94.66666666666669,0,0
3.0,2,1,0,1,60.0,101.0,21.0,0.2,84.0,1,1
12.0,4,2,0,1,0.0,66.0,4.0,0.8,58.0,1,1
3.0,2,1,0,0,60.0,124.0,13.0,0.2,90.0,1,0
4.0,0,0,1,0,30.0,92.0,3.0,0.2666666666666666,85.33333333333333,1,0
6.0,1,0,0,1,150.0,69.0,20.0,0.4,78.0,1,1
4.0,0,0,0,0,239.0,41.0,15.0,0.2666666666666666,89.33333333333333,0,0
3.0,0,0,0,0,332.0,89.0,25.0,0.2,92.0,0,0
7.0,1,1,0,0,0.0,86.0,4.0,0.4666666666666667,79.33333333333333,1,0
8.0,0,0,0,0,269.0,115.0,7.0,0.5333333333333333,78.66666666666667,0,0
7.0,3,2,0,1,0.0,39.0,16.0,0.4666666666666667,71.33333333333333,1,1
9.0,5,0,3,2,0.0,13.0,5.0,0.6,52.0,1,1
1.0,0,0,0,0,352.0,129.0,6.0,0.0666666666666666,97.33333333333331,0,0
4.0,0,0,0,0,289.0,114.0,14.0,0.2666666666666666,89.33333333333333,0,0
6.0,4,1,3,0,30.0,74.0,8.0,0.4,70.0,1,1
4.0,0,0,0,0,344.0,52.0,12.0,0.2666666666666666,89.33333333333333,0,0
3.0,2,1,0,0,150.0,79.0,8.0,0.2,90.0,1,0
3.0,1,1,0,0,0.0,61.0,7.0,0.2,90.0,1,0
2.0,1,0,0,0,234.0,104.0,21.0,0.1333333333333333,94.66666666666669,0,0
6.0,2,1,0,0,0.0,95.0,12.0,0.4,82.0,1,0
0.0,1,0,0,0,339.0,60.0,4.0,0.0,100.0,0,0
2.0,1,0,0,0,191.0,121.0,1.0,0.1333333333333333,94.66666666666669,0,0
12.0,4,1,1,2,0.0,80.0,5.0,0.8,50.0,1,1
3.0,0,0,0,0,334.0,54.0,1.0,0.2,92.0,0,0
9.0,3,2,1,0,0.0,86.0,9.0,0.6,68.0,1,1
1.0,1,1,0,0,30.0,93.0,22.0,0.0666666666666666,95.33333333333331,1,0
7.0,0,0,0,0,236.0,130.0,6.0,0.4666666666666667,81.33333333333333,0,0
7.0,1,0,1,0,60.0,110.0,15.0,0.4666666666666667,77.33333333333333,1,0
4.0,0,0,0,1,150.0,53.0,6.0,0.2666666666666666,83.33333333333333,1,0
8.0,0,0,1,0,120.0,44.0,20.0,0.5333333333333333,74.66666666666667,1,0
1.0,0,0,0,0,214.0,103.0,22.0,0.0666666666666666,97.33333333333331,0,0
3.0,0,0,0,0,183.0,108.0,22.0,0.2,92.0,0,0
10.0,3,1,3,0,30.0,77.0,12.0,0.6666666666666666,59.33333333333334,1,1
4.0,3,0,2,0,60.0,67.0,8.0,0.2666666666666666,81.33333333333333,1,1
5.0,1,0,0,0,340.0,65.0,3.0,0.3333333333333333,86.66666666666667,0,0
0.0,1,0,0,0,305.0,100.0,23.0,0.0,100.0,0,0
7.0,2,0,0,1,90.0,88.0,20.0,0.4666666666666667,75.33333333333333,1,1
1.0,1,0,0,0,330.0,95.0,7.0,0.0666666666666666,97.33333333333331,0,0
10.0,5,1,2,2,30.0,12.0,24.0,0.6666666666666666,51.33333333333334,1,1
4.0,0,0,0,0,261.0,44.0,23.0,0.2666666666666666,89.33333333333333,0,0
7.0,2,0,1,0,0.0,94.0,1.0,0.4666666666666667,77.33333333333333,1,1
10.0,4,1,1,2,0.0,28.0,23.0,0.6666666666666666,55.33333333333334,1,1
3.0,1,0,0,0,238.0,118.0,8.0,0.2,92.0,0,0
14.0,2,1,0,2,0.0,60.0,11.0,0.9333333333333332,48.66666666666666,1,1
14.0,4,2,0,1,30.0,40.0,14.0,0.9333333333333332,52.66666666666666,1,1
11.0,3,1,1,0,0.0,61.0,5.0,0.7333333333333333,64.66666666666667,1,1
4.0,0,0,0,0,222.0,99.0,19.0,0.2666666666666666,89.33333333333333,0,0
0.0,1,0,0,0,307.0,80.0,16.0,0.0,100.0,0,0
1.0,0,0,0,0,345.0,138.0,4.0,0.0666666666666666,97.33333333333331,0,0
14.0,2,0,0,3,0.0,85.0,11.0,0.9333333333333332,44.66666666666666,1,1
8.0,3,2,0,0,60.0,87.0,22.0,0.5333333333333333,74.66666666666667,1,0
13.0,3,0,1,3,0.0,53.0,24.0,0.8666666666666667,43.33333333333333,1,1
7.0,2,1,0,0,30.0,117.0,2.0,0.4666666666666667,79.33333333333333,1,0
12.0,2,0,2,0,0.0,58.0,9.0,0.8,60.0,1,0
11.0,3,1,1,0,0.0,58.0,13.0,0.7333333333333333,64.66666666666667,1,1
7.0,0,0,0,0,350.0,102.0,23.0,0.4666666666666667,81.33333333333333,0,0
5.0,0,0,0,0,309.0,58.0,19.0,0.3333333333333333,86.66666666666667,0,0
6.0,0,0,1,0,90.0,79.0,1.0,0.4,80.0,1,0
2.0,1,0,0,0,351.0,108.0,11.0,0.1333333333333333,94.66666666666669,0,0
11.0,4,1,1,1,30.0,87.0,16.0,0.7333333333333333,58.66666666666667,1,1
8.0,0,0,0,0,210.0,127.0,25.0,0.5333333333333333,78.66666666666667,0,0
3.0,0,0,0,0,344.0,67.0,20.0,0.2,92.0,0,0
2.0,0,0,0,0,232.0,74.0,3.0,0.1333333333333333,94.66666666666669,0,0
6.0,1,0,1,0,150.0,111.0,1.0,0.4,80.0,1,0
8.0,1,0,0,1,0.0,67.0,7.0,0.5333333333333333,72.66666666666667,1,1
12.0,4,0,1,2,0.0,37.0,12.0,0.8,52.0,1,0
13.0,4,0,3,1,30.0,56.0,22.0,0.8666666666666667,47.33333333333333,1,1
2.0,0,0,0,0,340.0,127.0,1.0,0.1333333333333333,94.66666666666669,0,0
6.0,2,3,0,0,60.0,18.0,18.0,0.4,78.0,1,0
8.0,2,1,1,0,90.0,109.0,12.0,0.5333333333333333,72.66666666666667,1,1
9.0,4,2,2,0,0.0,29.0,11.0,0.6,64.0,1,1
3.0,1,0,0,0,283.0,109.0,4.0,0.2,92.0,0,0
3.0,1,0,0,0,240.0,130.0,7.0,0.2,92.0,0,0
10.0,1,1,1,0,30.0,60.0,14.0,0.6666666666666666,67.33333333333334,1,1
0.0,0,0,0,0,272.0,95.0,22.0,0.0,100.0,0,0
10.0,0,1,0,0,60.0,43.0,17.0,0.6666666666666666,71.33333333333334,1,0
4.0,2,2,0,0,90.0,109.0,11.0,0.2666666666666666,85.33333333333333,1,0
2.0,0,0,0,0,284.0,112.0,12.0,0.1333333333333333,94.66666666666669,0,0
3.0,1,0,0,0,268.0,111.0,20.0,0.2,92.0,0,0
11.0,3,1,1,1,0.0,110.0,7.0,0.7333333333333333,58.66666666666667,1,1
2.0,0,0,0,0,241.0,69.0,21.0,0.1333333333333333,94.66666666666669,0,0
0.0,0,0,0,0,315.0,65.0,8.0,0.0,100.0,0,0
8.0,2,1,0,0,150.0,82.0,21.0,0.5333333333333333,76.66666666666667,1,0
13.0,2,0,2,1,90.0,44.0,20.0,0.8666666666666667,51.33333333333333,1,1
3.0,1,0,0,0,293.0,118.0,2.0,0.2,92.0,0,0
12.0,5,0,4,1,0.0,70.0,21.0,0.8,46.0,1,1
2.0,1,1,0,0,60.0,34.0,22.0,0.1333333333333333,92.66666666666669,1,0
0.0,0,0,0,0,209.0,96.0,6.0,0.0,100.0,0,0
4.0,0,0,0,0,246.0,108.0,1.0,0.2666666666666666,89.33333333333333,0,0
11.0,4,2,1,0,0.0,32.0,11.0,0.7333333333333333,62.66666666666667,1,1
3.0,0,0,0,0,296.0,83.0,8.0,0.2,92.0,0,0
10.0,4,1,1,2,0.0,67.0,15.0,0.6666666666666666,55.33333333333334,1,1
8.0,1,0,0,1,60.0,60.0,17.0,0.5333333333333333,72.66666666666667,1,1
5.0,1,0,1,0,60.0,105.0,11.0,0.3333333333333333,82.66666666666667,1,0
7.0,0,0,0,0,356.0,66.0,8.0,0.4666666666666667,81.33333333333333,0,0
1.0,4,3,0,0,90.0,28.0,13.0,0.0666666666666666,91.33333333333331,1,0
8.0,0,0,0,0,250.0,61.0,10.0,0.5333333333333333,78.66666666666667,0,0
8.0,2,2,1,0,30.0,83.0,10.0,0.5333333333333333,70.66666666666667,1,1
7.0,5,2,2,0,0.0,99.0,8.0,0.4666666666666667,69.33333333333333,1,1
0.0,1,0,0,0,327.0,133.0,13.0,0.0,100.0,0,0
14.0,0,0,0,0,341.0,61.0,13.0,0.9333333333333332,62.66666666666666,0,0
3.0,1,0,0,0,210.0,122.0,11.0,0.2,92.0,0,0
4.0,0,0,0,0,186.0,117.0,21.0,0.2666666666666666,89.33333333333333,0,0
4.0,1,0,1,0,60.0,54.0,23.0,0.2666666666666666,85.33333333333333,1,0
6.0,3,0,0,2,30.0,72.0,12.0,0.4,72.0,1,1
3.0,0,0,0,0,321.0,106.0,19.0,0.2,92.0,0,0
5.0,1,1,0,0,60.0,91.0,19.0,0.3333333333333333,84.66666666666667,1,0
11.0,4,1,1,1,60.0,52.0,6.0,0.7333333333333333,58.66666666666667,1,1
11.0,3,1,1,1,30.0,21.0,19.0,0.7333333333333333,58.66666666666667,1,1
8.0,0,1,0,0,60.0,91.0,20.0,0.5333333333333333,76.66666666666667,1,0
4.0,2,1,0,0,90.0,52.0,20.0,0.2666666666666666,87.33333333333333,1,0
12.0,1,0,0,2,30.0,31.0,8.0,0.8,56.0,1,1
7.0,0,0,0,0,203.0,82.0,22.0,0.4666666666666667,81.33333333333333,0,0
13.0,2,0,0,3,60.0,15.0,4.0,0.8666666666666667,47.33333333333333,1,1
4.0,0,0,0,0,181.0,64.0,1.0,0.2666666666666666,89.33333333333333,0,0
3.0,1,0,1,0,150.0,93.0,9.0,0.2,88.0,1,0
3.0,3,0,2,1,0.0,69.0,1.0,0.2,78.0,1,1
2.0,0,1,0,0,90.0,63.0,18.0,0.1333333333333333,92.66666666666669,1,0
8.0,0,0,0,0,293.0,131.0,20.0,0.5333333333333333,78.66666666666667,0,0
0.0,1,1,0,0,30.0,51.0,17.0,0.0,98.0,1,0
11.0,2,2,0,1,0.0,71.0,21.0,0.7333333333333333,60.66666666666667,1,1
2.0,1,1,0,0,90.0,78.0,14.0,0.1333333333333333,92.66666666666669,1,0
8.0,2,1,1,0,0.0,116.0,14.0,0.5333333333333333,72.66666666666667,1,1
4.0,2,0,0,1,0.0,61.0,23.0,0.2666666666666666,83.33333333333333,1,0
4.0,1,0,0,0,317.0,97.0,22.0,0.2666666666666666,89.33333333333333,0,0
1.0,1,0,1,0,0.0,115.0,23.0,0.0666666666666666,93.33333333333331,1,0
1.0,0,0,0,0,337.0,52.0,18.0,0.0666666666666666,97.33333333333331,0,0
5.0,1,1,0,0,60.0,95.0,20.0,0.3333333333333333,84.66666666666667,1,0
0.0,0,0,0,0,244.0,82.0,23.0,0.0,100.0,0,0
7.0,4,1,0,2,0.0,88.0,15.0,0.4666666666666667,67.33333333333333,1,1
8.0,1,1,0,0,0.0,127.0,14.0,0.5333333333333333,76.66666666666667,1,0
14.0,2,0,1,2,0.0,32.0,6.0,0.9333333333333332,46.66666666666666,1,1
4.0,0,1,0,0,0.0,96.0,9.0,0.2666666666666666,87.33333333333333,1,0
2.0,1,0,0,0,232.0,114.0,8.0,0.1333333333333333,94.66666666666669,0,0
3.0,1,0,1,0,0.0,77.0,3.0,0.2,88.0,1,0
5.0,0,0,0,0,243.0,78.0,15.0,0.3333333333333333,86.66666666666667,0,0
11.0,1,0,1,1,60.0,60.0,11.0,0.7333333333333333,60.66666666666667,1,1
4.0,0,0,0,0,320.0,59.0,21.0,0.2666666666666666,89.33333333333333,0,0
3.0,1,1,0,0,90.0,78.0,24.0,0.2,90.0,1,0
8.0,0,0,0,0,226.0,87.0,5.0,0.5333333333333333,78.66666666666667,0,0
2.0,0,0,0,0,321.0,79.0,1.0,0.1333333333333333,94.66666666666669,0,0
1.0,0,0,0,0,260.0,100.0,5.0,0.0666666666666666,97.33333333333331,0,0
4.0,0,0,0,1,60.0,30.0,14.0,0.2666666666666666,83.33333333333333,1,0
5.0,0,0,0,0,340.0,85.0,3.0,0.3333333333333333,86.66666666666667,0,0
4.0,0,0,0,0,219.0,97.0,19.0,0.2666666666666666,89.33333333333333,0,0
3.0,1,0,0,0,214.0,65.0,25.0,0.2,92.0,0,0
3.0,1,0,0,0,217.0,97.0,12.0,0.2,92.0,0,0
4.0,1,1,0,0,150.0,99.0,23.0,0.2666666666666666,87.33333333333333,1,0
7.0,2,1,1,0,30.0,67.0,16.0,0.4666666666666667,75.33333333333333,1,1
2.0,0,0,0,0,285.0,93.0,19.0,0.1333333333333333,94.66666666666669,0,0
1.0,0,0,0,0,211.0,52.0,7.0,0.0666666666666666,97.33333333333331,0,0
4.0,2,1,0,0,90.0,62.0,7.0,0.2666666666666666,87.33333333333333,1,0
1.0,0,0,0,0,330.0,128.0,24.0,0.0666666666666666,97.33333333333331,0,0
6.0,0,0,0,0,264.0,120.0,15.0,0.4,84.0,0,0
8.0,0,0,0,0,322.0,120.0,3.0,0.5333333333333333,78.66666666666667,0,0
5.0,2,2,0,0,120.0,109.0,5.0,0.3333333333333333,82.66666666666667,1,0
3.0,1,0,0,0,191.0,77.0,17.0,0.2,92.0,0,0
5.0,1,2,0,0,120.0,66.0,19.0,0.3333333333333333,82.66666666666667,1,0
7.0,0,0,0,0,186.0,60.0,17.0,0.4666666666666667,81.33333333333333,0,0
9.0,4,1,1,2,0.0,97.0,15.0,0.6,58.0,1,1
4.0,0,0,0,0,352.0,82.0,1.0,0.2666666666666666,89.33333333333333,0,0
1.0,1,0,0,0,291.0,138.0,25.0,0.0666666666666666,97.33333333333331,0,0
4.0,3,2,1,0,60.0,73.0,13.0,0.2666666666666666,81.33333333333333,1,0
4.0,0,0,0,0,317.0,101.0,14.0,0.2666666666666666,89.33333333333333,0,0
0.0,0,0,0,0,250.0,97.0,8.0,0.0,100.0,0,0
2.0,0,0,0,0,266.0,77.0,9.0,0.1333333333333333,94.66666666666669,0,0
12.0,2,0,0,2,30.0,104.0,2.0,0.8,56.0,1,1
4.0,1,0,0,1,120.0,95.0,18.0,0.2666666666666666,83.33333333333333,1,0
6.0,2,1,1,0,60.0,64.0,25.0,0.4,78.0,1,1
1.0,0,0,0,0,228.0,70.0,7.0,0.0666666666666666,97.33333333333331,0,0
12.0,4,2,1,1,30.0,19.0,17.0,0.8,54.0,1,1
14.0,4,0,2,1,0.0,46.0,16.0,0.9333333333333332,48.66666666666666,1,1
7.0,2,1,0,0,120.0,34.0,19.0,0.4666666666666667,79.33333333333333,1,0
7.0,2,0,0,1,0.0,44.0,3.0,0.4666666666666667,75.33333333333333,1,1
10.0,4,1,1,2,0.0,69.0,13.0,0.6666666666666666,55.33333333333334,1,1
8.0,3,1,2,1,0.0,32.0,18.0,0.5333333333333333,62.66666666666667,1,1
3.0,1,0,0,0,260.0,129.0,7.0,0.2,92.0,0,0
4.0,1,0,0,0,312.0,128.0,21.0,0.2666666666666666,89.33333333333333,0,0
9.0,2,0,1,1,60.0,82.0,25.0,0.6,66.0,1,1
6.0,0,0,1,0,30.0,66.0,3.0,0.4,80.0,1,0
11.0,0,0,0,1,30.0,71.0,17.0,0.7333333333333333,64.66666666666667,1,1
0.0,0,0,0,0,255.0,54.0,13.0,0.0,100.0,0,0
12.0,4,1,0,3,30.0,17.0,1.0,0.8,48.0,1,1
6.0,1,0,0,0,254.0,80.0,3.0,0.4,84.0,0,0
3.0,1,0,0,0,289.0,94.0,8.0,0.2,92.0,0,0
3.0,0,0,0,0,242.0,90.0,25.0,0.2,92.0,0,0
7.0,1,1,1,0,90.0,72.0,4.0,0.4666666666666667,75.33333333333333,1,0
6.0,0,0,0,0,276.0,68.0,8.0,0.4,84.0,0,0
10.0,5,3,0,1,0.0,65.0,23.0,0.6666666666666666,61.33333333333334,1,1
3.0,1,1,0,0,120.0,45.0,6.0,0.2,90.0,1,0
11.0,2,0,1,0,0.0,59.0,25.0,0.7333333333333333,66.66666666666667,1,1
9.0,3,0,0,2,30.0,75.0,2.0,0.6,64.0,1,1
12.0,0,0,0,0,234.0,98.0,17.0,0.8,68.0,0,0
4.0,1,1,0,0,120.0,113.0,11.0,0.2666666666666666,87.33333333333333,1,0
8.0,3,2,0,0,60.0,49.0,18.0,0.5333333333333333,74.66666666666667,1,0
6.0,0,0,0,0,350.0,102.0,13.0,0.4,84.0,0,0
12.0,1,0,0,1,30.0,79.0,13.0,0.8,62.0,1,0
9.0,0,1,0,0,90.0,94.0,10.0,0.6,74.0,1,0
2.0,1,0,0,0,191.0,69.0,8.0,0.1333333333333333,94.66666666666669,0,0
13.0,4,1,1,1,0.0,82.0,3.0,0.8666666666666667,53.33333333333333,1,1
4.0,0,0,0,0,228.0,111.0,2.0,0.2666666666666666,89.33333333333333,0,0
3.0,0,0,0,0,333.0,119.0,1.0,0.2,92.0,0,0
4.0,1,1,0,0,0.0,45.0,13.0,0.2666666666666666,87.33333333333333,1,0
8.0,1,0,0,0,224.0,127.0,9.0,0.5333333333333333,78.66666666666667,0,0
9.0,4,1,2,1,30.0,24.0,10.0,0.6,60.0,1,1
11.0,4,0,1,3,0.0,60.0,5.0,0.7333333333333333,48.66666666666667,1,1
3.0,1,1,0,0,90.0,74.0,11.0,0.2,90.0,1,0
3.0,0,0,0,0,183.0,123.0,15.0,0.2,92.0,0,0
0.0,0,0,0,0,309.0,118.0,6.0,0.0,100.0,0,0
6.0,2,1,1,0,0.0,57.0,3.0,0.4,78.0,1,0
3.0,0,1,0,0,60.0,104.0,18.0,0.2,90.0,1,0
8.0,1,1,1,0,120.0,93.0,8.0,0.5333333333333333,72.66666666666667,1,1
4.0,1,1,0,0,90.0,99.0,1.0,0.2666666666666666,87.33333333333333,1,0
3.0,0,0,0,0,285.0,87.0,21.0,0.2,92.0,0,0
6.0,1,0,0,0,206.0,105.0,12.0,0.4,84.0,0,0
7.0,1,0,0,0,232.0,105.0,2.0,0.4666666666666667,81.33333333333333,0,0
13.0,5,1,1,2,0.0,14.0,18.0,0.8666666666666667,47.33333333333333,1,1
3.0,0,0,0,0,205.0,48.0,21.0,0.2,92.0,0,0
10.0,3,0,2,1,0.0,22.0,10.0,0.6666666666666666,59.33333333333334,1,1
4.0,0,0,0,0,206.0,102.0,19.0,0.2666666666666666,89.33333333333333,0,0
2.0,0,0,0,0,339.0,61.0,8.0,0.1333333333333333,94.66666666666669,0,0
8.0,3,2,0,0,60.0,88.0,10.0,0.5333333333333333,74.66666666666667,1,0
9.0,0,1,0,0,0.0,101.0,5.0,0.6,74.0,1,0
0.0,0,0,0,0,320.0,66.0,1.0,0.0,100.0,0,0
9.0,2,2,0,0,30.0,92.0,24.0,0.6,72.0,1,0
2.0,0,0,0,0,222.0,123.0,11.0,0.1333333333333333,94.66666666666669,0,0
3.0,1,0,2,0,0.0,76.0,3.0,0.2,84.0,1,0
9.0,2,1,1,0,0.0,55.0,15.0,0.6,70.0,1,1
14.0,4,0,1,3,0.0,65.0,24.0,0.9333333333333332,40.66666666666666,1,1
8.0,1,2,0,0,0.0,51.0,12.0,0.5333333333333333,74.66666666666667,1,0
9.0,4,4,0,0,0.0,45.0,19.0,0.6,68.0,1,1
2.0,0,0,0,0,261.0,126.0,20.0,0.1333333333333333,94.66666666666669,0,0
12.0,2,0,2,0,30.0,94.0,12.0,0.8,60.0,1,1
1.0,1,0,0,0,332.0,111.0,4.0,0.0666666666666666,97.33333333333331,0,0
6.0,2,0,1,0,120.0,93.0,22.0,0.4,80.0,1,0
2.0,0,0,0,0,334.0,84.0,15.0,0.1333333333333333,94.66666666666669,0,0
10.0,2,1,1,0,30.0,88.0,5.0,0.6666666666666666,67.33333333333334,1,1
8.0,0,0,0,0,243.0,55.0,3.0,0.5333333333333333,78.66666666666667,0,0
4.0,0,0,0,0,284.0,97.0,11.0,0.2666666666666666,89.33333333333333,0,0
7.0,3,1,1,0,90.0,105.0,10.0,0.4666666666666667,75.33333333333333,1,1
4.0,0,0,0,0,330.0,129.0,2.0,0.2666666666666666,89.33333333333333,0,0
8.0,1,1,0,0,0.0,122.0,6.0,0.5333333333333333,76.66666666666667,1,0
11.0,0,0,1,0,30.0,98.0,19.0,0.7333333333333333,66.66666666666667,1,1
14.0,3,1,1,1,30.0,51.0,6.0,0.9333333333333332,50.66666666666666,1,1
0.0,1,1,1,0,0.0,64.0,25.0,0.0,94.0,1,0
12.0,4,3,0,0,30.0,101.0,20.0,0.8,62.0,1,1
7.0,0,1,0,0,0.0,107.0,17.0,0.4666666666666667,79.33333333333333,1,0
10.0,1,0,1,1,0.0,91.0,1.0,0.6666666666666666,63.33333333333334,1,1
2.0,0,0,0,0,330.0,113.0,24.0,0.1333333333333333,94.66666666666669,0,0
10.0,3,3,0,0,0.0,44.0,4.0,0.6666666666666666,67.33333333333334,1,1
4.0,0,0,0,0,236.0,114.0,5.0,0.2666666666666666,89.33333333333333,0,0
1.0,2,0,1,0,120.0,75.0,25.0,0.0666666666666666,93.33333333333331,1,0
8.0,1,0,2,0,60.0,81.0,13.0,0.5333333333333333,70.66666666666667,1,1
12.0,3,2,1,0,60.0,37.0,17.0,0.8,60.0,1,1
4.0,0,0,0,0,337.0,91.0,15.0,0.2666666666666666,89.33333333333333,0,0
2.0,0,0,0,0,287.0,107.0,24.0,0.1333333333333333,94.66666666666669,0,0
6.0,0,0,0,0,307.0,57.0,5.0,0.4,84.0,0,0
11.0,2,0,1,0,30.0,50.0,11.0,0.7333333333333333,66.66666666666667,1,1
7.0,1,1,0,0,120.0,32.0,15.0,0.4666666666666667,79.33333333333333,1,0
5.0,1,0,0,1,150.0,59.0,25.0,0.3333333333333333,80.66666666666667,1,0
7.0,1,0,0,0,305.0,71.0,17.0,0.4666666666666667,81.33333333333333,0,0
4.0,0,0,0,0,262.0,102.0,1.0,0.2666666666666666,89.33333333333333,0,0
2.0,0,0,1,0,60.0,44.0,21.0,0.1333333333333333,90.66666666666669,1,0
8.0,0,0,0,0,198.0,71.0,18.0,0.5333333333333333,78.66666666666667,0,0
0.0,2,1,0,0,120.0,55.0,3.0,0.0,98.0,1,0
1.0,0,0,0,0,304.0,95.0,19.0,0.0666666666666666,97.33333333333331,0,0
4.0,2,0,1,0,90.0,86.0,18.0,0.2666666666666666,85.33333333333333,1,1
7.0,1,1,0,0,0.0,79.0,23.0,0.4666666666666667,79.33333333333333,1,0
1.0,1,0,0,0,208.0,113.0,11.0,0.0666666666666666,97.33333333333331,0,0
0.0,1,0,0,0,241.0,51.0,3.0,0.0,100.0,0,0
8.0,2,1,0,0,0.0,100.0,14.0,0.5333333333333333,76.66666666666667,1,0
1.0,0,0,0,0,278.0,97.0,8.0,0.0666666666666666,97.33333333333331,0,0
3.0,0,1,0,0,30.0,94.0,21.0,0.2,90.0,1,0
2.0,0,1,0,0,120.0,91.0,20.0,0.1333333333333333,92.66666666666669,1,0
8.0,1,1,0,0,60.0,114.0,1.0,0.5333333333333333,76.66666666666667,1,0
7.0,0,0,0,0,252.0,77.0,7.0,0.4666666666666667,81.33333333333333,0,0
8.0,1,0,1,0,90.0,85.0,25.0,0.5333333333333333,74.66666666666667,1,0
10.0,5,2,1,1,0.0,88.0,13.0,0.6666666666666666,59.33333333333334,1,1
3.0,1,1,0,0,60.0,47.0,6.0,0.2,90.0,1,0
14.0,4,2,0,2,0.0,61.0,19.0,0.9333333333333332,46.66666666666666,1,1
12.0,3,0,1,2,0.0,101.0,3.0,0.8,52.0,1,1
2.0,1,0,1,0,60.0,78.0,18.0,0.1333333333333333,90.66666666666669,1,0
6.0,0,0,0,0,350.0,70.0,6.0,0.4,84.0,0,0
2.0,0,0,0,0,263.0,51.0,22.0,0.1333333333333333,94.66666666666669,0,0
4.0,0,0,0,0,298.0,106.0,1.0,0.2666666666666666,89.33333333333333,0,0
4.0,2,2,0,0,30.0,98.0,24.0,0.2666666666666666,85.33333333333333,1,0
3.0,0,1,0,0,150.0,108.0,20.0,0.2,90.0,1,0
3.0,0,0,0,0,358.0,53.0,9.0,0.2,92.0,0,0
5.0,0,1,0,0,0.0,58.0,18.0,0.3333333333333333,84.66666666666667,1,0
1.0,3,1,1,0,30.0,91.0,4.0,0.0666666666666666,91.33333333333331,1,0
8.0,3,2,0,1,30.0,20.0,4.0,0.5333333333333333,68.66666666666667,1,0
12.0,2,1,0,1,0.0,41.0,8.0,0.8,60.0,1,0
8.0,3,2,0,0,0.0,84.0,18.0,0.5333333333333333,74.66666666666667,1,1
0.0,0,1,0,0,0.0,55.0,23.0,0.0,98.0,1,0
3.0,0,0,0,0,284.0,64.0,17.0,0.2,92.0,0,0
1.0,0,0,0,0,251.0,59.0,17.0,0.0666666666666666,97.33333333333331,0,0
1.0,0,0,0,0,261.0,62.0,25.0,0.0666666666666666,97.33333333333331,0,0
0.0,0,0,0,0,239.0,110.0,16.0,0.0,100.0,0,0
11.0,2,0,0,1,60.0,41.0,14.0,0.7333333333333333,64.66666666666667,1,1
7.0,1,0,1,0,120.0,44.0,19.0,0.4666666666666667,77.33333333333333,1,0
1.0,0,0,0,0,295.0,48.0,17.0,0.0666666666666666,97.33333333333331,0,0
9.0,2,1,0,1,90.0,97.0,12.0,0.6,68.0,1,1
7.0,3,1,1,0,60.0,61.0,15.0,0.4666666666666667,75.33333333333333,1,0
2.0,1,1,0,0,120.0,59.0,19.0,0.1333333333333333,92.66666666666669,1,0
9.0,4,3,0,0,60.0,73.0,25.0,0.6,70.0,1,1
3.0,3,2,0,0,60.0,67.0,24.0,0.2,88.0,1,0
4.0,2,1,1,1,30.0,64.0,9.0,0.2666666666666666,77.33333333333333,1,1
13.0,6,1,4,0,0.0,18.0,16.0,0.8666666666666667,47.33333333333333,1,1
4.0,1,0,0,0,339.0,79.0,12.0,0.2666666666666666,89.33333333333333,0,0
1.0,0,0,0,0,199.0,94.0,2.0,0.0666666666666666,97.33333333333331,0,0
7.0,2,2,1,0,0.0,80.0,6.0,0.4666666666666667,73.33333333333333,1,1
3.0,0,1,0,0,0.0,86.0,10.0,0.2,90.0,1,0
10.0,2,0,0,2,0.0,93.0,18.0,0.6666666666666666,61.33333333333334,1,1
11.0,4,3,1,0,0.0,98.0,8.0,0.7333333333333333,60.66666666666667,1,1
7.0,0,0,0,0,347.0,90.0,6.0,0.4666666666666667,81.33333333333333,0,0
4.0,2,1,0,0,30.0,95.0,13.0,0.2666666666666666,87.33333333333333,1,0
8.0,0,0,0,0,342.0,89.0,17.0,0.5333333333333333,78.66666666666667,0,0
4.0,0,0,0,0,296.0,97.0,11.0,0.2666666666666666,89.33333333333333,0,0
7.0,0,0,0,0,248.0,69.0,17.0,0.4666666666666667,81.33333333333333,0,0
4.0,0,0,0,0,299.0,144.0,21.0,0.2666666666666666,89.33333333333333,0,0
10.0,4,0,3,1,30.0,45.0,20.0,0.6666666666666666,55.33333333333334,1,1
9.0,6,5,0,0,0.0,66.0,14.0,0.6,66.0,1,1
12.0,2,0,2,1,0.0,89.0,9.0,0.8,54.0,1,1
6.0,2,2,0,0,0.0,102.0,19.0,0.4,80.0,1,0
4.0,0,0,0,0,283.0,73.0,14.0,0.2666666666666666,89.33333333333333,0,0
4.0,0,0,0,0,316.0,53.0,3.0,0.2666666666666666,89.33333333333333,0,0
0.0,0,0,0,0,266.0,126.0,16.0,0.0,100.0,0,0
4.0,3,2,0,0,60.0,34.0,6.0,0.2666666666666666,85.33333333333333,1,0
3.0,2,2,0,0,0.0,42.0,18.0,0.2,88.0,1,0
14.0,3,2,0,1,0.0,65.0,24.0,0.9333333333333332,52.66666666666666,1,1
7.0,4,2,3,0,0.0,54.0,15.0,0.4666666666666667,65.33333333333333,1,1
3.0,0,0,1,0,90.0,104.0,17.0,0.2,88.0,1,0
9.0,2,1,0,0,60.0,94.0,5.0,0.6,74.0,1,0
4.0,3,2,0,0,0.0,110.0,2.0,0.2666666666666666,85.33333333333333,1,0
12.0,0,0,0,1,30.0,110.0,7.0,0.8,62.0,1,1
8.0,1,1,1,0,0.0,87.0,12.0,0.5333333333333333,72.66666666666667,1,1
12.0,2,0,0,2,60.0,101.0,16.0,0.8,56.0,1,1
8.0,2,1,0,1,0.0,90.0,14.0,0.5333333333333333,70.66666666666667,1,1
7.0,1,0,0,0,267.0,56.0,10.0,0.4666666666666667,81.33333333333333,0,0
8.0,0,0,1,0,30.0,107.0,14.0,0.5333333333333333,74.66666666666667,1,0
5.0,0,0,0,0,342.0,71.0,16.0,0.3333333333333333,86.66666666666667,0,0
8.0,4,2,1,1,0.0,38.0,16.0,0.5333333333333333,64.66666666666667,1,1
3.0,0,0,0,0,226.0,101.0,7.0,0.2,92.0,0,0
5.0,1,1,0,0,30.0,72.0,25.0,0.3333333333333333,84.66666666666667,1,0
3.0,2,1,1,0,60.0,107.0,9.0,0.2,86.0,1,0
3.0,1,1,0,0,0.0,120.0,25.0,0.2,90.0,1,0
7.0,4,0,2,2,0.0,66.0,10.0,0.4666666666666667,61.33333333333333,1,1
5.0,1,2,0,0,30.0,44.0,5.0,0.3333333333333333,82.66666666666667,1,0
3.0,1,0,1,0,0.0,61.0,22.0,0.2,88.0,1,0
13.0,3,0,1,2,60.0,80.0,18.0,0.8666666666666667,49.33333333333333,1,1
1.0,0,0,0,0,197.0,108.0,14.0,0.0666666666666666,97.33333333333331,0,0
8.0,2,2,0,0,60.0,71.0,7.0,0.5333333333333333,74.66666666666667,1,0
4.0,1,1,0,0,120.0,92.0,10.0,0.2666666666666666,87.33333333333333,1,0
0.0,0,0,0,0,248.0,121.0,7.0,0.0,100.0,0,0
0.0,1,1,0,0,90.0,104.0,13.0,0.0,98.0,1,0
12.0,2,0,1,2,30.0,67.0,3.0,0.8,52.0,1,1
12.0,3,2,0,0,30.0,103.0,11.0,0.8,64.0,1,1
14.0,5,0,2,2,0.0,10.0,18.0,0.9333333333333332,42.66666666666666,1,0
9.0,2,0,0,2,60.0,56.0,8.0,0.6,64.0,1,1
3.0,2,0,1,1,60.0,73.0,16.0,0.2,82.0,1,1
4.0,0,0,0,0,239.0,95.0,19.0,0.2666666666666666,89.33333333333333,0,0
9.0,0,0,0,1,30.0,53.0,2.0,0.6,70.0,1,1
5.0,0,0,0,0,197.0,95.0,22.0,0.3333333333333333,86.66666666666667,0,0
11.0,5,1,2,2,0.0,36.0,21.0,0.7333333333333333,48.66666666666667,1,1
2.0,1,0,1,0,90.0,82.0,22.0,0.1333333333333333,90.66666666666669,1,0
10.0,1,1,0,0,150.0,57.0,17.0,0.6666666666666666,71.33333333333334,1,0
0.0,1,1,0,0,0.0,80.0,25.0,0.0,98.0,1,0
8.0,3,0,2,1,0.0,94.0,24.0,0.5333333333333333,64.66666666666667,1,1
4.0,1,1,0,0,150.0,86.0,13.0,0.2666666666666666,87.33333333333333,1,0
8.0,1,0,0,0,206.0,106.0,13.0,0.5333333333333333,78.66666666666667,0,0
4.0,0,0,0,0,290.0,102.0,21.0,0.2666666666666666,89.33333333333333,0,0
11.0,2,2,0,1,0.0,81.0,21.0,0.7333333333333333,60.66666666666667,1,1
6.0,4,4,0,0,0.0,74.0,16.0,0.4,76.0,1,1
4.0,0,0,0,0,231.0,61.0,12.0,0.2666666666666666,89.33333333333333,0,0
3.0,2,2,0,0,60.0,35.0,8.0,0.2,88.0,1,0
3.0,1,1,0,0,90.0,65.0,6.0,0.2,90.0,1,0
10.0,1,1,0,1,60.0,59.0,9.0,0.6666666666666666,65.33333333333334,1,1
12.0,2,1,1,0,90.0,34.0,6.0,0.8,62.0,1,1
3.0,1,0,1,0,90.0,82.0,23.0,0.2,88.0,1,0
0.0,0,0,0,0,275.0,88.0,6.0,0.0,100.0,0,0
4.0,0,0,0,0,337.0,113.0,18.0,0.2666666666666666,89.33333333333333,0,0
1.0,1,0,0,0,188.0,98.0,5.0,0.0666666666666666,97.33333333333331,0,0
0.0,2,1,0,0,120.0,69.0,21.0,0.0,98.0,1,0
7.0,0,1,0,0,0.0,104.0,8.0,0.4666666666666667,79.33333333333333,1,0
9.0,4,1,2,0,0.0,108.0,3.0,0.6,66.0,1,1
8.0,2,1,0,0,0.0,108.0,18.0,0.5333333333333333,76.66666666666667,1,0
7.0,2,1,1,0,0.0,42.0,18.0,0.4666666666666667,75.33333333333333,1,1
10.0,1,0,1,0,0.0,117.0,4.0,0.6666666666666666,69.33333333333334,1,1
3.0,0,0,0,0,356.0,125.0,25.0,0.2,92.0,0,0
8.0,2,1,0,0,30.0,46.0,18.0,0.5333333333333333,76.66666666666667,1,0
4.0,1,0,0,0,272.0,56.0,7.0,0.2666666666666666,89.33333333333333,0,0
2.0,0,0,0,0,331.0,120.0,18.0,0.1333333333333333,94.66666666666669,0,0
10.0,3,1,2,0,30.0,35.0,16.0,0.6666666666666666,63.33333333333334,1,1
11.0,1,0,1,1,90.0,25.0,7.0,0.7333333333333333,60.66666666666667,1,1
3.0,1,0,0,0,320.0,91.0,12.0,0.2,92.0,0,0
3.0,0,1,0,0,150.0,42.0,11.0,0.2,90.0,1,0
2.0,1,1,0,0,60.0,30.0,19.0,0.1333333333333333,92.66666666666669,1,0
3.0,2,2,1,0,0.0,34.0,21.0,0.2,84.0,1,0
0.0,0,0,0,0,312.0,135.0,5.0,0.0,100.0,0,0
3.0,0,0,0,0,235.0,55.0,3.0,0.2,92.0,0,0
4.0,0,1,0,0,150.0,34.0,6.0,0.2666666666666666,87.33333333333333,1,0
1.0,0,0,0,0,212.0,111.0,8.0,0.0666666666666666,97.33333333333331,0,0
4.0,0,0,0,0,202.0,67.0,24.0,0.2666666666666666,89.33333333333333,0,0
3.0,0,0,0,0,356.0,89.0,17.0,0.2,92.0,0,0
1.0,0,0,0,0,274.0,143.0,24.0,0.0666666666666666,97.33333333333331,0,0
5.0,0,0,0,0,269.0,63.0,19.0,0.3333333333333333,86.66666666666667,0,0
8.0,0,0,0,0,329.0,69.0,19.0,0.5333333333333333,78.66666666666667,0,0
8.0,1,0,1,0,120.0,39.0,22.0,0.5333333333333333,74.66666666666667,1,0
4.0,0,0,0,0,268.0,47.0,25.0,0.2666666666666666,89.33333333333333,0,0
0.0,0,0,0,0,308.0,85.0,2.0,0.0,100.0,0,0
9.0,4,1,1,1,0.0,49.0,23.0,0.6,64.0,1,1
1.0,0,0,0,0,223.0,51.0,14.0,0.0666666666666666,97.33333333333331,0,0
12.0,4,0,2,2,0.0,95.0,10.0,0.8,48.0,1,1
2.0,1,0,0,0,338.0,145.0,24.0,0.1333333333333333,94.66666666666669,0,0
7.0,0,0,0,0,217.0,98.0,21.0,0.4666666666666667,81.33333333333333,0,0
3.0,1,0,0,0,271.0,98.0,19.0,0.2,92.0,0,0
12.0,3,2,0,0,90.0,72.0,21.0,0.8,64.0,1,1
11.0,1,0,0,1,30.0,100.0,20.0,0.7333333333333333,64.66666666666667,1,1
7.0,1,1,1,0,120.0,52.0,16.0,0.4666666666666667,75.33333333333333,1,1
5.0,0,0,0,0,310.0,130.0,14.0,0.3333333333333333,86.66666666666667,0,0
6.0,2,0,0,1,120.0,104.0,6.0,0.4,78.0,1,1
3.0,0,0,0,0,242.0,120.0,11.0,0.2,92.0,0,0
3.0,0,0,0,0,224.0,104.0,12.0,0.2,92.0,0,0
10.0,2,0,2,0,0.0,45.0,8.0,0.6666666666666666,65.33333333333334,1,1
6.0,2,0,1,0,90.0,63.0,18.0,0.4,80.0,1,0
3.0,1,0,0,0,276.0,69.0,17.0,0.2,92.0,0,0
5.0,2,2,0,0,60.0,35.0,25.0,0.3333333333333333,82.66666666666667,1,0
5.0,0,0,0,0,214.0,108.0,18.0,0.3333333333333333,86.66666666666667,0,0
5.0,0,0,0,0,272.0,93.0,2.0,0.3333333333333333,86.66666666666667,0,0
4.0,0,0,0,0,268.0,117.0,7.0,0.2666666666666666,89.33333333333333,0,0
8.0,2,0,0,1,30.0,77.0,18.0,0.5333333333333333,72.66666666666667,1,1
6.0,0,0,0,0,339.0,49.0,25.0,0.4,84.0,0,0
12.0,3,1,1,0,0.0,56.0,18.0,0.8,62.0,1,1
7.0,1,1,0,0,90.0,33.0,13.0,0.4666666666666667,79.33333333333333,1,0
5.0,1,0,0,0,296.0,56.0,9.0,0.3333333333333333,86.66666666666667,0,0
9.0,2,1,1,0,0.0,96.0,14.0,0.6,70.0,1,1
2.0,0,0,0,0,320.0,102.0,16.0,0.1333333333333333,94.66666666666669,0,0
4.0,1,0,0,0,248.0,135.0,25.0,0.2666666666666666,89.33333333333333,0,0
4.0,1,0,1,0,150.0,59.0,8.0,0.2666666666666666,85.33333333333333,1,0
4.0,0,0,0,0,353.0,122.0,24.0,0.2666666666666666,89.33333333333333,0,0
10.0,3,0,2,0,0.0,34.0,16.0,0.6666666666666666,65.33333333333334,1,1
11.0,4,1,2,0,0.0,42.0,15.0,0.7333333333333333,60.66666666666667,1,1
3.0,1,0,0,0,204.0,68.0,21.0,0.2,92.0,0,0
9.0,2,0,1,1,30.0,33.0,14.0,0.6,66.0,1,1
6.0,1,1,0,0,120.0,89.0,4.0,0.4,82.0,1,0
2.0,0,0,0,0,354.0,92.0,8.0,0.1333333333333333,94.66666666666669,0,0
7.0,3,1,1,1,30.0,72.0,9.0,0.4666666666666667,69.33333333333333,1,1
3.0,0,0,0,0,304.0,59.0,7.0,0.2,92.0,0,0
13.0,4,0,1,2,0.0,27.0,12.0,0.8666666666666667,49.33333333333333,1,1
11.0,1,0,2,0,90.0,68.0,11.0,0.7333333333333333,62.66666666666667,1,1
4.0,0,0,0,0,237.0,49.0,1.0,0.2666666666666666,89.33333333333333,0,0
3.0,1,1,0,0,150.0,74.0,2.0,0.2,90.0,1,0
0.0,0,0,0,0,248.0,92.0,1.0,0.0,100.0,0,0
12.0,1,1,1,0,0.0,81.0,9.0,0.8,62.0,1,1
4.0,1,1,0,0,0.0,85.0,14.0,0.2666666666666666,87.33333333333333,1,0
2.0,1,0,0,0,249.0,52.0,3.0,0.1333333333333333,94.66666666666669,0,0
12.0,5,1,2,2,30.0,89.0,16.0,0.8,46.0,1,1
14.0,4,0,1,3,0.0,38.0,6.0,0.9333333333333332,40.66666666666666,1,1
7.0,2,1,0,1,90.0,101.0,7.0,0.4666666666666667,73.33333333333333,1,1
4.0,0,0,0,0,196.0,74.0,7.0,0.2666666666666666,89.33333333333333,0,0
4.0,1,0,0,0,258.0,135.0,11.0,0.2666666666666666,89.33333333333333,0,0
0.0,1,0,0,0,298.0,64.0,21.0,0.0,100.0,0,0
7.0,2,2,0,0,90.0,86.0,21.0,0.4666666666666667,77.33333333333333,1,1
11.0,2,0,2,1,30.0,96.0,21.0,0.7333333333333333,56.66666666666667,1,1
1.0,1,1,0,0,0.0,85.0,8.0,0.0666666666666666,95.33333333333331,1,1
4.0,0,0,0,0,199.0,47.0,23.0,0.2666666666666666,89.33333333333333,0,0
7.0,1,0,0,0,242.0,90.0,13.0,0.4666666666666667,81.33333333333333,0,0
8.0,5,1,1,3,0.0,55.0,14.0,0.5333333333333333,54.66666666666667,1,1
6.0,1,0,0,0,257.0,136.0,25.0,0.4,84.0,0,0
3.0,1,1,0,0,60.0,81.0,3.0,0.2,90.0,1,0
13.0,1,1,0,1,30.0,96.0,21.0,0.8666666666666667,57.33333333333333,1,1
1.0,0,0,0,0,325.0,67.0,2.0,0.0666666666666666,97.33333333333331,0,0
3.0,0,0,0,0,346.0,85.0,4.0,0.2,92.0,0,0
0.0,0,0,0,0,292.0,109.0,12.0,0.0,100.0,0,0
5.0,2,0,1,1,90.0,68.0,10.0,0.3333333333333333,76.66666666666667,1,1
0.0,3,1,1,0,90.0,88.0,24.0,0.0,94.0,1,0
3.0,0,0,0,0,252.0,120.0,16.0,0.2,92.0,0,0
4.0,1,1,0,0,0.0,98.0,11.0,0.2666666666666666,87.33333333333333,1,0
1.0,1,0,0,0,248.0,49.0,1.0,0.0666666666666666,97.33333333333331,0,0
6.0,4,2,1,0,0.0,90.0,16.0,0.4,76.0,1,1
4.0,1,0,0,0,348.0,87.0,8.0,0.2666666666666666,89.33333333333333,0,0
5.0,3,1,2,0,60.0,26.0,11.0,0.3333333333333333,76.66666666666667,1,1
0.0,1,0,1,0,150.0,100.0,1.0,0.0,96.0,1,0
4.0,1,0,0,1,30.0,68.0,1.0,0.2666666666666666,83.33333333333333,1,0
4.0,1,1,0,0,120.0,93.0,17.0,0.2666666666666666,87.33333333333333,1,0
2.0,0,0,0,0,345.0,127.0,14.0,0.1333333333333333,94.66666666666669,0,0
10.0,1,0,1,1,90.0,102.0,23.0,0.6666666666666666,63.33333333333334,1,1
4.0,0,1,0,0,0.0,37.0,19.0,0.2666666666666666,87.33333333333333,1,0
7.0,2,0,2,0,0.0,82.0,11.0,0.4666666666666667,73.33333333333333,1,1
3.0,0,0,0,0,225.0,58.0,3.0,0.2,92.0,0,0
1.0,1,0,0,0,308.0,103.0,24.0,0.0666666666666666,97.33333333333331,0,0
3.0,0,0,0,0,273.0,58.0,6.0,0.2,92.0,0,0
6.0,0,0,1,0,120.0,41.0,19.0,0.4,80.0,1,0
8.0,2,0,1,1,0.0,107.0,9.0,0.5333333333333333,68.66666666666667,1,1
8.0,3,1,1,0,60.0,81.0,6.0,0.5333333333333333,72.66666666666667,1,1
7.0,2,1,0,0,0.0,63.0,18.0,0.4666666666666667,79.33333333333333,1,0
11.0,3,1,0,2,0.0,52.0,13.0,0.7333333333333333,56.66666666666667,1,1
7.0,0,0,0,0,213.0,84.0,24.0,0.4666666666666667,81.33333333333333,0,0
1.0,1,0,0,0,252.0,118.0,2.0,0.0666666666666666,97.33333333333331,0,0
1.0,3,2,0,0,0.0,31.0,17.0,0.0666666666666666,93.33333333333331,1,0
1.0,0,0,0,0,327.0,89.0,20.0,0.0666666666666666,97.33333333333331,0,0
6.0,1,1,0,1,0.0,104.0,8.0,0.4,76.0,1,1
1.0,1,0,0,0,287.0,125.0,6.0,0.0666666666666666,97.33333333333331,0,0
7.0,0,0,0,0,182.0,47.0,23.0,0.4666666666666667,81.33333333333333,0,0
4.0,1,0,0,0,294.0,60.0,4.0,0.2666666666666666,89.33333333333333,0,0
6.0,0,0,0,0,237.0,110.0,24.0,0.4,84.0,0,0
9.0,1,1,0,0,0.0,53.0,18.0,0.6,74.0,1,0
3.0,0,0,0,0,325.0,97.0,3.0,0.2,92.0,0,0
3.0,1,0,0,0,186.0,104.0,3.0,0.2,92.0,0,0
4.0,0,0,0,0,192.0,125.0,19.0,0.2666666666666666,89.33333333333333,0,0
1.0,0,0,0,0,320.0,112.0,12.0,0.0666666666666666,97.33333333333331,0,0
12.0,2,0,1,1,0.0,46.0,14.0,0.8,58.0,1,1
4.0,1,0,0,0,212.0,88.0,10.0,0.2666666666666666,89.33333333333333,0,0
12.0,7,4,2,0,0.0,89.0,12.0,0.8,52.0,1,1
4.0,1,1,0,0,0.0,51.0,11.0,0.2666666666666666,87.33333333333333,1,0
8.0,1,1,1,0,60.0,55.0,21.0,0.5333333333333333,72.66666666666667,1,0
11.0,5,0,2,2,0.0,64.0,8.0,0.7333333333333333,50.66666666666667,1,1
7.0,3,2,0,0,60.0,62.0,16.0,0.4666666666666667,77.33333333333333,1,0
1.0,0,0,1,0,0.0,78.0,25.0,0.0666666666666666,93.33333333333331,1,0
4.0,1,0,0,0,261.0,134.0,22.0,0.2666666666666666,89.33333333333333,0,0
0.0,1,0,0,0,273.0,93.0,23.0,0.0,100.0,0,0
11.0,3,1,0,1,0.0,104.0,17.0,0.7333333333333333,62.66666666666667,1,1
7.0,1,0,0,1,0.0,124.0,8.0,0.4666666666666667,75.33333333333333,1,1
8.0,0,0,0,0,243.0,66.0,17.0,0.5333333333333333,78.66666666666667,0,0
2.0,1,1,0,0,150.0,78.0,12.0,0.1333333333333333,92.66666666666669,1,0
6.0,3,2,0,0,30.0,28.0,14.0,0.4,80.0,1,0
4.0,1,1,0,0,150.0,82.0,17.0,0.2666666666666666,87.33333333333333,1,0
0.0,1,0,0,0,250.0,121.0,16.0,0.0,100.0,0,0
4.0,1,0,1,0,60.0,91.0,1.0,0.2666666666666666,85.33333333333333,1,0
12.0,1,1,0,0,0.0,123.0,7.0,0.8,66.0,1,0
7.0,1,1,0,0,90.0,106.0,16.0,0.4666666666666667,79.33333333333333,1,0
1.0,0,0,0,0,314.0,137.0,24.0,0.0666666666666666,97.33333333333331,0,0
14.0,1,2,0,0,120.0,106.0,6.0,0.9333333333333332,58.66666666666666,1,1
7.0,0,0,0,0,306.0,57.0,13.0,0.4666666666666667,81.33333333333333,0,0
3.0,0,0,0,0,190.0,70.0,15.0,0.2,92.0,0,0
8.0,0,0,0,0,290.0,65.0,4.0,0.5333333333333333,78.66666666666667,0,0
1.0,0,0,0,0,238.0,74.0,1.0,0.0666666666666666,97.33333333333331,0,0
4.0,0,0,0,0,224.0,71.0,9.0,0.2666666666666666,89.33333333333333,0,0
3.0,0,1,0,0,150.0,98.0,24.0,0.2,90.0,1,0
2.0,0,0,0,0,284.0,74.0,25.0,0.1333333333333333,94.66666666666669,0,0
11.0,4,1,0,3,0.0,40.0,22.0,0.7333333333333333,50.66666666666667,1,1
5.0,1,0,1,0,30.0,107.0,12.0,0.3333333333333333,82.66666666666667,1,0
12.0,3,1,2,0,30.0,86.0,1.0,0.8,58.0,1,1
5.0,1,1,0,0,150.0,117.0,1.0,0.3333333333333333,84.66666666666667,1,0
2.0,0,0,0,0,302.0,107.0,20.0,0.1333333333333333,94.66666666666669,0,0
8.0,0,1,0,0,90.0,117.0,3.0,0.5333333333333333,76.66666666666667,1,0
0.0,0,0,0,0,228.0,112.0,13.0,0.0,100.0,0,0
4.0,1,0,0,0,275.0,128.0,6.0,0.2666666666666666,89.33333333333333,0,0
12.0,3,1,0,2,60.0,100.0,1.0,0.8,54.0,1,1
8.0,2,1,0,1,120.0,80.0,3.0,0.5333333333333333,70.66666666666667,1,1
3.0,0,0,0,0,335.0,103.0,7.0,0.2,92.0,0,0
3.0,0,1,0,0,90.0,96.0,21.0,0.2,90.0,1,0
9.0,4,1,1,1,90.0,41.0,23.0,0.6,64.0,1,1
13.0,1,1,1,0,0.0,68.0,11.0,0.8666666666666667,59.33333333333333,1,1
12.0,1,1,0,0,0.0,54.0,10.0,0.8,66.0,1,1
4.0,1,1,1,0,30.0,65.0,15.0,0.2666666666666666,83.33333333333333,1,0
6.0,2,2,1,0,0.0,36.0,8.0,0.4,76.0,1,0
7.0,0,0,0,0,234.0,48.0,1.0,0.4666666666666667,81.33333333333333,0,0
3.0,2,1,0,0,0.0,80.0,21.0,0.2,90.0,1,0
12.0,5,1,0,3,0.0,17.0,17.0,0.8,48.0,1,1
14.0,4,2,3,0,0.0,10.0,19.0,0.9333333333333332,46.66666666666666,1,1
7.0,0,0,0,0,258.0,72.0,1.0,0.4666666666666667,81.33333333333333,0,0
10.0,3,0,1,2,30.0,56.0,7.0,0.6666666666666666,57.33333333333334,1,1
2.0,0,0,0,0,241.0,76.0,1.0,0.1333333333333333,94.66666666666669,0,0
0.0,0,0,0,0,218.0,112.0,21.0,0.0,100.0,0,0
7.0,2,0,1,1,90.0,100.0,25.0,0.4666666666666667,71.33333333333333,1,1
0.0,0,0,0,0,346.0,119.0,10.0,0.0,100.0,0,0
12.0,0,0,0,0,223.0,58.0,6.0,0.8,68.0,0,0
11.0,0,0,0,0,278.0,134.0,19.0,0.7333333333333333,70.66666666666667,0,0
4.0,0,0,0,0,214.0,111.0,6.0,0.2666666666666666,89.33333333333333,0,0
4.0,0,0,1,0,60.0,82.0,1.0,0.2666666666666666,85.33333333333333,1,0
7.0,0,0,0,0,300.0,125.0,11.0,0.4666666666666667,81.33333333333333,0,0
6.0,2,1,0,1,60.0,68.0,3.0,0.4,76.0,1,1
4.0,0,0,0,0,182.0,78.0,4.0,0.2666666666666666,89.33333333333333,0,0
8.0,2,1,0,1,90.0,90.0,14.0,0.5333333333333333,70.66666666666667,1,1
7.0,5,1,2,1,30.0,83.0,24.0,0.4666666666666667,65.33333333333333,1,1
3.0,0,0,0,0,323.0,99.0,15.0,0.2,92.0,0,0
10.0,3,1,0,1,0.0,69.0,23.0,0.6666666666666666,65.33333333333334,1,1
8.0,1,0,0,0,225.0,106.0,6.0,0.5333333333333333,78.66666666666667,0,0
1.0,3,1,1,0,60.0,33.0,19.0,0.0666666666666666,91.33333333333331,1,0
5.0,0,0,0,0,227.0,78.0,8.0,0.3333333333333333,86.66666666666667,0,0
12.0,5,2,1,2,0.0,69.0,20.0,0.8,48.0,1,1
11.0,5,0,0,4,0.0,17.0,4.0,0.7333333333333333,46.66666666666667,1,1
10.0,2,0,1,2,0.0,42.0,9.0,0.6666666666666666,57.33333333333334,1,1
8.0,1,0,0,0,321.0,100.0,16.0,0.5333333333333333,78.66666666666667,0,0
5.0,0,0,0,0,274.0,95.0,4.0,0.3333333333333333,86.66666666666667,0,0
0.0,0,0,0,0,187.0,55.0,11.0,0.0,100.0,0,0
4.0,0,0,0,0,294.0,90.0,2.0,0.2666666666666666,89.33333333333333,0,0
13.0,2,0,0,1,120.0,89.0,17.0,0.8666666666666667,59.33333333333333,1,1
0.0,0,0,0,0,295.0,115.0,1.0,0.0,100.0,0,1
7.0,0,1,0,0,30.0,105.0,10.0,0.4666666666666667,79.33333333333333,1,0
1.0,1,0,0,0,184.0,62.0,16.0,0.0666666666666666,97.33333333333331,0,0
2.0,1,0,0,0,307.0,95.0,23.0,0.1333333333333333,94.66666666666669,0,0
3.0,0,0,0,0,246.0,136.0,17.0,0.2,92.0,0,0
6.0,0,0,0,0,220.0,101.0,16.0,0.4,84.0,0,0
1.0,0,0,0,0,344.0,112.0,18.0,0.0666666666666666,97.33333333333331,0,0
0.0,0,0,0,0,338.0,98.0,1.0,0.0,100.0,0,0
2.0,0,0,0,0,260.0,76.0,20.0,0.1333333333333333,94.66666666666669,0,0
3.0,0,0,0,0,181.0,43.0,19.0,0.2,92.0,0,0
4.0,1,0,1,0,30.0,88.0,3.0,0.2666666666666666,85.33333333333333,1,0
3.0,0,0,0,0,298.0,96.0,24.0,0.2,92.0,0,0
2.0,0,0,0,0,199.0,62.0,10.0,0.1333333333333333,94.66666666666669,0,0
4.0,0,0,0,0,344.0,76.0,3.0,0.2666666666666666,89.33333333333333,0,0
3.0,0,0,0,0,329.0,73.0,6.0,0.2,92.0,0,0
2.0,0,0,0,0,233.0,129.0,14.0,0.1333333333333333,94.66666666666669,0,0
2.0,0,0,0,0,341.0,63.0,20.0,0.1333333333333333,94.66666666666669,0,0
2.0,0,0,0,0,359.0,84.0,6.0,0.1333333333333333,94.66666666666669,0,0
6.0,1,2,0,0,60.0,111.0,19.0,0.4,80.0,1,0
8.0,4,1,2,1,0.0,100.0,3.0,0.5333333333333333,62.66666666666667,1,1
6.0,1,0,2,0,90.0,45.0,17.0,0.4,76.0,1,1
4.0,1,0,0,0,237.0,124.0,12.0,0.2666666666666666,89.33333333333333,0,0
9.0,0,0,0,1,150.0,88.0,22.0,0.6,70.0,1,1
6.0,2,0,2,0,90.0,33.0,13.0,0.4,76.0,1,1
1.0,1,0,0,0,322.0,87.0,25.0,0.0666666666666666,97.33333333333331,0,0
2.0,0,0,0,0,332.0,59.0,5.0,0.1333333333333333,94.66666666666669,0,0
8.0,3,2,0,0,30.0,33.0,16.0,0.5333333333333333,74.66666666666667,1,1
3.0,2,1,0,0,30.0,68.0,3.0,0.2,90.0,1,0
8.0,1,0,2,0,0.0,38.0,9.0,0.5333333333333333,70.66666666666667,1,1
1.0,0,0,0,0,185.0,73.0,14.0,0.0666666666666666,97.33333333333331,0,0
1.0,0,0,0,0,327.0,123.0,15.0,0.0666666666666666,97.33333333333331,0,0
14.0,5,0,1,3,0.0,32.0,15.0,0.9333333333333332,40.66666666666666,1,1
0.0,0,0,0,0,322.0,138.0,24.0,0.0,100.0,0,0
14.0,1,0,1,1,0.0,79.0,9.0,0.9333333333333332,52.66666666666666,1,1
1.0,0,0,0,0,282.0,85.0,24.0,0.0666666666666666,97.33333333333331,0,0
6.0,1,0,0,0,326.0,132.0,6.0,0.4,84.0,0,0
0.0,0,0,0,0,202.0,79.0,16.0,0.0,100.0,0,0
8.0,4,3,0,0,0.0,18.0,2.0,0.5333333333333333,72.66666666666667,1,1
4.0,2,1,0,0,0.0,87.0,3.0,0.2666666666666666,87.33333333333333,1,0
14.0,3,0,1,1,60.0,29.0,13.0,0.9333333333333332,52.66666666666666,1,1
13.0,3,2,1,0,30.0,102.0,6.0,0.8666666666666667,57.33333333333333,1,1
0.0,1,0,0,0,328.0,51.0,2.0,0.0,100.0,0,0
3.0,1,1,0,0,30.0,65.0,14.0,0.2,90.0,1,0
4.0,0,0,1,0,30.0,57.0,5.0,0.2666666666666666,85.33333333333333,1,1
4.0,1,1,0,0,150.0,50.0,2.0,0.2666666666666666,87.33333333333333,1,0
4.0,0,0,0,0,299.0,100.0,20.0,0.2666666666666666,89.33333333333333,0,0
7.0,4,3,0,0,0.0,17.0,23.0,0.4666666666666667,75.33333333333333,1,1
5.0,2,0,0,1,30.0,48.0,9.0,0.3333333333333333,80.66666666666667,1,0
10.0,4,1,3,0,60.0,46.0,3.0,0.6666666666666666,59.33333333333334,1,1
13.0,1,0,0,1,120.0,63.0,19.0,0.8666666666666667,59.33333333333333,1,1
3.0,3,2,1,0,30.0,46.0,18.0,0.2,84.0,1,0
3.0,1,1,0,0,60.0,33.0,25.0,0.2,90.0,1,0
2.0,0,0,0,0,253.0,59.0,15.0,0.1333333333333333,94.66666666666669,0,0
8.0,1,0,1,0,0.0,97.0,19.0,0.5333333333333333,74.66666666666667,1,0
13.0,1,1,0,0,0.0,80.0,9.0,0.8666666666666667,63.33333333333333,1,1
1.0,0,0,0,0,295.0,109.0,1.0,0.0666666666666666,97.33333333333331,0,0
4.0,4,2,0,1,0.0,24.0,13.0,0.2666666666666666,79.33333333333333,1,1
2.0,0,0,0,0,324.0,60.0,18.0,0.1333333333333333,94.66666666666669,0,0
7.0,1,1,0,0,90.0,83.0,21.0,0.4666666666666667,79.33333333333333,1,0
12.0,4,2,1,1,0.0,14.0,15.0,0.8,54.0,1,1
0.0,0,0,0,0,204.0,110.0,5.0,0.0,100.0,0,0
2.0,1,0,0,0,344.0,65.0,4.0,0.1333333333333333,94.66666666666669,0,0
3.0,0,1,0,0,90.0,82.0,3.0,0.2,90.0,1,0
8.0,1,1,0,0,60.0,30.0,21.0,0.5333333333333333,76.66666666666667,1,0
10.0,1,1,1,0,0.0,59.0,9.0,0.6666666666666666,67.33333333333334,1,1
7.0,2,1,1,0,60.0,23.0,3.0,0.4666666666666667,75.33333333333333,1,1
12.0,3,2,0,2,30.0,97.0,4.0,0.8,52.0,1,1
0.0,2,0,1,0,90.0,106.0,2.0,0.0,96.0,1,0
11.0,1,0,2,0,30.0,24.0,16.0,0.7333333333333333,62.66666666666667,1,1
4.0,0,1,0,0,0.0,54.0,5.0,0.2666666666666666,87.33333333333333,1,0
4.0,0,0,0,0,196.0,91.0,22.0,0.2666666666666666,89.33333333333333,0,0
1.0,0,1,0,0,60.0,88.0,1.0,0.0666666666666666,95.33333333333331,1,0
2.0,0,0,0,0,184.0,110.0,24.0,0.1333333333333333,94.66666666666669,0,0
8.0,2,1,0,0,150.0,108.0,6.0,0.5333333333333333,76.66666666666667,1,1
3.0,1,0,0,0,269.0,105.0,2.0,0.2,92.0,0,0
10.0,3,1,0,2,30.0,93.0,9.0,0.6666666666666666,59.33333333333334,1,1
4.0,0,0,0,0,336.0,123.0,15.0,0.2666666666666666,89.33333333333333,0,0
4.0,0,0,0,0,359.0,141.0,4.0,0.2666666666666666,89.33333333333333,0,0
10.0,3,1,1,0,30.0,49.0,9.0,0.6666666666666666,67.33333333333334,1,1
11.0,4,0,3,1,0.0,72.0,25.0,0.7333333333333333,52.66666666666667,1,1
6.0,1,1,0,0,90.0,66.0,19.0,0.4,82.0,1,0
4.0,1,1,0,0,0.0,117.0,18.0,0.2666666666666666,87.33333333333333,1,0
3.0,1,0,0,0,200.0,78.0,1.0,0.2,92.0,0,0
1.0,0,0,0,0,325.0,133.0,1.0,0.0666666666666666,97.33333333333331,0,0
3.0,1,0,1,0,0.0,121.0,25.0,0.2,88.0,1,0
9.0,2,1,1,0,30.0,95.0,8.0,0.6,70.0,1,1
3.0,1,0,0,0,237.0,87.0,21.0,0.2,92.0,0,0
3.0,0,0,0,0,212.0,95.0,8.0,0.2,92.0,0,0
9.0,4,1,2,0,0.0,35.0,23.0,0.6,66.0,1,1
1.0,0,0,0,0,279.0,120.0,8.0,0.0666666666666666,97.33333333333331,0,0
0.0,0,0,0,0,208.0,125.0,12.0,0.0,100.0,0,0
10.0,2,0,0,2,60.0,41.0,22.0,0.6666666666666666,61.33333333333334,1,1
4.0,1,0,0,0,242.0,115.0,7.0,0.2666666666666666,89.33333333333333,0,0
8.0,2,0,1,1,0.0,24.0,2.0,0.5333333333333333,68.66666666666667,1,1
3.0,1,0,0,0,270.0,53.0,2.0,0.2,92.0,0,0
0.0,0,1,0,0,30.0,123.0,15.0,0.0,98.0,1,0
11.0,2,0,1,0,90.0,92.0,1.0,0.7333333333333333,66.66666666666667,1,1
5.0,0,0,0,1,150.0,111.0,22.0,0.3333333333333333,80.66666666666667,1,0
6.0,4,1,2,1,0.0,36.0,8.0,0.4,68.0,1,1
2.0,0,0,0,0,328.0,94.0,25.0,0.1333333333333333,94.66666666666669,0,0
14.0,2,0,0,2,120.0,104.0,14.0,0.9333333333333332,50.66666666666666,1,1
5.0,3,1,1,0,60.0,30.0,21.0,0.3333333333333333,80.66666666666667,1,0
12.0,4,2,0,1,30.0,29.0,19.0,0.8,58.0,1,1
6.0,1,1,0,0,30.0,116.0,23.0,0.4,82.0,1,0
9.0,3,1,1,1,30.0,78.0,23.0,0.6,64.0,1,1
3.0,1,1,0,0,120.0,108.0,9.0,0.2,90.0,1,0
4.0,0,0,0,0,220.0,48.0,4.0,0.2666666666666666,89.33333333333333,0,0
3.0,2,1,0,0,150.0,103.0,16.0,0.2,90.0,1,0
3.0,2,0,1,0,90.0,52.0,14.0,0.2,88.0,1,0
12.0,1,0,1,0,60.0,72.0,4.0,0.8,64.0,1,1
13.0,2,0,1,1,0.0,42.0,23.0,0.8666666666666667,55.33333333333333,1,1
3.0,0,0,0,0,223.0,113.0,4.0,0.2,92.0,0,0
7.0,0,0,0,0,253.0,138.0,16.0,0.4666666666666667,81.33333333333333,0,0
4.0,0,0,1,0,120.0,45.0,7.0,0.2666666666666666,85.33333333333333,1,0
5.0,2,1,0,0,90.0,61.0,2.0,0.3333333333333333,84.66666666666667,1,0
12.0,0,0,0,0,213.0,49.0,3.0,0.8,68.0,0,0
1.0,0,1,0,0,0.0,98.0,9.0,0.0666666666666666,95.33333333333331,1,0
2.0,0,0,0,0,335.0,129.0,17.0,0.1333333333333333,94.66666666666669,0,0
2.0,1,2,0,0,0.0,55.0,1.0,0.1333333333333333,90.66666666666669,1,0
3.0,1,0,0,0,267.0,58.0,15.0,0.2,92.0,0,0
12.0,3,0,1,1,60.0,35.0,9.0,0.8,58.0,1,1
10.0,3,0,3,0,0.0,29.0,4.0,0.6666666666666666,61.33333333333334,1,1
2.0,0,0,0,0,359.0,104.0,9.0,0.1333333333333333,94.66666666666669,0,0
1.0,0,1,0,0,60.0,100.0,14.0,0.0666666666666666,95.33333333333331,1,0
4.0,1,0,0,0,319.0,129.0,6.0,0.2666666666666666,89.33333333333333,0,0
12.0,3,0,0,3,0.0,84.0,2.0,0.8,50.0,1,1
5.0,1,1,0,0,120.0,38.0,18.0,0.3333333333333333,84.66666666666667,1,0
6.0,0,0,0,0,343.0,65.0,24.0,0.4,84.0,0,0
12.0,5,2,2,1,0.0,82.0,6.0,0.8,50.0,1,1
8.0,2,2,0,0,0.0,109.0,12.0,0.5333333333333333,74.66666666666667,1,0
9.0,3,0,2,1,0.0,83.0,12.0,0.6,62.0,1,1
4.0,0,0,0,0,334.0,81.0,15.0,0.2666666666666666,89.33333333333333,0,0
3.0,0,0,0,0,208.0,69.0,9.0,0.2,92.0,0,0
8.0,1,1,1,0,60.0,73.0,7.0,0.5333333333333333,72.66666666666667,1,1
4.0,0,0,0,0,327.0,106.0,12.0,0.2666666666666666,89.33333333333333,0,0
14.0,7,2,0,4,0.0,27.0,20.0,0.9333333333333332,34.666666666666664,1,1
5.0,1,1,0,0,0.0,67.0,6.0,0.3333333333333333,84.66666666666667,1,0
12.0,4,1,1,2,0.0,56.0,12.0,0.8,50.0,1,1
13.0,6,1,3,1,0.0,74.0,15.0,0.8666666666666667,45.33333333333333,1,1
0.0,0,0,0,0,297.0,120.0,12.0,0.0,100.0,0,0
4.0,0,0,0,0,283.0,92.0,13.0,0.2666666666666666,89.33333333333333,0,0
1.0,0,0,0,0,312.0,67.0,19.0,0.0666666666666666,97.33333333333331,0,0
6.0,0,0,0,0,299.0,62.0,7.0,0.4,84.0,0,0
7.0,3,1,1,0,0.0,84.0,1.0,0.4666666666666667,75.33333333333333,1,1
4.0,1,1,0,0,0.0,43.0,8.0,0.2666666666666666,87.33333333333333,1,0
9.0,3,1,1,0,0.0,30.0,6.0,0.6,70.0,1,1
0.0,0,0,0,0,264.0,104.0,3.0,0.0,100.0,0,0
3.0,1,1,0,0,60.0,112.0,14.0,0.2,90.0,1,0
9.0,4,2,2,0,0.0,74.0,5.0,0.6,64.0,1,1
4.0,3,2,0,0,0.0,57.0,25.0,0.2666666666666666,85.33333333333333,1,0
3.0,0,0,0,0,238.0,102.0,6.0,0.2,92.0,0,0
2.0,1,1,0,0,30.0,97.0,9.0,0.1333333333333333,92.66666666666669,1,0
2.0,0,0,0,0,180.0,72.0,25.0,0.1333333333333333,94.66666666666669,0,0
10.0,2,1,1,0,30.0,38.0,13.0,0.6666666666666666,67.33333333333334,1,1
0.0,0,0,0,0,292.0,95.0,9.0,0.0,100.0,0,0
4.0,0,0,0,0,262.0,130.0,19.0,0.2666666666666666,89.33333333333333,0,0
2.0,0,0,0,0,226.0,106.0,11.0,0.1333333333333333,94.66666666666669,0,0
11.0,4,1,0,3,0.0,19.0,21.0,0.7333333333333333,50.66666666666667,1,1
8.0,1,1,0,0,120.0,65.0,22.0,0.5333333333333333,76.66666666666667,1,0
3.0,0,0,0,0,208.0,105.0,21.0,0.2,92.0,0,0
10.0,2,0,0,1,30.0,65.0,11.0,0.6666666666666666,67.33333333333334,1,1
14.0,3,0,0,4,30.0,46.0,10.0,0.9333333333333332,38.66666666666666,1,1
8.0,1,0,0,0,211.0,43.0,5.0,0.5333333333333333,78.66666666666667,0,0
1.0,0,1,0,0,120.0,52.0,1.0,0.0666666666666666,95.33333333333331,1,0
4.0,1,0,0,0,338.0,131.0,8.0,0.2666666666666666,89.33333333333333,0,0
6.0,0,0,0,0,341.0,122.0,8.0,0.4,84.0,0,0
8.0,3,2,0,0,0.0,53.0,10.0,0.5333333333333333,74.66666666666667,1,1
7.0,0,0,1,0,30.0,116.0,11.0,0.4666666666666667,77.33333333333333,1,0
6.0,0,1,0,0,30.0,53.0,16.0,0.4,82.0,1,0
6.0,2,0,2,1,0.0,66.0,21.0,0.4,70.0,1,1
2.0,1,0,0,0,180.0,88.0,5.0,0.1333333333333333,94.66666666666669,0,0
6.0,0,0,0,0,204.0,82.0,22.0,0.4,84.0,0,0
6.0,1,1,0,0,60.0,108.0,1.0,0.4,82.0,1,0
7.0,0,0,1,0,60.0,108.0,18.0,0.4666666666666667,77.33333333333333,1,0
10.0,4,2,0,1,60.0,18.0,24.0,0.6666666666666666,63.33333333333334,1,1
6.0,2,0,2,0,30.0,75.0,15.0,0.4,76.0,1,1
5.0,0,0,0,0,260.0,102.0,7.0,0.3333333333333333,86.66666666666667,0,0
2.0,0,0,0,0,209.0,125.0,12.0,0.1333333333333333,94.66666666666669,0,0
3.0,0,1,0,0,90.0,101.0,1.0,0.2,90.0,1,0
2.0,0,0,0,0,349.0,96.0,22.0,0.1333333333333333,94.66666666666669,0,0
4.0,0,0,0,0,235.0,66.0,21.0,0.2666666666666666,89.33333333333333,0,0
8.0,5,3,0,1,30.0,92.0,2.0,0.5333333333333333,66.66666666666667,1,1
10.0,3,2,1,0,0.0,24.0,18.0,0.6666666666666666,65.33333333333334,1,1
6.0,4,0,2,1,0.0,65.0,1.0,0.4,70.0,1,1
12.0,4,0,3,1,0.0,73.0,16.0,0.8,50.0,1,1
8.0,3,0,2,0,0.0,43.0,25.0,0.5333333333333333,70.66666666666667,1,1
4.0,0,0,0,0,203.0,78.0,12.0,0.2666666666666666,89.33333333333333,0,0
9.0,1,0,2,0,60.0,91.0,10.0,0.6,68.0,1,1
1.0,2,1,0,0,150.0,94.0,8.0,0.0666666666666666,95.33333333333331,1,0
12.0,4,4,1,0,0.0,56.0,24.0,0.8,56.0,1,1
6.0,1,0,1,0,120.0,67.0,13.0,0.4,80.0,1,0
6.0,2,1,0,0,60.0,43.0,11.0,0.4,82.0,1,0
5.0,0,0,1,0,120.0,99.0,19.0,0.3333333333333333,82.66666666666667,1,0
1.0,1,1,0,0,60.0,126.0,24.0,0.0666666666666666,95.33333333333331,1,0
5.0,1,2,0,0,30.0,77.0,16.0,0.3333333333333333,82.66666666666667,1,0
10.0,4,0,0,3,0.0,83.0,6.0,0.6666666666666666,55.33333333333334,1,1
6.0,1,0,1,1,30.0,107.0,19.0,0.4,74.0,1,1
3.0,2,0,1,0,60.0,116.0,19.0,0.2,88.0,1,0
3.0,0,0,0,0,229.0,97.0,10.0,0.2,92.0,0,0
3.0,1,0,0,0,303.0,52.0,13.0,0.2,92.0,0,0
6.0,1,1,0,0,90.0,80.0,13.0,0.4,82.0,1,0
1.0,0,0,0,0,333.0,79.0,6.0,0.0666666666666666,97.33333333333331,0,0
4.0,1,0,0,0,344.0,96.0,22.0,0.2666666666666666,89.33333333333333,0,0
2.0,0,1,0,0,30.0,46.0,1.0,0.1333333333333333,92.66666666666669,1,0
1.0,0,0,0,0,241.0,55.0,12.0,0.0666666666666666,97.33333333333331,0,0
3.0,1,0,0,0,222.0,78.0,13.0,0.2,92.0,0,0
0.0,0,0,0,0,305.0,80.0,1.0,0.0,100.0,0,0
0.0,0,0,0,0,341.0,132.0,4.0,0.0,100.0,0,0
8.0,1,1,0,0,60.0,92.0,7.0,0.5333333333333333,76.66666666666667,1,0
2.0,1,1,0,0,60.0,68.0,24.0,0.1333333333333333,92.66666666666669,1,0
7.0,4,0,2,2,0.0,58.0,23.0,0.4666666666666667,61.33333333333333,1,1
8.0,1,0,2,0,0.0,90.0,17.0,0.5333333333333333,70.66666666666667,1,1
10.0,1,1,0,1,0.0,114.0,19.0,0.6666666666666666,65.33333333333334,1,1
7.0,0,0,0,0,309.0,80.0,18.0,0.4666666666666667,81.33333333333333,0,0
0.0,0,0,0,0,342.0,125.0,20.0,0.0,100.0,0,0
1.0,0,1,0,0,120.0,97.0,12.0,0.0666666666666666,95.33333333333331,1,0
4.0,3,2,0,0,30.0,82.0,10.0,0.2666666666666666,85.33333333333333,1,0
10.0,2,1,1,0,0.0,36.0,5.0,0.6666666666666666,67.33333333333334,1,1
12.0,4,1,1,1,30.0,69.0,3.0,0.8,56.0,1,1
8.0,0,0,0,0,311.0,133.0,23.0,0.5333333333333333,78.66666666666667,0,0
7.0,2,0,1,0,150.0,72.0,2.0,0.4666666666666667,77.33333333333333,1,0
0.0,1,0,0,0,250.0,55.0,20.0,0.0,100.0,0,0
7.0,2,1,1,0,30.0,108.0,11.0,0.4666666666666667,75.33333333333333,1,1
1.0,0,0,0,0,203.0,100.0,3.0,0.0666666666666666,97.33333333333331,0,0
4.0,0,0,0,0,314.0,65.0,22.0,0.2666666666666666,89.33333333333333,0,0
0.0,0,0,0,0,288.0,93.0,7.0,0.0,100.0,0,0
6.0,1,1,0,0,60.0,100.0,19.0,0.4,82.0,1,0
4.0,3,1,2,0,30.0,37.0,24.0,0.2666666666666666,79.33333333333333,1,1
8.0,0,1,0,0,0.0,80.0,3.0,0.5333333333333333,76.66666666666667,1,0
9.0,2,1,0,0,150.0,27.0,9.0,0.6,74.0,1,0
7.0,0,0,0,0,314.0,71.0,2.0,0.4666666666666667,81.33333333333333,0,0
0.0,0,0,0,0,239.0,109.0,3.0,0.0,100.0,0,0
10.0,2,0,1,1,60.0,94.0,6.0,0.6666666666666666,63.33333333333334,1,1
7.0,0,0,0,0,299.0,119.0,7.0,0.4666666666666667,81.33333333333333,0,1
4.0,0,0,0,0,251.0,93.0,2.0,0.2666666666666666,89.33333333333333,0,0
8.0,2,1,1,0,30.0,55.0,7.0,0.5333333333333333,72.66666666666667,1,1
2.0,0,0,0,0,293.0,83.0,18.0,0.1333333333333333,94.66666666666669,0,0
1.0,1,0,0,0,321.0,69.0,7.0,0.0666666666666666,97.33333333333331,0,0
6.0,2,0,0,3,0.0,26.0,14.0,0.4,66.0,1,1
4.0,0,0,0,0,310.0,112.0,5.0,0.2666666666666666,89.33333333333333,0,0
3.0,0,1,0,0,150.0,108.0,21.0,0.2,90.0,1,0
6.0,0,0,0,0,297.0,123.0,8.0,0.4,84.0,0,0
10.0,1,1,0,0,60.0,47.0,17.0,0.6666666666666666,71.33333333333334,1,0
4.0,1,0,0,0,358.0,94.0,25.0,0.2666666666666666,89.33333333333333,0,0
7.0,1,0,0,0,306.0,62.0,17.0,0.4666666666666667,81.33333333333333,0,0
3.0,2,1,1,0,30.0,108.0,18.0,0.2,86.0,1,0
6.0,4,1,2,0,60.0,41.0,18.0,0.4,74.0,1,1
3.0,0,0,0,0,321.0,131.0,6.0,0.2,92.0,0,0
12.0,3,0,1,1,0.0,91.0,24.0,0.8,58.0,1,1
5.0,0,1,0,0,30.0,87.0,15.0,0.3333333333333333,84.66666666666667,1,0
3.0,0,0,0,0,257.0,86.0,14.0,0.2,92.0,0,0
3.0,0,0,0,0,206.0,103.0,13.0,0.2,92.0,0,0
9.0,2,0,1,1,30.0,42.0,10.0,0.6,66.0,1,1
10.0,3,1,1,0,90.0,66.0,15.0,0.6666666666666666,67.33333333333334,1,1
7.0,0,1,0,0,30.0,91.0,17.0,0.4666666666666667,79.33333333333333,1,0
10.0,5,1,0,3,0.0,86.0,8.0,0.6666666666666666,53.33333333333334,1,1
4.0,0,0,0,0,352.0,58.0,6.0,0.2666666666666666,89.33333333333333,0,0
7.0,2,1,0,0,120.0,47.0,13.0,0.4666666666666667,79.33333333333333,1,0
2.0,0,0,0,0,304.0,141.0,20.0,0.1333333333333333,94.66666666666669,0,0
0.0,1,0,0,0,352.0,122.0,19.0,0.0,100.0,0,0
0.0,1,1,0,0,30.0,96.0,15.0,0.0,98.0,1,0
0.0,0,0,0,0,255.0,116.0,9.0,0.0,100.0,0,0
5.0,2,1,1,0,0.0,100.0,7.0,0.3333333333333333,80.66666666666667,1,0
3.0,0,0,0,0,270.0,95.0,18.0,0.2,92.0,0,0
7.0,6,0,4,1,0.0,49.0,14.0,0.4666666666666667,59.33333333333333,1,1
6.0,1,0,0,1,0.0,87.0,21.0,0.4,78.0,1,0
0.0,0,0,0,0,238.0,132.0,8.0,0.0,100.0,0,0
10.0,3,1,1,1,30.0,23.0,1.0,0.6666666666666666,61.33333333333334,1,1
3.0,1,0,0,0,323.0,55.0,21.0,0.2,92.0,0,0
0.0,1,2,0,0,120.0,72.0,24.0,0.0,96.0,1,0
2.0,1,0,0,0,291.0,113.0,9.0,0.1333333333333333,94.66666666666669,0,0
7.0,2,1,1,1,30.0,29.0,10.0,0.4666666666666667,69.33333333333333,1,1
2.0,0,0,0,0,225.0,72.0,13.0,0.1333333333333333,94.66666666666669,0,0
2.0,0,0,0,0,187.0,107.0,4.0,0.1333333333333333,94.66666666666669,0,0
9.0,3,1,2,0,0.0,76.0,9.0,0.6,66.0,1,1
12.0,2,0,1,2,60.0,24.0,9.0,0.8,52.0,1,1
12.0,3,2,0,0,30.0,41.0,9.0,0.8,64.0,1,1
3.0,0,1,0,0,60.0,59.0,4.0,0.2,90.0,1,0
13.0,3,2,1,0,0.0,57.0,17.0,0.8666666666666667,57.33333333333333,1,1
2.0,1,0,0,0,341.0,89.0,4.0,0.1333333333333333,94.66666666666669,0,0
4.0,1,0,0,1,60.0,110.0,18.0,0.2666666666666666,83.33333333333333,1,0
13.0,2,0,1,0,60.0,53.0,11.0,0.8666666666666667,61.33333333333333,1,1
10.0,3,0,0,3,30.0,21.0,25.0,0.6666666666666666,55.33333333333334,1,1
4.0,0,0,0,0,198.0,126.0,6.0,0.2666666666666666,89.33333333333333,0,0
5.0,0,0,1,0,0.0,81.0,8.0,0.3333333333333333,82.66666666666667,1,0
4.0,0,0,0,0,305.0,83.0,4.0,0.2666666666666666,89.33333333333333,0,0
0.0,0,0,0,0,240.0,93.0,19.0,0.0,100.0,0,0
1.0,1,0,0,0,229.0,55.0,12.0,0.0666666666666666,97.33333333333331,0,0
7.0,1,0,1,1,60.0,77.0,5.0,0.4666666666666667,71.33333333333333,1,1
6.0,4,1,2,1,0.0,83.0,22.0,0.4,68.0,1,1
3.0,2,1,0,0,120.0,116.0,16.0,0.2,90.0,1,0
4.0,3,1,1,0,0.0,60.0,23.0,0.2666666666666666,83.33333333333333,1,0
8.0,3,0,3,0,0.0,32.0,6.0,0.5333333333333333,66.66666666666667,1,1
4.0,0,1,0,0,30.0,124.0,9.0,0.2666666666666666,87.33333333333333,1,0
13.0,4,0,2,1,0.0,20.0,25.0,0.8666666666666667,51.33333333333333,1,1
7.0,2,1,0,0,60.0,79.0,19.0,0.4666666666666667,79.33333333333333,1,1
0.0,0,0,0,0,219.0,86.0,20.0,0.0,100.0,0,0
4.0,0,0,1,0,60.0,34.0,19.0,0.2666666666666666,85.33333333333333,1,0
8.0,4,1,3,1,30.0,40.0,11.0,0.5333333333333333,58.66666666666667,1,1
9.0,1,1,0,0,0.0,82.0,3.0,0.6,74.0,1,0
0.0,0,0,0,0,313.0,107.0,12.0,0.0,100.0,0,0
2.0,0,0,0,0,276.0,98.0,25.0,0.1333333333333333,94.66666666666669,0,0
12.0,5,1,1,2,0.0,76.0,23.0,0.8,50.0,1,1
7.0,0,0,0,0,218.0,48.0,19.0,0.4666666666666667,81.33333333333333,0,0
3.0,0,0,0,0,347.0,130.0,6.0,0.2,92.0,0,0
4.0,1,1,0,0,0.0,77.0,1.0,0.2666666666666666,87.33333333333333,1,0
8.0,0,0,0,0,298.0,60.0,9.0,0.5333333333333333,78.66666666666667,0,0
7.0,4,1,1,1,30.0,40.0,6.0,0.4666666666666667,69.33333333333333,1,1
7.0,2,2,0,0,0.0,64.0,19.0,0.4666666666666667,77.33333333333333,1,0
2.0,0,0,0,0,253.0,128.0,19.0,0.1333333333333333,94.66666666666669,0,0
1.0,0,0,0,0,288.0,138.0,8.0,0.0666666666666666,97.33333333333331,0,0
11.0,3,1,0,2,0.0,25.0,21.0,0.7333333333333333,56.66666666666667,1,1
3.0,0,0,0,0,288.0,75.0,4.0,0.2,92.0,0,0
4.0,1,0,1,0,60.0,102.0,12.0,0.2666666666666666,85.33333333333333,1,0
11.0,3,3,0,0,0.0,68.0,22.0,0.7333333333333333,64.66666666666667,1,1
1.0,0,0,0,0,322.0,101.0,2.0,0.0666666666666666,97.33333333333331,0,0
8.0,3,1,0,1,30.0,71.0,19.0,0.5333333333333333,70.66666666666667,1,1
5.0,0,0,0,0,200.0,129.0,3.0,0.3333333333333333,86.66666666666667,0,0
3.0,1,0,0,0,292.0,123.0,6.0,0.2,92.0,0,0
1.0,1,0,0,0,232.0,53.0,19.0,0.0666666666666666,97.33333333333331,0,0
0.0,0,0,0,0,213.0,79.0,22.0,0.0,100.0,0,0
3.0,0,0,0,0,257.0,64.0,15.0,0.2,92.0,0,0
4.0,0,0,0,0,341.0,67.0,22.0,0.2666666666666666,89.33333333333333,0,0
10.0,3,0,3,0,0.0,27.0,13.0,0.6666666666666666,61.33333333333334,1,1
7.0,4,1,3,0,0.0,19.0,20.0,0.4666666666666667,67.33333333333333,1,1
1.0,1,0,0,0,316.0,102.0,18.0,0.0666666666666666,97.33333333333331,0,0
3.0,0,1,0,0,0.0,110.0,17.0,0.2,90.0,1,0
12.0,2,1,0,2,0.0,63.0,17.0,0.8,54.0,1,1
12.0,2,0,2,1,0.0,81.0,6.0,0.8,54.0,1,1
7.0,1,1,1,0,0.0,74.0,1.0,0.4666666666666667,75.33333333333333,1,0
6.0,1,0,1,0,60.0,100.0,21.0,0.4,80.0,1,0
11.0,1,1,1,0,60.0,94.0,16.0,0.7333333333333333,64.66666666666667,1,1
11.0,3,0,1,2,30.0,99.0,20.0,0.7333333333333333,54.66666666666667,1,1
1.0,0,0,0,0,271.0,134.0,11.0,0.0666666666666666,97.33333333333331,0,0
7.0,1,1,0,0,120.0,88.0,20.0,0.4666666666666667,79.33333333333333,1,0
8.0,1,1,0,0,60.0,114.0,22.0,0.5333333333333333,76.66666666666667,1,0
3.0,0,0,0,0,245.0,138.0,7.0,0.2,92.0,0,0
4.0,0,0,0,0,359.0,56.0,2.0,0.2666666666666666,89.33333333333333,0,0
1.0,0,0,0,0,272.0,58.0,17.0,0.0666666666666666,97.33333333333331,0,0
4.0,1,0,0,0,318.0,136.0,24.0,0.2666666666666666,89.33333333333333,0,0
3.0,1,0,0,0,217.0,72.0,4.0,0.2,92.0,0,0
8.0,1,0,0,0,283.0,108.0,3.0,0.5333333333333333,78.66666666666667,0,0
2.0,0,0,0,0,214.0,50.0,6.0,0.1333333333333333,94.66666666666669,0,0
14.0,4,0,2,2,30.0,90.0,16.0,0.9333333333333332,42.66666666666666,1,1
5.0,2,1,0,1,120.0,38.0,8.0,0.3333333333333333,78.66666666666667,1,1
7.0,3,1,1,1,0.0,97.0,19.0,0.4666666666666667,69.33333333333333,1,1
1.0,0,1,0,0,120.0,70.0,1.0,0.0666666666666666,95.33333333333331,1,0
1.0,0,0,0,0,243.0,54.0,11.0,0.0666666666666666,97.33333333333331,0,0
2.0,1,0,0,0,225.0,70.0,12.0,0.1333333333333333,94.66666666666669,0,0
4.0,1,1,0,0,150.0,104.0,1.0,0.2666666666666666,87.33333333333333,1,0
7.0,2,2,0,0,0.0,100.0,16.0,0.4666666666666667,77.33333333333333,1,0
3.0,2,0,1,0,30.0,83.0,1.0,0.2,88.0,1,0
1.0,1,1,0,0,0.0,91.0,6.0,0.0666666666666666,95.33333333333331,1,0
3.0,0,0,0,0,292.0,77.0,12.0,0.2,92.0,0,0
4.0,0,0,0,0,329.0,102.0,4.0,0.2666666666666666,89.33333333333333,0,0
1.0,1,0,0,0,189.0,102.0,18.0,0.0666666666666666,97.33333333333331,0,0
3.0,0,0,0,0,303.0,123.0,7.0,0.2,92.0,0,0
7.0,0,0,1,0,150.0,91.0,23.0,0.4666666666666667,77.33333333333333,1,0
8.0,0,0,1,0,30.0,73.0,10.0,0.5333333333333333,74.66666666666667,1,0
5.0,1,0,0,0,185.0,97.0,13.0,0.3333333333333333,86.66666666666667,0,0
3.0,0,0,0,0,275.0,138.0,6.0,0.2,92.0,0,1
7.0,0,1,0,0,60.0,77.0,20.0,0.4666666666666667,79.33333333333333,1,0
4.0,0,0,0,0,204.0,58.0,23.0,0.2666666666666666,89.33333333333333,0,0
4.0,0,0,0,0,308.0,95.0,7.0,0.2666666666666666,89.33333333333333,0,0
2.0,1,0,0,0,307.0,106.0,10.0,0.1333333333333333,94.66666666666669,0,0
11.0,5,0,2,2,0.0,42.0,16.0,0.7333333333333333,50.66666666666667,1,1
5.0,2,0,1,0,60.0,108.0,18.0,0.3333333333333333,82.66666666666667,1,0
10.0,3,2,2,0,0.0,68.0,11.0,0.6666666666666666,61.33333333333334,1,1
10.0,1,1,0,0,120.0,65.0,4.0,0.6666666666666666,71.33333333333334,1,0
11.0,3,0,2,0,60.0,53.0,4.0,0.7333333333333333,62.66666666666667,1,1
2.0,0,0,0,0,203.0,104.0,2.0,0.1333333333333333,94.66666666666669,0,0
6.0,2,1,1,0,0.0,108.0,21.0,0.4,78.0,1,0
4.0,0,0,0,0,223.0,71.0,23.0,0.2666666666666666,89.33333333333333,0,0
0.0,1,0,0,1,120.0,113.0,6.0,0.0,94.0,1,0
14.0,2,0,0,3,0.0,97.0,20.0,0.9333333333333332,44.66666666666666,1,1
3.0,0,0,0,0,183.0,73.0,23.0,0.2,92.0,0,0
6.0,0,0,0,0,303.0,66.0,3.0,0.4,84.0,0,0
2.0,0,0,0,0,306.0,98.0,4.0,0.1333333333333333,94.66666666666669,0,0
12.0,3,0,1,2,60.0,103.0,17.0,0.8,52.0,1,1
7.0,2,1,1,0,120.0,62.0,20.0,0.4666666666666667,75.33333333333333,1,1
5.0,1,1,0,0,120.0,115.0,8.0,0.3333333333333333,84.66666666666667,1,0
4.0,0,0,0,0,324.0,91.0,20.0,0.2666666666666666,89.33333333333333,0,0
8.0,4,1,3,0,30.0,38.0,22.0,0.5333333333333333,64.66666666666667,1,1
5.0,1,0,0,1,120.0,103.0,24.0,0.3333333333333333,80.66666666666667,1,0
3.0,0,0,0,0,252.0,64.0,1.0,0.2,92.0,0,0
3.0,0,1,0,0,150.0,82.0,9.0,0.2,90.0,1,0
3.0,1,1,0,0,30.0,119.0,15.0,0.2,90.0,1,0
3.0,3,1,0,1,90.0,89.0,23.0,0.2,84.0,1,0
2.0,1,0,0,0,205.0,63.0,9.0,0.1333333333333333,94.66666666666669,0,0
8.0,0,0,0,0,277.0,126.0,22.0,0.5333333333333333,78.66666666666667,0,0
1.0,0,0,0,0,353.0,92.0,12.0,0.0666666666666666,97.33333333333331,0,0
4.0,2,1,0,0,60.0,60.0,23.0,0.2666666666666666,87.33333333333333,1,0
5.0,1,0,1,0,150.0,31.0,13.0,0.3333333333333333,82.66666666666667,1,0
2.0,0,0,0,0,299.0,120.0,8.0,0.1333333333333333,94.66666666666669,0,0
8.0,0,0,0,0,332.0,58.0,4.0,0.5333333333333333,78.66666666666667,0,0
0.0,1,0,0,0,338.0,125.0,10.0,0.0,100.0,0,0
2.0,1,1,0,0,60.0,55.0,20.0,0.1333333333333333,92.66666666666669,1,0
2.0,0,0,0,0,230.0,88.0,17.0,0.1333333333333333,94.66666666666669,0,0
10.0,2,0,0,1,0.0,50.0,20.0,0.6666666666666666,67.33333333333334,1,1
5.0,1,0,1,0,30.0,46.0,10.0,0.3333333333333333,82.66666666666667,1,0
8.0,1,0,1,0,30.0,57.0,21.0,0.5333333333333333,74.66666666666667,1,0
0.0,1,0,0,0,251.0,120.0,19.0,0.0,100.0,0,0
12.0,3,1,1,1,0.0,86.0,4.0,0.8,56.0,1,1
12.0,2,0,0,2,30.0,117.0,25.0,0.8,56.0,1,1
4.0,2,1,0,1,60.0,97.0,14.0,0.2666666666666666,81.33333333333333,1,1
5.0,1,0,0,0,318.0,55.0,5.0,0.3333333333333333,86.66666666666667,0,0
3.0,2,0,1,0,0.0,119.0,22.0,0.2,88.0,1,0
2.0,0,0,0,0,328.0,53.0,11.0,0.1333333333333333,94.66666666666669,0,0
3.0,2,2,0,0,30.0,80.0,2.0,0.2,88.0,1,0
8.0,0,0,0,0,262.0,112.0,11.0,0.5333333333333333,78.66666666666667,0,0
7.0,0,0,0,0,289.0,83.0,16.0,0.4666666666666667,81.33333333333333,0,0
2.0,1,0,0,0,341.0,77.0,4.0,0.1333333333333333,94.66666666666669,0,0
8.0,1,1,0,1,0.0,76.0,5.0,0.5333333333333333,70.66666666666667,1,1
6.0,1,1,0,0,120.0,73.0,6.0,0.4,82.0,1,0
8.0,1,0,0,1,90.0,114.0,8.0,0.5333333333333333,72.66666666666667,1,1
1.0,0,0,0,0,313.0,116.0,9.0,0.0666666666666666,97.33333333333331,0,0
12.0,2,1,0,2,60.0,77.0,19.0,0.8,54.0,1,1
7.0,0,1,0,0,60.0,82.0,15.0,0.4666666666666667,79.33333333333333,1,0
3.0,0,0,0,0,263.0,106.0,11.0,0.2,92.0,0,0
7.0,1,0,0,0,278.0,103.0,18.0,0.4666666666666667,81.33333333333333,0,0
6.0,1,1,0,0,90.0,102.0,25.0,0.4,82.0,1,0
8.0,1,0,1,0,150.0,49.0,1.0,0.5333333333333333,74.66666666666667,1,0
4.0,0,0,0,0,269.0,90.0,5.0,0.2666666666666666,89.33333333333333,0,0
2.0,0,0,0,0,293.0,59.0,2.0,0.1333333333333333,94.66666666666669,0,0
8.0,3,1,1,1,30.0,34.0,20.0,0.5333333333333333,66.66666666666667,1,1
2.0,2,1,0,0,90.0,56.0,11.0,0.1333333333333333,92.66666666666669,1,0
11.0,2,1,1,0,60.0,94.0,20.0,0.7333333333333333,64.66666666666667,1,1
4.0,0,1,0,0,30.0,98.0,24.0,0.2666666666666666,87.33333333333333,1,0
2.0,0,0,0,0,261.0,62.0,13.0,0.1333333333333333,94.66666666666669,0,0
1.0,1,1,0,0,0.0,75.0,21.0,0.0666666666666666,95.33333333333331,1,0
4.0,0,0,0,0,240.0,56.0,24.0,0.2666666666666666,89.33333333333333,0,0
11.0,3,0,0,2,30.0,24.0,25.0,0.7333333333333333,58.66666666666667,1,1
9.0,4,1,2,0,30.0,58.0,20.0,0.6,66.0,1,1
6.0,2,2,0,0,60.0,95.0,11.0,0.4,80.0,1,0
1.0,0,0,0,0,316.0,55.0,18.0,0.0666666666666666,97.33333333333331,0,0
5.0,1,2,0,0,0.0,58.0,19.0,0.3333333333333333,82.66666666666667,1,0
7.0,1,0,1,1,0.0,37.0,21.0,0.4666666666666667,71.33333333333333,1,1
4.0,0,0,0,0,340.0,78.0,5.0,0.2666666666666666,89.33333333333333,0,0
3.0,0,0,0,0,264.0,60.0,9.0,0.2,92.0,0,0
1.0,0,0,0,0,222.0,93.0,2.0,0.0666666666666666,97.33333333333331,0,0
1.0,0,0,0,0,355.0,64.0,13.0,0.0666666666666666,97.33333333333331,0,1
10.0,4,1,1,1,30.0,19.0,7.0,0.6666666666666666,61.33333333333334,1,1
8.0,0,0,0,0,188.0,121.0,18.0,0.5333333333333333,78.66666666666667,0,0
5.0,1,0,1,0,90.0,72.0,24.0,0.3333333333333333,82.66666666666667,1,0
3.0,1,1,0,0,30.0,88.0,17.0,0.2,90.0,1,0
7.0,3,2,0,0,120.0,21.0,21.0,0.4666666666666667,77.33333333333333,1,1
4.0,2,2,0,0,0.0,105.0,5.0,0.2666666666666666,85.33333333333333,1,0
6.0,1,1,0,0,60.0,98.0,17.0,0.4,82.0,1,0
1.0,0,0,0,0,310.0,136.0,1.0,0.0666666666666666,97.33333333333331,0,0
8.0,0,0,0,0,260.0,64.0,23.0,0.5333333333333333,78.66666666666667,0,0
4.0,1,0,1,0,150.0,51.0,24.0,0.2666666666666666,85.33333333333333,1,0
4.0,0,0,0,0,315.0,91.0,19.0,0.2666666666666666,89.33333333333333,0,0
9.0,2,0,1,1,120.0,98.0,2.0,0.6,66.0,1,1
4.0,1,1,0,0,60.0,107.0,23.0,0.2666666666666666,87.33333333333333,1,0
8.0,0,0,0,0,355.0,53.0,7.0,0.5333333333333333,78.66666666666667,0,0
0.0,2,1,0,0,120.0,28.0,5.0,0.0,98.0,1,0
13.0,3,0,2,0,120.0,27.0,21.0,0.8666666666666667,57.33333333333333,1,1
3.0,0,0,0,0,184.0,50.0,4.0,0.2,92.0,0,0
5.0,0,1,0,0,90.0,36.0,17.0,0.3333333333333333,84.66666666666667,1,0
5.0,1,1,0,0,30.0,43.0,9.0,0.3333333333333333,84.66666666666667,1,0
2.0,1,0,0,0,295.0,102.0,10.0,0.1333333333333333,94.66666666666669,0,0
7.0,2,1,1,0,90.0,75.0,18.0,0.4666666666666667,75.33333333333333,1,1
6.0,0,0,1,0,90.0,78.0,22.0,0.4,80.0,1,0
7.0,2,2,0,0,30.0,72.0,1.0,0.4666666666666667,77.33333333333333,1,0
11.0,6,0,3,2,30.0,52.0,22.0,0.7333333333333333,46.66666666666667,1,1
6.0,2,2,0,0,0.0,61.0,20.0,0.4,80.0,1,0
0.0,1,0,0,0,246.0,100.0,22.0,0.0,100.0,0,0
2.0,0,0,0,0,222.0,81.0,23.0,0.1333333333333333,94.66666666666669,0,0
6.0,1,0,0,1,30.0,57.0,3.0,0.4,78.0,1,1
3.0,0,0,0,0,287.0,101.0,18.0,0.2,92.0,0,0
2.0,1,0,0,0,329.0,83.0,21.0,0.1333333333333333,94.66666666666669,0,0
0.0,0,0,0,0,290.0,131.0,7.0,0.0,100.0,0,0
6.0,0,0,0,0,310.0,89.0,7.0,0.4,84.0,0,0
1.0,0,0,0,0,210.0,82.0,20.0,0.0666666666666666,97.33333333333331,0,0
10.0,3,0,3,0,60.0,59.0,7.0,0.6666666666666666,61.33333333333334,1,1
2.0,0,0,0,0,255.0,81.0,18.0,0.1333333333333333,94.66666666666669,0,0
4.0,0,0,0,0,317.0,121.0,24.0,0.2666666666666666,89.33333333333333,0,0
12.0,0,0,1,0,120.0,93.0,18.0,0.8,64.0,1,1
14.0,2,0,1,0,90.0,96.0,22.0,0.9333333333333332,58.66666666666666,1,1
1.0,0,0,0,0,337.0,137.0,2.0,0.0666666666666666,97.33333333333331,0,0
4.0,0,0,0,0,215.0,89.0,3.0,0.2666666666666666,89.33333333333333,0,0
3.0,0,0,0,0,333.0,118.0,1.0,0.2,92.0,0,0
3.0,0,0,0,0,296.0,136.0,7.0,0.2,92.0,0,0
5.0,3,1,1,0,30.0,110.0,23.0,0.3333333333333333,80.66666666666667,1,0
3.0,1,0,0,0,190.0,112.0,24.0,0.2,92.0,0,0
9.0,2,1,1,1,0.0,54.0,20.0,0.6,64.0,1,1
9.0,2,0,2,0,0.0,70.0,5.0,0.6,68.0,1,1
8.0,1,1,1,0,0.0,49.0,13.0,0.5333333333333333,72.66666666666667,1,1
10.0,2,0,1,1,60.0,108.0,21.0,0.6666666666666666,63.33333333333334,1,1
1.0,0,0,0,0,194.0,47.0,25.0,0.0666666666666666,97.33333333333331,0,0
10.0,3,0,1,1,60.0,86.0,15.0,0.6666666666666666,63.33333333333334,1,1
3.0,1,1,0,0,120.0,45.0,3.0,0.2,90.0,1,0
4.0,4,0,1,2,0.0,23.0,2.0,0.2666666666666666,73.33333333333333,1,0
8.0,1,0,0,0,273.0,76.0,12.0,0.5333333333333333,78.66666666666667,0,0
7.0,2,0,2,0,30.0,113.0,18.0,0.4666666666666667,73.33333333333333,1,1
3.0,1,0,0,0,297.0,131.0,15.0,0.2,92.0,0,0
7.0,0,0,0,0,264.0,91.0,20.0,0.4666666666666667,81.33333333333333,0,0
4.0,0,0,0,0,246.0,64.0,16.0,0.2666666666666666,89.33333333333333,0,0
2.0,0,0,0,0,255.0,120.0,6.0,0.1333333333333333,94.66666666666669,0,0
6.0,1,0,1,0,90.0,96.0,16.0,0.4,80.0,1,0
5.0,1,1,0,0,90.0,55.0,24.0,0.3333333333333333,84.66666666666667,1,0
4.0,0,0,0,0,339.0,54.0,21.0,0.2666666666666666,89.33333333333333,0,0
7.0,0,1,0,0,150.0,37.0,24.0,0.4666666666666667,79.33333333333333,1,0
3.0,2,1,0,0,30.0,97.0,15.0,0.2,90.0,1,0
2.0,3,2,0,0,60.0,75.0,10.0,0.1333333333333333,90.66666666666669,1,0
6.0,2,2,0,0,0.0,35.0,5.0,0.4,80.0,1,0
8.0,3,1,1,0,120.0,72.0,13.0,0.5333333333333333,72.66666666666667,1,1
2.0,0,0,0,0,313.0,84.0,7.0,0.1333333333333333,94.66666666666669,0,0
5.0,0,0,0,0,182.0,99.0,9.0,0.3333333333333333,86.66666666666667,0,0
8.0,1,0,1,0,90.0,38.0,5.0,0.5333333333333333,74.66666666666667,1,1
14.0,4,0,1,2,0.0,16.0,18.0,0.9333333333333332,46.66666666666666,1,1
3.0,0,0,0,0,268.0,79.0,10.0,0.2,92.0,0,0
2.0,0,1,0,0,150.0,51.0,9.0,0.1333333333333333,92.66666666666669,1,0
7.0,4,1,1,1,0.0,52.0,23.0,0.4666666666666667,69.33333333333333,1,1
5.0,1,0,0,1,150.0,90.0,5.0,0.3333333333333333,80.66666666666667,1,0
9.0,3,1,1,1,0.0,25.0,12.0,0.6,64.0,1,1
4.0,0,0,0,0,191.0,57.0,14.0,0.2666666666666666,89.33333333333333,0,0
2.0,1,1,0,0,30.0,85.0,14.0,0.1333333333333333,92.66666666666669,1,0
4.0,0,0,0,0,226.0,121.0,10.0,0.2666666666666666,89.33333333333333,0,0
6.0,1,1,0,0,30.0,67.0,6.0,0.4,82.0,1,0
5.0,2,2,0,0,0.0,98.0,12.0,0.3333333333333333,82.66666666666667,1,0
8.0,1,0,0,1,150.0,94.0,13.0,0.5333333333333333,72.66666666666667,1,0
3.0,0,1,0,0,30.0,85.0,24.0,0.2,90.0,1,0
5.0,1,0,0,0,345.0,82.0,9.0,0.3333333333333333,86.66666666666667,0,0
4.0,1,0,1,0,60.0,107.0,1.0,0.2666666666666666,85.33333333333333,1,0
1.0,0,0,0,0,290.0,63.0,21.0,0.0666666666666666,97.33333333333331,0,0
9.0,1,0,1,0,90.0,41.0,10.0,0.6,72.0,1,1
7.0,3,2,0,0,90.0,101.0,12.0,0.4666666666666667,77.33333333333333,1,0
3.0,1,1,0,0,150.0,96.0,24.0,0.2,90.0,1,0
2.0,1,1,0,0,90.0,90.0,24.0,0.1333333333333333,92.66666666666669,1,0
5.0,0,0,0,0,331.0,128.0,10.0,0.3333333333333333,86.66666666666667,0,0
3.0,1,0,1,0,60.0,109.0,2.0,0.2,88.0,1,0
3.0,0,1,0,0,150.0,94.0,5.0,0.2,90.0,1,0
2.0,0,0,0,0,256.0,127.0,19.0,0.1333333333333333,94.66666666666669,0,0
8.0,1,1,0,0,60.0,85.0,6.0,0.5333333333333333,76.66666666666667,1,0
6.0,0,0,0,0,224.0,110.0,19.0,0.4,84.0,0,0
8.0,1,0,0,0,298.0,89.0,1.0,0.5333333333333333,78.66666666666667,0,0
3.0,0,0,0,0,358.0,138.0,23.0,0.2,92.0,0,0
6.0,3,0,1,1,0.0,71.0,8.0,0.4,74.0,1,1
4.0,0,0,0,0,344.0,80.0,21.0,0.2666666666666666,89.33333333333333,0,0
8.0,2,0,1,0,0.0,54.0,25.0,0.5333333333333333,74.66666666666667,1,0
3.0,1,1,0,0,90.0,43.0,8.0,0.2,90.0,1,0
4.0,0,0,0,0,271.0,65.0,19.0,0.2666666666666666,89.33333333333333,0,0
11.0,2,1,0,0,90.0,85.0,22.0,0.7333333333333333,68.66666666666667,1,1
7.0,2,0,2,0,0.0,35.0,17.0,0.4666666666666667,73.33333333333333,1,1
3.0,0,0,0,0,224.0,98.0,2.0,0.2,92.0,0,0
10.0,3,2,0,1,0.0,87.0,16.0,0.6666666666666666,63.33333333333334,1,1
10.0,4,1,2,0,30.0,69.0,11.0,0.6666666666666666,63.33333333333334,1,1
2.0,1,0,0,0,343.0,139.0,9.0,0.1333333333333333,94.66666666666669,0,0
8.0,2,2,0,0,60.0,41.0,25.0,0.5333333333333333,74.66666666666667,1,1
10.0,3,1,1,2,0.0,38.0,21.0,0.6666666666666666,55.33333333333334,1,1
1.0,0,0,0,0,344.0,56.0,3.0,0.0666666666666666,97.33333333333331,0,0
8.0,4,2,0,1,0.0,89.0,7.0,0.5333333333333333,68.66666666666667,1,1
3.0,0,1,0,0,60.0,81.0,20.0,0.2,90.0,1,0
5.0,0,0,0,0,223.0,84.0,10.0,0.3333333333333333,86.66666666666667,0,0
7.0,2,0,2,0,0.0,72.0,1.0,0.4666666666666667,73.33333333333333,1,1
0.0,0,1,0,0,90.0,87.0,20.0,0.0,98.0,1,0
1.0,0,0,0,0,182.0,91.0,25.0,0.0666666666666666,97.33333333333331,0,0
4.0,0,0,0,0,258.0,89.0,4.0,0.2666666666666666,89.33333333333333,0,0
6.0,4,3,0,0,60.0,94.0,23.0,0.4,78.0,1,0
1.0,0,0,0,0,299.0,98.0,15.0,0.0666666666666666,97.33333333333331,0,0
3.0,1,1,0,0,90.0,57.0,3.0,0.2,90.0,1,0
11.0,4,1,2,0,0.0,27.0,24.0,0.7333333333333333,60.66666666666667,1,1
2.0,0,0,0,0,223.0,98.0,12.0,0.1333333333333333,94.66666666666669,0,0
4.0,0,0,0,0,222.0,56.0,4.0,0.2666666666666666,89.33333333333333,0,0
8.0,0,0,0,0,198.0,105.0,8.0,0.5333333333333333,78.66666666666667,0,0
3.0,2,1,0,0,90.0,41.0,15.0,0.2,90.0,1,0
3.0,3,0,2,0,30.0,77.0,12.0,0.2,84.0,1,0
0.0,0,0,0,0,277.0,98.0,9.0,0.0,100.0,0,0
14.0,4,2,0,1,0.0,47.0,10.0,0.9333333333333332,52.66666666666666,1,1
4.0,0,0,0,0,331.0,110.0,8.0,0.2666666666666666,89.33333333333333,0,0
8.0,1,0,2,0,30.0,55.0,11.0,0.5333333333333333,70.66666666666667,1,1
12.0,3,1,0,1,90.0,106.0,2.0,0.8,60.0,1,1
3.0,1,0,0,0,310.0,89.0,18.0,0.2,92.0,0,0
2.0,2,1,0,0,60.0,47.0,21.0,0.1333333333333333,92.66666666666669,1,0
8.0,0,0,0,0,308.0,133.0,12.0,0.5333333333333333,78.66666666666667,0,0
5.0,0,0,0,0,269.0,67.0,18.0,0.3333333333333333,86.66666666666667,0,0
11.0,1,1,1,0,60.0,88.0,22.0,0.7333333333333333,64.66666666666667,1,1
10.0,1,0,1,0,90.0,103.0,12.0,0.6666666666666666,69.33333333333334,1,1
7.0,2,1,0,0,120.0,77.0,12.0,0.4666666666666667,79.33333333333333,1,0
8.0,2,0,1,0,120.0,28.0,8.0,0.5333333333333333,74.66666666666667,1,0
0.0,0,0,1,0,90.0,114.0,7.0,0.0,96.0,1,0
0.0,1,0,0,0,287.0,120.0,12.0,0.0,100.0,0,0
8.0,1,1,0,0,90.0,63.0,3.0,0.5333333333333333,76.66666666666667,1,0
5.0,1,0,0,0,291.0,74.0,24.0,0.3333333333333333,86.66666666666667,0,0
6.0,2,1,1,0,60.0,65.0,3.0,0.4,78.0,1,0
7.0,5,3,1,1,0.0,70.0,22.0,0.4666666666666667,65.33333333333333,1,1
3.0,1,0,0,0,348.0,118.0,6.0,0.2,92.0,0,0
10.0,4,0,2,2,0.0,73.0,4.0,0.6666666666666666,53.33333333333334,1,1
3.0,1,0,0,0,284.0,83.0,16.0,0.2,92.0,0,0
6.0,1,0,1,0,90.0,90.0,5.0,0.4,80.0,1,0
9.0,2,1,1,0,90.0,25.0,1.0,0.6,70.0,1,1
6.0,3,2,0,0,60.0,45.0,14.0,0.4,80.0,1,0
7.0,3,1,0,1,90.0,64.0,25.0,0.4666666666666667,73.33333333333333,1,1
8.0,2,0,0,1,60.0,100.0,15.0,0.5333333333333333,72.66666666666667,1,1
4.0,2,1,1,0,90.0,31.0,14.0,0.2666666666666666,83.33333333333333,1,0
0.0,1,1,0,0,120.0,109.0,13.0,0.0,98.0,1,0
4.0,0,0,0,0,217.0,79.0,24.0,0.2666666666666666,89.33333333333333,0,0
1.0,0,0,0,0,330.0,129.0,24.0,0.0666666666666666,97.33333333333331,0,0
9.0,0,0,0,0,300.0,124.0,22.0,0.6,76.0,0,0
2.0,2,1,0,0,30.0,96.0,13.0,0.1333333333333333,92.66666666666669,1,0
2.0,1,0,0,0,247.0,89.0,20.0,0.1333333333333333,94.66666666666669,0,0
14.0,2,1,0,1,30.0,72.0,1.0,0.9333333333333332,54.66666666666666,1,1
0.0,0,0,0,0,236.0,85.0,20.0,0.0,100.0,0,0
4.0,0,0,0,0,318.0,58.0,7.0,0.2666666666666666,89.33333333333333,0,0
4.0,1,1,0,0,0.0,77.0,14.0,0.2666666666666666,87.33333333333333,1,0
2.0,0,0,0,0,258.0,138.0,4.0,0.1333333333333333,94.66666666666669,0,0
8.0,1,1,1,0,0.0,77.0,20.0,0.5333333333333333,72.66666666666667,1,1
14.0,4,0,1,3,0.0,98.0,1.0,0.9333333333333332,40.66666666666666,1,1
8.0,1,0,0,0,332.0,87.0,3.0,0.5333333333333333,78.66666666666667,0,0
2.0,0,0,0,0,247.0,128.0,3.0,0.1333333333333333,94.66666666666669,0,0
10.0,2,0,2,1,60.0,86.0,10.0,0.6666666666666666,59.33333333333334,1,1
8.0,0,0,0,0,270.0,72.0,1.0,0.5333333333333333,78.66666666666667,0,0
12.0,3,1,1,1,0.0,32.0,5.0,0.8,56.0,1,1
3.0,0,1,0,0,60.0,39.0,2.0,0.2,90.0,1,0
10.0,3,0,0,3,60.0,85.0,9.0,0.6666666666666666,55.33333333333334,1,1
0.0,1,0,0,0,263.0,69.0,11.0,0.0,100.0,0,0
1.0,0,0,0,0,252.0,113.0,21.0,0.0666666666666666,97.33333333333331,0,0
1.0,1,0,0,0,252.0,48.0,11.0,0.0666666666666666,97.33333333333331,0,0
4.0,1,0,0,1,120.0,110.0,22.0,0.2666666666666666,83.33333333333333,1,0
0.0,1,0,0,0,282.0,84.0,19.0,0.0,100.0,0,0
8.0,1,1,0,0,30.0,30.0,11.0,0.5333333333333333,76.66666666666667,1,0
1.0,2,0,1,0,0.0,83.0,21.0,0.0666666666666666,93.33333333333331,1,0
8.0,3,0,0,2,30.0,66.0,20.0,0.5333333333333333,66.66666666666667,1,1
10.0,3,2,0,0,0.0,81.0,11.0,0.6666666666666666,69.33333333333334,1,0
1.0,1,0,0,0,287.0,98.0,14.0,0.0666666666666666,97.33333333333331,0,0
8.0,0,0,0,0,327.0,98.0,25.0,0.5333333333333333,78.66666666666667,0,1
11.0,2,0,1,1,30.0,84.0,21.0,0.7333333333333333,60.66666666666667,1,1
3.0,1,0,0,0,188.0,121.0,9.0,0.2,92.0,0,0
6.0,1,1,0,1,30.0,115.0,2.0,0.4,76.0,1,1
3.0,0,0,0,0,270.0,134.0,3.0,0.2,92.0,0,0
8.0,3,2,0,0,30.0,109.0,16.0,0.5333333333333333,74.66666666666667,1,0
3.0,0,1,0,0,150.0,96.0,20.0,0.2,90.0,1,0
11.0,2,1,1,0,60.0,39.0,22.0,0.7333333333333333,64.66666666666667,1,1
4.0,0,0,0,0,198.0,78.0,15.0,0.2666666666666666,89.33333333333333,0,0
6.0,1,1,0,0,0.0,63.0,2.0,0.4,82.0,1,0
12.0,2,0,2,1,30.0,69.0,11.0,0.8,54.0,1,0
3.0,0,0,0,0,321.0,116.0,13.0,0.2,92.0,0,0
1.0,0,0,0,0,296.0,75.0,24.0,0.0666666666666666,97.33333333333331,0,0
4.0,0,0,0,0,313.0,128.0,3.0,0.2666666666666666,89.33333333333333,0,0
1.0,2,0,1,0,0.0,98.0,18.0,0.0666666666666666,93.33333333333331,1,0
1.0,1,0,0,0,292.0,104.0,22.0,0.0666666666666666,97.33333333333331,0,0
12.0,3,0,0,3,30.0,78.0,18.0,0.8,50.0,1,1
7.0,4,2,2,0,0.0,57.0,15.0,0.4666666666666667,69.33333333333333,1,1
11.0,1,0,0,0,259.0,49.0,1.0,0.7333333333333333,70.66666666666667,0,1
3.0,0,0,0,0,226.0,50.0,14.0,0.2,92.0,0,0
7.0,1,1,0,0,90.0,38.0,18.0,0.4666666666666667,79.33333333333333,1,0
4.0,1,0,1,0,120.0,82.0,12.0,0.2666666666666666,85.33333333333333,1,0
3.0,0,1,0,0,90.0,91.0,11.0,0.2,90.0,1,0
12.0,4,1,0,2,0.0,34.0,23.0,0.8,54.0,1,1
5.0,1,1,1,0,0.0,37.0,21.0,0.3333333333333333,80.66666666666667,1,1
2.0,0,1,0,0,120.0,33.0,9.0,0.1333333333333333,92.66666666666669,1,0
4.0,2,1,1,0,30.0,34.0,10.0,0.2666666666666666,83.33333333333333,1,0
0.0,1,1,0,0,0.0,130.0,25.0,0.0,98.0,1,0
4.0,0,1,0,0,60.0,43.0,4.0,0.2666666666666666,87.33333333333333,1,0
3.0,2,0,2,0,0.0,70.0,13.0,0.2,84.0,1,0
2.0,1,1,0,0,150.0,79.0,20.0,0.1333333333333333,92.66666666666669,1,0
4.0,0,0,0,0,180.0,37.0,1.0,0.2666666666666666,89.33333333333333,0,0
7.0,2,0,1,0,30.0,94.0,23.0,0.4666666666666667,77.33333333333333,1,0
4.0,1,0,0,0,221.0,101.0,21.0,0.2666666666666666,89.33333333333333,0,0
0.0,0,0,0,0,255.0,50.0,19.0,0.0,100.0,0,0
4.0,1,0,0,0,318.0,81.0,13.0,0.2666666666666666,89.33333333333333,0,1
2.0,0,0,0,0,349.0,79.0,11.0,0.1333333333333333,94.66666666666669,0,0
6.0,2,2,0,1,0.0,20.0,4.0,0.4,74.0,1,1
1.0,1,0,0,0,313.0,92.0,4.0,0.0666666666666666,97.33333333333331,0,0
7.0,3,1,0,1,90.0,98.0,9.0,0.4666666666666667,73.33333333333333,1,1
1.0,0,0,0,0,254.0,72.0,23.0,0.0666666666666666,97.33333333333331,0,0
3.0,0,0,0,0,347.0,125.0,17.0,0.2,92.0,0,0
8.0,2,1,1,0,0.0,33.0,17.0,0.5333333333333333,72.66666666666667,1,1
12.0,2,1,1,0,0.0,70.0,3.0,0.8,62.0,1,1
14.0,2,2,0,0,0.0,38.0,1.0,0.9333333333333332,58.66666666666666,1,1
0.0,2,2,0,0,90.0,57.0,18.0,0.0,96.0,1,0
2.0,0,0,0,0,212.0,47.0,13.0,0.1333333333333333,94.66666666666669,0,0
4.0,0,0,0,0,272.0,111.0,1.0,0.2666666666666666,89.33333333333333,0,0
13.0,4,0,2,2,0.0,52.0,5.0,0.8666666666666667,45.33333333333333,1,1
4.0,0,0,0,0,326.0,112.0,23.0,0.2666666666666666,89.33333333333333,0,0
7.0,2,1,0,1,0.0,100.0,12.0,0.4666666666666667,73.33333333333333,1,1
0.0,0,0,0,0,313.0,120.0,24.0,0.0,100.0,0,0
4.0,1,1,0,0,0.0,105.0,16.0,0.2666666666666666,87.33333333333333,1,0
5.0,1,1,0,0,120.0,50.0,21.0,0.3333333333333333,84.66666666666667,1,0
1.0,0,0,0,0,233.0,116.0,19.0,0.0666666666666666,97.33333333333331,0,0
4.0,2,1,1,0,30.0,37.0,4.0,0.2666666666666666,83.33333333333333,1,0
5.0,1,1,0,0,60.0,100.0,10.0,0.3333333333333333,84.66666666666667,1,0
11.0,2,1,1,0,0.0,101.0,21.0,0.7333333333333333,64.66666666666667,1,1
4.0,0,0,0,0,248.0,96.0,4.0,0.2666666666666666,89.33333333333333,0,0
6.0,1,1,1,0,0.0,81.0,20.0,0.4,78.0,1,1
4.0,0,0,0,0,188.0,81.0,21.0,0.2666666666666666,89.33333333333333,0,0
8.0,1,1,0,0,60.0,55.0,22.0,0.5333333333333333,76.66666666666667,1,0
12.0,2,2,0,0,0.0,105.0,8.0,0.8,64.0,1,1
12.0,4,2,2,0,0.0,41.0,18.0,0.8,56.0,1,1
6.0,2,2,0,0,30.0,59.0,16.0,0.4,80.0,1,0
6.0,1,0,1,0,150.0,63.0,11.0,0.4,80.0,1,0
11.0,0,0,0,1,0.0,66.0,4.0,0.7333333333333333,64.66666666666667,1,1
7.0,4,2,1,0,0.0,73.0,8.0,0.4666666666666667,73.33333333333333,1,1
12.0,2,0,1,0,90.0,31.0,21.0,0.8,64.0,1,1
3.0,0,0,0,0,183.0,51.0,5.0,0.2,92.0,0,0
5.0,0,0,0,0,359.0,114.0,9.0,0.3333333333333333,86.66666666666667,0,0
12.0,4,1,3,1,0.0,41.0,23.0,0.8,48.0,1,1
8.0,0,0,0,0,221.0,133.0,5.0,0.5333333333333333,78.66666666666667,0,0
14.0,3,0,1,1,90.0,98.0,10.0,0.9333333333333332,52.66666666666666,1,1
1.0,2,1,0,0,90.0,82.0,15.0,0.0666666666666666,95.33333333333331,1,0
8.0,3,1,2,0,0.0,96.0,21.0,0.5333333333333333,68.66666666666667,1,1
4.0,1,0,0,0,214.0,65.0,12.0,0.2666666666666666,89.33333333333333,0,0
5.0,0,0,1,0,90.0,30.0,13.0,0.3333333333333333,82.66666666666667,1,0
11.0,2,1,1,0,90.0,108.0,24.0,0.7333333333333333,64.66666666666667,1,1
10.0,1,0,0,1,150.0,89.0,1.0,0.6666666666666666,67.33333333333334,1,1
4.0,1,1,0,0,150.0,94.0,12.0,0.2666666666666666,87.33333333333333,1,0
6.0,2,0,0,2,0.0,116.0,2.0,0.4,72.0,1,1
8.0,4,1,2,0,0.0,38.0,9.0,0.5333333333333333,68.66666666666667,1,1
7.0,1,0,0,2,30.0,92.0,17.0,0.4666666666666667,69.33333333333333,1,1
8.0,1,1,0,0,150.0,97.0,13.0,0.5333333333333333,76.66666666666667,1,0
8.0,0,0,0,0,191.0,69.0,13.0,0.5333333333333333,78.66666666666667,0,0
10.0,3,1,1,1,30.0,20.0,13.0,0.6666666666666666,61.33333333333334,1,1
8.0,0,0,0,0,269.0,128.0,14.0,0.5333333333333333,78.66666666666667,0,0
12.0,3,0,2,1,30.0,59.0,13.0,0.8,54.0,1,1
0.0,1,0,1,0,120.0,47.0,14.0,0.0,96.0,1,0
4.0,0,0,0,0,335.0,54.0,13.0,0.2666666666666666,89.33333333333333,0,0
3.0,3,2,0,0,0.0,39.0,4.0,0.2,88.0,1,0
4.0,1,0,0,0,201.0,124.0,3.0,0.2666666666666666,89.33333333333333,0,0
3.0,2,1,0,0,90.0,65.0,23.0,0.2,90.0,1,0
12.0,4,0,1,2,0.0,73.0,20.0,0.8,52.0,1,1
6.0,2,0,0,2,30.0,99.0,17.0,0.4,72.0,1,1
2.0,1,1,0,0,0.0,50.0,4.0,0.1333333333333333,92.66666666666669,1,0
9.0,1,0,0,1,30.0,81.0,14.0,0.6,70.0,1,1
4.0,0,0,0,0,290.0,134.0,11.0,0.2666666666666666,89.33333333333333,0,0
7.0,1,1,0,0,60.0,55.0,13.0,0.4666666666666667,79.33333333333333,1,0
7.0,1,1,0,0,30.0,59.0,16.0,0.4666666666666667,79.33333333333333,1,0
8.0,3,1,2,1,30.0,21.0,23.0,0.5333333333333333,62.66666666666667,1,1
11.0,1,1,0,1,0.0,70.0,1.0,0.7333333333333333,62.66666666666667,1,1
12.0,0,0,0,0,284.0,96.0,13.0,0.8,68.0,0,0
3.0,0,0,0,0,354.0,123.0,18.0,0.2,92.0,0,0
5.0,0,0,0,0,295.0,57.0,16.0,0.3333333333333333,86.66666666666667,0,0
0.0,2,1,0,0,150.0,92.0,7.0,0.0,98.0,1,0
5.0,1,0,0,0,207.0,89.0,5.0,0.3333333333333333,86.66666666666667,0,0
8.0,0,0,0,0,187.0,123.0,11.0,0.5333333333333333,78.66666666666667,0,0
1.0,0,0,0,0,293.0,79.0,1.0,0.0666666666666666,97.33333333333331,0,0
10.0,2,0,0,1,90.0,107.0,3.0,0.6666666666666666,67.33333333333334,1,1
11.0,2,1,1,0,60.0,66.0,20.0,0.7333333333333333,64.66666666666667,1,1
5.0,2,0,1,0,90.0,96.0,16.0,0.3333333333333333,82.66666666666667,1,0
5.0,0,0,0,1,0.0,84.0,9.0,0.3333333333333333,80.66666666666667,1,1
0.0,0,0,0,0,216.0,46.0,3.0,0.0,100.0,0,0
0.0,0,0,0,0,182.0,53.0,13.0,0.0,100.0,0,0
7.0,0,0,0,0,281.0,87.0,15.0,0.4666666666666667,81.33333333333333,0,0
8.0,0,0,0,0,338.0,74.0,7.0,0.5333333333333333,78.66666666666667,0,0
4.0,0,0,0,0,214.0,66.0,6.0,0.2666666666666666,89.33333333333333,0,0
12.0,1,0,0,0,233.0,51.0,13.0,0.8,68.0,0,0
3.0,0,0,0,0,301.0,135.0,24.0,0.2,92.0,0,0
4.0,0,1,0,0,0.0,30.0,1.0,0.2666666666666666,87.33333333333333,1,0
2.0,1,0,0,0,344.0,62.0,10.0,0.1333333333333333,94.66666666666669,0,0
7.0,0,0,0,0,192.0,111.0,2.0,0.4666666666666667,81.33333333333333,0,0
3.0,1,0,0,0,242.0,64.0,1.0,0.2,92.0,0,0
3.0,1,0,0,1,30.0,71.0,8.0,0.2,86.0,1,0
6.0,2,1,0,1,60.0,28.0,24.0,0.4,76.0,1,1
1.0,0,0,0,0,306.0,75.0,20.0,0.0666666666666666,97.33333333333331,0,0
5.0,0,0,0,0,360.0,63.0,8.0,0.3333333333333333,86.66666666666667,0,0
6.0,1,1,0,0,0.0,86.0,3.0,0.4,82.0,1,0
7.0,1,1,0,1,0.0,110.0,2.0,0.4666666666666667,73.33333333333333,1,1
1.0,0,0,0,0,303.0,97.0,15.0,0.0666666666666666,97.33333333333331,0,0
14.0,1,1,0,0,120.0,45.0,1.0,0.9333333333333332,60.66666666666666,1,1
1.0,2,2,1,0,30.0,81.0,17.0,0.0666666666666666,89.33333333333333,1,0
4.0,0,0,0,0,189.0,116.0,7.0,0.2666666666666666,89.33333333333333,0,0
9.0,3,1,1,0,0.0,104.0,24.0,0.6,70.0,1,1
3.0,0,1,0,0,30.0,67.0,17.0,0.2,90.0,1,0
4.0,0,0,0,0,293.0,74.0,25.0,0.2666666666666666,89.33333333333333,0,0
8.0,1,1,0,0,60.0,37.0,19.0,0.5333333333333333,76.66666666666667,1,0
12.0,4,3,0,2,30.0,90.0,2.0,0.8,50.0,1,1
6.0,2,0,2,0,0.0,74.0,17.0,0.4,76.0,1,1
1.0,2,0,2,0,90.0,48.0,6.0,0.0666666666666666,89.33333333333333,1,0
3.0,1,0,0,0,186.0,128.0,22.0,0.2,92.0,0,0
3.0,0,0,0,0,271.0,105.0,13.0,0.2,92.0,0,0
8.0,2,0,2,0,0.0,44.0,1.0,0.5333333333333333,70.66666666666667,1,1
0.0,0,0,0,0,273.0,101.0,3.0,0.0,100.0,0,0
2.0,2,0,1,0,90.0,94.0,11.0,0.1333333333333333,90.66666666666669,1,0
1.0,0,0,0,0,274.0,95.0,22.0,0.0666666666666666,97.33333333333331,0,0
0.0,1,0,0,0,254.0,58.0,13.0,0.0,100.0,0,0
7.0,0,0,0,0,305.0,102.0,21.0,0.4666666666666667,81.33333333333333,0,0
4.0,1,0,0,0,246.0,103.0,6.0,0.2666666666666666,89.33333333333333,0,0
0.0,2,2,0,0,0.0,108.0,21.0,0.0,96.0,1,0
7.0,2,3,0,0,0.0,49.0,6.0,0.4666666666666667,75.33333333333333,1,1
4.0,0,0,0,0,208.0,68.0,2.0,0.2666666666666666,89.33333333333333,0,0
3.0,0,0,0,0,181.0,119.0,22.0,0.2,92.0,0,0
5.0,3,1,0,1,60.0,43.0,10.0,0.3333333333333333,78.66666666666667,1,1
7.0,2,1,1,0,60.0,102.0,21.0,0.4666666666666667,75.33333333333333,1,0
12.0,5,2,0,3,30.0,71.0,25.0,0.8,46.0,1,1
5.0,1,1,0,0,60.0,59.0,24.0,0.3333333333333333,84.66666666666667,1,0
6.0,2,1,0,0,90.0,102.0,18.0,0.4,82.0,1,0
0.0,0,0,0,0,287.0,73.0,20.0,0.0,100.0,0,0
6.0,2,1,1,0,0.0,104.0,6.0,0.4,78.0,1,0
0.0,1,0,0,0,278.0,123.0,2.0,0.0,100.0,0,0
3.0,0,0,0,0,235.0,110.0,22.0,0.2,92.0,0,0
12.0,0,0,0,0,310.0,54.0,9.0,0.8,68.0,0,0
13.0,3,1,1,2,30.0,31.0,7.0,0.8666666666666667,47.33333333333333,1,1
3.0,1,1,0,0,60.0,43.0,18.0,0.2,90.0,1,0
6.0,3,1,0,1,60.0,40.0,18.0,0.4,76.0,1,1
11.0,4,1,1,2,0.0,24.0,16.0,0.7333333333333333,52.66666666666667,1,1
9.0,2,0,1,1,60.0,61.0,7.0,0.6,66.0,1,1
14.0,6,1,2,2,0.0,46.0,16.0,0.9333333333333332,40.66666666666666,1,1
7.0,3,0,2,1,30.0,41.0,2.0,0.4666666666666667,67.33333333333333,1,1
13.0,1,0,1,1,30.0,20.0,22.0,0.8666666666666667,55.33333333333333,1,1
0.0,1,1,0,0,150.0,61.0,18.0,0.0,98.0,1,0
9.0,2,0,0,1,60.0,124.0,7.0,0.6,70.0,1,1
6.0,2,0,2,0,90.0,36.0,19.0,0.4,76.0,1,1
0.0,2,0,1,0,90.0,121.0,2.0,0.0,96.0,1,0
3.0,0,0,0,0,243.0,94.0,10.0,0.2,92.0,0,0
14.0,4,0,1,3,0.0,28.0,19.0,0.9333333333333332,40.66666666666666,1,1
10.0,1,0,0,1,60.0,110.0,4.0,0.6666666666666666,67.33333333333334,1,1
4.0,0,0,0,0,323.0,78.0,20.0,0.2666666666666666,89.33333333333333,0,0
4.0,2,0,1,1,60.0,81.0,2.0,0.2666666666666666,79.33333333333333,1,0
5.0,1,0,0,1,0.0,56.0,9.0,0.3333333333333333,80.66666666666667,1,0
8.0,4,3,1,0,0.0,10.0,21.0,0.5333333333333333,68.66666666666667,1,1
4.0,1,0,1,0,30.0,99.0,15.0,0.2666666666666666,85.33333333333333,1,0
10.0,4,2,1,1,30.0,23.0,5.0,0.6666666666666666,59.33333333333334,1,1
8.0,4,1,3,0,0.0,88.0,16.0,0.5333333333333333,64.66666666666667,1,1
4.0,0,0,0,0,342.0,79.0,8.0,0.2666666666666666,89.33333333333333,0,0
7.0,2,0,1,2,30.0,47.0,24.0,0.4666666666666667,65.33333333333333,1,1
3.0,0,0,1,0,0.0,94.0,3.0,0.2,88.0,1,0
1.0,0,0,0,0,211.0,124.0,5.0,0.0666666666666666,97.33333333333331,0,0
6.0,0,0,0,0,309.0,122.0,7.0,0.4,84.0,0,0
5.0,2,0,0,1,120.0,89.0,8.0,0.3333333333333333,80.66666666666667,1,0
0.0,0,1,0,0,30.0,115.0,2.0,0.0,98.0,1,0
10.0,2,1,1,1,30.0,42.0,18.0,0.6666666666666666,61.33333333333334,1,1
4.0,0,0,0,0,324.0,64.0,21.0,0.2666666666666666,89.33333333333333,0,0
7.0,0,1,0,0,30.0,55.0,12.0,0.4666666666666667,79.33333333333333,1,0
12.0,3,1,1,1,0.0,22.0,22.0,0.8,56.0,1,1
1.0,0,0,0,0,198.0,102.0,17.0,0.0666666666666666,97.33333333333331,0,0
7.0,2,0,2,0,120.0,48.0,1.0,0.4666666666666667,73.33333333333333,1,1
4.0,0,0,0,0,213.0,113.0,21.0,0.2666666666666666,89.33333333333333,0,0
12.0,5,0,2,2,0.0,15.0,9.0,0.8,48.0,1,1
4.0,0,0,0,1,90.0,92.0,9.0,0.2666666666666666,83.33333333333333,1,0
3.0,1,0,0,0,294.0,73.0,22.0,0.2,92.0,0,0
3.0,1,0,0,0,203.0,103.0,12.0,0.2,92.0,0,0
4.0,1,1,0,0,30.0,109.0,12.0,0.2666666666666666,87.33333333333333,1,0
2.0,0,0,0,0,314.0,132.0,20.0,0.1333333333333333,94.66666666666669,0,0
2.0,1,0,0,0,268.0,71.0,23.0,0.1333333333333333,94.66666666666669,0,0
4.0,1,0,1,0,30.0,72.0,18.0,0.2666666666666666,85.33333333333333,1,0
8.0,0,0,0,0,298.0,139.0,7.0,0.5333333333333333,78.66666666666667,0,0
3.0,3,2,1,0,30.0,89.0,25.0,0.2,84.0,1,1
6.0,1,1,0,0,30.0,81.0,1.0,0.4,82.0,1,0
3.0,0,0,0,0,266.0,120.0,11.0,0.2,92.0,0,0
5.0,0,0,1,0,0.0,110.0,3.0,0.3333333333333333,82.66666666666667,1,0
3.0,0,0,0,0,224.0,59.0,5.0,0.2,92.0,0,0
10.0,2,2,1,0,30.0,24.0,1.0,0.6666666666666666,65.33333333333334,1,1
12.0,1,0,1,0,90.0,102.0,21.0,0.8,64.0,1,1
4.0,0,0,1,0,120.0,55.0,1.0,0.2666666666666666,85.33333333333333,1,0
2.0,0,1,0,0,60.0,82.0,25.0,0.1333333333333333,92.66666666666669,1,0
5.0,0,0,0,0,348.0,85.0,10.0,0.3333333333333333,86.66666666666667,0,0
9.0,4,1,3,1,30.0,29.0,24.0,0.6,56.0,1,1
1.0,0,0,0,0,249.0,60.0,1.0,0.0666666666666666,97.33333333333331,0,0
3.0,0,0,0,0,189.0,115.0,3.0,0.2,92.0,0,1
0.0,0,0,0,0,276.0,132.0,9.0,0.0,100.0,0,0
7.0,1,1,0,0,30.0,44.0,19.0,0.4666666666666667,79.33333333333333,1,0
2.0,2,0,0,1,90.0,94.0,11.0,0.1333333333333333,88.66666666666667,1,0
14.0,5,3,0,2,0.0,89.0,16.0,0.9333333333333332,44.66666666666666,1,1
6.0,0,0,0,0,349.0,122.0,22.0,0.4,84.0,0,0
12.0,2,1,2,0,30.0,69.0,11.0,0.8,58.0,1,1
9.0,2,0,0,2,120.0,104.0,19.0,0.6,64.0,1,1
0.0,1,0,0,0,353.0,111.0,16.0,0.0,100.0,0,0
0.0,0,0,0,0,312.0,138.0,17.0,0.0,100.0,0,0
1.0,0,0,0,0,223.0,85.0,14.0,0.0666666666666666,97.33333333333331,0,0
3.0,0,0,0,0,221.0,60.0,11.0,0.2,92.0,0,0
4.0,0,1,0,0,60.0,37.0,12.0,0.2666666666666666,87.33333333333333,1,0
8.0,4,0,3,1,0.0,38.0,1.0,0.5333333333333333,60.66666666666667,1,1
6.0,1,0,0,0,183.0,84.0,16.0,0.4,84.0,0,0
3.0,1,0,2,0,120.0,41.0,8.0,0.2,84.0,1,0
8.0,1,0,0,0,209.0,118.0,22.0,0.5333333333333333,78.66666666666667,0,0
0.0,1,0,0,0,210.0,125.0,22.0,0.0,100.0,0,0
3.0,2,1,0,1,90.0,50.0,3.0,0.2,84.0,1,1
7.0,2,0,1,0,30.0,77.0,23.0,0.4666666666666667,77.33333333333333,1,0
0.0,0,0,0,0,261.0,89.0,20.0,0.0,100.0,0,0
10.0,1,0,0,1,150.0,29.0,25.0,0.6666666666666666,67.33333333333334,1,1
1.0,4,3,0,0,0.0,40.0,17.0,0.0666666666666666,91.33333333333331,1,0
3.0,2,1,1,0,90.0,73.0,21.0,0.2,86.0,1,0
4.0,0,0,1,0,60.0,64.0,21.0,0.2666666666666666,85.33333333333333,1,0
7.0,1,0,1,0,30.0,116.0,6.0,0.4666666666666667,77.33333333333333,1,0
7.0,1,0,1,0,60.0,101.0,18.0,0.4666666666666667,77.33333333333333,1,0
2.0,0,0,0,0,261.0,50.0,6.0,0.1333333333333333,94.66666666666669,0,0
7.0,4,1,2,0,60.0,59.0,20.0,0.4666666666666667,71.33333333333333,1,1
1.0,1,0,0,0,322.0,75.0,18.0,0.0666666666666666,97.33333333333331,0,0
11.0,0,0,0,0,248.0,73.0,23.0,0.7333333333333333,70.66666666666667,0,0
8.0,0,0,0,0,341.0,64.0,21.0,0.5333333333333333,78.66666666666667,0,0
4.0,0,0,1,0,30.0,78.0,16.0,0.2666666666666666,85.33333333333333,1,0
12.0,2,0,1,1,60.0,48.0,2.0,0.8,58.0,1,1
6.0,3,0,1,1,30.0,110.0,1.0,0.4,74.0,1,1
0.0,1,0,1,0,90.0,49.0,5.0,0.0,96.0,1,0
4.0,1,0,0,0,352.0,93.0,11.0,0.2666666666666666,89.33333333333333,0,0
0.0,1,0,0,0,210.0,92.0,15.0,0.0,100.0,0,0
13.0,5,0,3,1,0.0,72.0,17.0,0.8666666666666667,47.33333333333333,1,1
4.0,1,0,0,0,210.0,86.0,10.0,0.2666666666666666,89.33333333333333,0,1
8.0,3,1,1,1,60.0,23.0,4.0,0.5333333333333333,66.66666666666667,1,1
7.0,1,1,0,0,60.0,105.0,4.0,0.4666666666666667,79.33333333333333,1,0
9.0,3,0,2,1,30.0,29.0,13.0,0.6,62.0,1,1
3.0,1,0,0,0,333.0,131.0,17.0,0.2,92.0,0,0
0.0,0,0,0,0,296.0,74.0,12.0,0.0,100.0,0,0
8.0,0,0,0,0,267.0,97.0,9.0,0.5333333333333333,78.66666666666667,0,0
1.0,0,0,0,0,212.0,67.0,2.0,0.0666666666666666,97.33333333333331,0,0
6.0,2,2,0,0,30.0,64.0,6.0,0.4,80.0,1,0
4.0,1,1,0,0,120.0,105.0,8.0,0.2666666666666666,87.33333333333333,1,0
8.0,1,0,1,0,60.0,45.0,24.0,0.5333333333333333,74.66666666666667,1,0
2.0,1,1,0,0,60.0,104.0,25.0,0.1333333333333333,92.66666666666669,1,0
4.0,0,1,0,0,150.0,61.0,18.0,0.2666666666666666,87.33333333333333,1,0
1.0,0,0,0,0,227.0,59.0,23.0,0.0666666666666666,97.33333333333331,0,0
3.0,0,0,0,0,294.0,122.0,6.0,0.2,92.0,0,0
11.0,1,0,0,0,346.0,101.0,21.0,0.7333333333333333,70.66666666666667,0,0
4.0,1,0,0,0,235.0,88.0,25.0,0.2666666666666666,89.33333333333333,0,0
11.0,2,0,1,0,0.0,127.0,19.0,0.7333333333333333,66.66666666666667,1,1
10.0,2,1,0,0,150.0,116.0,15.0,0.6666666666666666,71.33333333333334,1,0
11.0,4,2,1,1,0.0,90.0,23.0,0.7333333333333333,56.66666666666667,1,1
4.0,1,1,0,0,60.0,113.0,21.0,0.2666666666666666,87.33333333333333,1,0
2.0,1,1,0,0,0.0,106.0,4.0,0.1333333333333333,92.66666666666669,1,0
3.0,0,0,0,0,217.0,77.0,13.0,0.2,92.0,0,0
2.0,0,0,0,0,237.0,111.0,4.0,0.1333333333333333,94.66666666666669,0,0
12.0,3,1,1,0,30.0,95.0,24.0,0.8,62.0,1,1
8.0,1,1,0,0,60.0,114.0,23.0,0.5333333333333333,76.66666666666667,1,0
3.0,0,0,0,0,349.0,62.0,18.0,0.2,92.0,0,0
10.0,2,0,2,1,90.0,102.0,9.0,0.6666666666666666,59.33333333333334,1,1
1.0,0,0,0,0,231.0,104.0,22.0,0.0666666666666666,97.33333333333331,0,0
11.0,3,0,1,1,0.0,109.0,25.0,0.7333333333333333,60.66666666666667,1,1
4.0,0,0,0,0,228.0,51.0,21.0,0.2666666666666666,89.33333333333333,0,0
6.0,0,0,1,0,60.0,102.0,3.0,0.4,80.0,1,0
11.0,4,0,1,2,30.0,39.0,3.0,0.7333333333333333,54.66666666666667,1,1
3.0,0,1,0,0,30.0,67.0,9.0,0.2,90.0,1,0
0.0,0,0,0,0,319.0,91.0,3.0,0.0,100.0,0,0
0.0,0,0,0,0,295.0,54.0,17.0,0.0,100.0,0,0
6.0,0,0,0,0,333.0,115.0,11.0,0.4,84.0,0,0
2.0,1,0,0,0,231.0,43.0,21.0,0.1333333333333333,94.66666666666669,0,0
1.0,0,0,0,0,263.0,107.0,12.0,0.0666666666666666,97.33333333333331,0,0
5.0,1,0,0,0,252.0,73.0,4.0,0.3333333333333333,86.66666666666667,0,1
6.0,1,0,0,0,185.0,96.0,15.0,0.4,84.0,0,0
0.0,0,0,0,0,316.0,85.0,9.0,0.0,100.0,0,0
0.0,0,0,0,0,336.0,103.0,5.0,0.0,100.0,0,0
14.0,2,0,2,0,0.0,116.0,9.0,0.9333333333333332,54.66666666666666,1,1
12.0,6,2,2,2,0.0,51.0,10.0,0.8,44.0,1,1
12.0,3,1,1,1,0.0,71.0,3.0,0.8,56.0,1,1
6.0,1,0,1,0,150.0,113.0,5.0,0.4,80.0,1,0
7.0,0,0,0,0,315.0,91.0,5.0,0.4666666666666667,81.33333333333333,0,0
6.0,2,1,0,1,120.0,47.0,6.0,0.4,76.0,1,1
6.0,1,0,0,2,60.0,63.0,9.0,0.4,72.0,1,0
1.0,0,0,0,0,213.0,118.0,24.0,0.0666666666666666,97.33333333333331,0,0
10.0,5,1,2,2,0.0,77.0,17.0,0.6666666666666666,51.33333333333334,1,1
8.0,2,0,0,1,30.0,110.0,5.0,0.5333333333333333,72.66666666666667,1,1
0.0,1,1,0,0,90.0,89.0,21.0,0.0,98.0,1,0
3.0,0,0,0,0,295.0,107.0,9.0,0.2,92.0,0,0
4.0,0,0,0,0,215.0,92.0,23.0,0.2666666666666666,89.33333333333333,0,0
1.0,1,1,0,0,90.0,88.0,9.0,0.0666666666666666,95.33333333333331,1,1
1.0,0,0,0,0,268.0,140.0,14.0,0.0666666666666666,97.33333333333331,0,0
3.0,0,0,0,0,268.0,49.0,25.0,0.2,92.0,0,0
6.0,1,1,0,0,120.0,102.0,11.0,0.4,82.0,1,0
0.0,1,0,0,0,209.0,90.0,20.0,0.0,100.0,0,0
11.0,3,0,1,1,60.0,67.0,14.0,0.7333333333333333,60.66666666666667,1,1
0.0,1,1,0,0,150.0,52.0,23.0,0.0,98.0,1,0
9.0,2,2,0,0,0.0,74.0,4.0,0.6,72.0,1,1
7.0,3,1,1,1,0.0,29.0,14.0,0.4666666666666667,69.33333333333333,1,1
4.0,1,0,0,0,193.0,107.0,15.0,0.2666666666666666,89.33333333333333,0,0
3.0,2,1,0,0,30.0,110.0,12.0,0.2,90.0,1,0
3.0,0,0,0,0,310.0,104.0,18.0,0.2,92.0,0,0
4.0,2,0,1,0,90.0,86.0,6.0,0.2666666666666666,85.33333333333333,1,0
4.0,3,1,1,0,0.0,86.0,17.0,0.2666666666666666,83.33333333333333,1,0
1.0,0,0,0,0,259.0,131.0,15.0,0.0666666666666666,97.33333333333331,0,0
13.0,5,0,1,4,0.0,71.0,13.0,0.8666666666666667,37.33333333333333,1,1
2.0,1,0,1,0,60.0,61.0,14.0,0.1333333333333333,90.66666666666669,1,0
0.0,0,0,0,0,343.0,81.0,15.0,0.0,100.0,0,0
12.0,6,0,1,4,0.0,32.0,13.0,0.8,40.0,1,1
11.0,3,2,1,0,0.0,103.0,10.0,0.7333333333333333,62.66666666666667,1,1
3.0,1,0,0,0,343.0,105.0,15.0,0.2,92.0,0,0
2.0,0,1,0,0,0.0,108.0,6.0,0.1333333333333333,92.66666666666669,1,0
8.0,4,1,1,2,0.0,17.0,22.0,0.5333333333333333,60.66666666666667,1,1
7.0,0,0,0,0,280.0,52.0,10.0,0.4666666666666667,81.33333333333333,0,0
11.0,6,1,3,1,0.0,10.0,12.0,0.7333333333333333,50.66666666666667,1,1
0.0,1,0,0,0,212.0,103.0,20.0,0.0,100.0,0,0
5.0,0,1,0,0,150.0,115.0,5.0,0.3333333333333333,84.66666666666667,1,0
5.0,0,0,0,0,194.0,105.0,10.0,0.3333333333333333,86.66666666666667,0,0
12.0,3,0,2,2,0.0,86.0,3.0,0.8,48.0,1,1
8.0,2,1,0,0,30.0,43.0,20.0,0.5333333333333333,76.66666666666667,1,0
6.0,4,3,0,1,0.0,92.0,14.0,0.4,72.0,1,1
12.0,3,1,1,1,0.0,24.0,2.0,0.8,56.0,1,1
10.0,1,1,0,0,60.0,65.0,19.0,0.6666666666666666,71.33333333333334,1,0
3.0,1,0,0,0,256.0,56.0,18.0,0.2,92.0,0,0
3.0,1,0,0,0,306.0,103.0,7.0,0.2,92.0,0,0
6.0,1,1,0,0,60.0,76.0,2.0,0.4,82.0,1,0
1.0,0,0,0,0,333.0,125.0,18.0,0.0666666666666666,97.33333333333331,0,0
2.0,0,0,0,0,229.0,52.0,8.0,0.1333333333333333,94.66666666666669,0,0
4.0,1,1,1,0,60.0,64.0,9.0,0.2666666666666666,83.33333333333333,1,0
4.0,3,1,1,0,60.0,87.0,3.0,0.2666666666666666,83.33333333333333,1,0
0.0,0,0,0,0,186.0,38.0,11.0,0.0,100.0,0,0
7.0,0,0,0,0,257.0,58.0,20.0,0.4666666666666667,81.33333333333333,0,0
8.0,2,2,0,0,30.0,82.0,3.0,0.5333333333333333,74.66666666666667,1,1
4.0,0,0,0,0,303.0,141.0,18.0,0.2666666666666666,89.33333333333333,0,0
1.0,0,0,0,0,250.0,70.0,7.0,0.0666666666666666,97.33333333333331,0,0
12.0,3,2,0,1,30.0,28.0,14.0,0.8,58.0,1,1
0.0,0,0,0,0,305.0,101.0,8.0,0.0,100.0,0,0
3.0,1,0,0,0,297.0,115.0,8.0,0.2,92.0,0,0
8.0,3,1,2,1,0.0,52.0,4.0,0.5333333333333333,62.66666666666667,1,1
1.0,0,1,0,0,150.0,71.0,10.0,0.0666666666666666,95.33333333333331,1,0
3.0,0,0,0,0,209.0,88.0,7.0,0.2,92.0,0,0
0.0,0,0,0,0,260.0,64.0,14.0,0.0,100.0,0,0
7.0,2,0,2,0,0.0,73.0,4.0,0.4666666666666667,73.33333333333333,1,1
5.0,0,1,0,0,0.0,126.0,21.0,0.3333333333333333,84.66666666666667,1,0
7.0,1,0,0,0,229.0,112.0,2.0,0.4666666666666667,81.33333333333333,0,0
6.0,1,1,0,1,0.0,107.0,19.0,0.4,76.0,1,1
13.0,3,0,3,0,0.0,61.0,17.0,0.8666666666666667,53.33333333333333,1,1
2.0,0,0,0,0,248.0,68.0,25.0,0.1333333333333333,94.66666666666669,0,0
1.0,0,0,0,0,293.0,125.0,19.0,0.0666666666666666,97.33333333333331,0,0
3.0,0,0,0,0,216.0,131.0,19.0,0.2,92.0,0,0
13.0,2,0,0,2,30.0,76.0,3.0,0.8666666666666667,53.33333333333333,1,1
8.0,1,1,1,0,30.0,48.0,22.0,0.5333333333333333,72.66666666666667,1,1
4.0,2,1,0,0,90.0,91.0,14.0,0.2666666666666666,87.33333333333333,1,0
1.0,0,0,0,0,306.0,82.0,25.0,0.0666666666666666,97.33333333333331,0,0
5.0,3,2,0,0,60.0,41.0,21.0,0.3333333333333333,82.66666666666667,1,0
1.0,0,0,0,0,201.0,49.0,5.0,0.0666666666666666,97.33333333333331,0,0
1.0,2,1,0,0,60.0,109.0,19.0,0.0666666666666666,95.33333333333331,1,0
0.0,0,0,0,0,336.0,135.0,21.0,0.0,100.0,0,0
1.0,1,1,0,0,30.0,59.0,2.0,0.0666666666666666,95.33333333333331,1,1
10.0,3,3,0,0,0.0,62.0,24.0,0.6666666666666666,67.33333333333334,1,1
11.0,0,0,0,0,335.0,81.0,24.0,0.7333333333333333,70.66666666666667,0,0
1.0,1,0,0,0,197.0,104.0,1.0,0.0666666666666666,97.33333333333331,0,0
4.0,0,0,0,0,349.0,115.0,17.0,0.2666666666666666,89.33333333333333,0,1
8.0,0,0,1,0,90.0,53.0,4.0,0.5333333333333333,74.66666666666667,1,0
4.0,1,0,0,0,242.0,59.0,22.0,0.2666666666666666,89.33333333333333,0,0
3.0,1,0,1,0,90.0,33.0,15.0,0.2,88.0,1,0
5.0,0,1,0,0,120.0,60.0,4.0,0.3333333333333333,84.66666666666667,1,0
3.0,0,1,0,0,60.0,41.0,19.0,0.2,90.0,1,0
0.0,0,0,0,0,310.0,64.0,9.0,0.0,100.0,0,0
2.0,0,0,0,0,273.0,107.0,21.0,0.1333333333333333,94.66666666666669,0,1
8.0,4,1,1,2,30.0,89.0,24.0,0.5333333333333333,60.66666666666667,1,1
2.0,1,1,0,0,120.0,88.0,20.0,0.1333333333333333,92.66666666666669,1,0
12.0,4,1,0,3,30.0,27.0,4.0,0.8,48.0,1,1
7.0,2,0,1,0,150.0,108.0,17.0,0.4666666666666667,77.33333333333333,1,0
9.0,3,1,0,2,0.0,42.0,7.0,0.6,62.0,1,1
4.0,0,0,0,0,187.0,40.0,11.0,0.2666666666666666,89.33333333333333,0,0
5.0,1,0,1,0,150.0,103.0,12.0,0.3333333333333333,82.66666666666667,1,0
14.0,2,1,0,2,0.0,30.0,2.0,0.9333333333333332,48.66666666666666,1,1
3.0,0,0,0,1,150.0,63.0,6.0,0.2,86.0,1,0
1.0,2,1,0,0,60.0,47.0,24.0,0.0666666666666666,95.33333333333331,1,0
8.0,1,0,1,0,0.0,96.0,11.0,0.5333333333333333,74.66666666666667,1,0
4.0,0,0,0,0,269.0,56.0,11.0,0.2666666666666666,89.33333333333333,0,0
12.0,3,2,1,0,30.0,95.0,22.0,0.8,60.0,1,1
11.0,2,0,1,1,0.0,106.0,6.0,0.7333333333333333,60.66666666666667,1,1
4.0,3,2,0,0,90.0,41.0,18.0,0.2666666666666666,85.33333333333333,1,0
9.0,3,2,1,1,0.0,79.0,18.0,0.6,62.0,1,1
0.0,1,0,0,1,30.0,104.0,13.0,0.0,94.0,1,0
4.0,0,0,0,0,308.0,79.0,1.0,0.2666666666666666,89.33333333333333,0,0
8.0,2,1,2,0,30.0,22.0,6.0,0.5333333333333333,68.66666666666667,1,1
4.0,1,0,1,1,0.0,110.0,17.0,0.2666666666666666,79.33333333333333,1,1
8.0,2,0,0,1,0.0,107.0,17.0,0.5333333333333333,72.66666666666667,1,1
1.0,0,0,0,0,218.0,112.0,13.0,0.0666666666666666,97.33333333333331,0,0
7.0,1,0,1,0,60.0,111.0,8.0,0.4666666666666667,77.33333333333333,1,0
2.0,0,0,0,0,276.0,101.0,25.0,0.1333333333333333,94.66666666666669,0,0
12.0,3,1,1,2,60.0,80.0,11.0,0.8,50.0,1,1
13.0,4,1,1,1,0.0,88.0,19.0,0.8666666666666667,53.33333333333333,1,1
12.0,4,0,3,1,0.0,57.0,22.0,0.8,50.0,1,1
4.0,0,0,0,0,334.0,67.0,4.0,0.2666666666666666,89.33333333333333,0,0
3.0,0,0,0,0,306.0,137.0,17.0,0.2,92.0,0,0
7.0,5,0,1,3,0.0,55.0,18.0,0.4666666666666667,59.33333333333333,1,1
6.0,3,2,1,0,90.0,17.0,9.0,0.4,76.0,1,1
1.0,0,0,0,0,196.0,69.0,21.0,0.0666666666666666,97.33333333333331,0,0
2.0,1,1,0,0,90.0,41.0,11.0,0.1333333333333333,92.66666666666669,1,0
1.0,1,1,0,0,30.0,72.0,21.0,0.0666666666666666,95.33333333333331,1,0
3.0,1,0,0,0,318.0,93.0,15.0,0.2,92.0,0,0
6.0,0,0,0,0,354.0,82.0,21.0,0.4,84.0,0,0
13.0,3,0,0,3,0.0,22.0,21.0,0.8666666666666667,47.33333333333333,1,1
4.0,0,0,0,0,229.0,69.0,10.0,0.2666666666666666,89.33333333333333,0,0
1.0,0,0,0,0,226.0,50.0,1.0,0.0666666666666666,97.33333333333331,0,0
3.0,3,2,1,0,30.0,83.0,25.0,0.2,84.0,1,0
7.0,0,0,0,0,257.0,74.0,12.0,0.4666666666666667,81.33333333333333,0,0
3.0,1,0,0,0,228.0,78.0,9.0,0.2,92.0,0,0
4.0,1,0,0,0,200.0,115.0,9.0,0.2666666666666666,89.33333333333333,0,0
1.0,1,0,0,0,355.0,107.0,12.0,0.0666666666666666,97.33333333333331,0,0
3.0,4,2,2,0,30.0,33.0,2.0,0.2,80.0,1,1
8.0,1,1,0,0,120.0,92.0,11.0,0.5333333333333333,76.66666666666667,1,0
2.0,1,0,0,0,287.0,124.0,12.0,0.1333333333333333,94.66666666666669,0,0
0.0,0,0,0,0,311.0,134.0,6.0,0.0,100.0,0,0
12.0,2,0,0,2,0.0,69.0,18.0,0.8,56.0,1,1
3.0,0,0,0,0,360.0,61.0,7.0,0.2,92.0,0,0
8.0,2,0,1,0,30.0,83.0,3.0,0.5333333333333333,74.66666666666667,1,0
10.0,3,1,1,2,0.0,77.0,2.0,0.6666666666666666,55.33333333333334,1,1
12.0,4,0,3,1,30.0,55.0,24.0,0.8,50.0,1,1
14.0,3,0,1,2,0.0,76.0,9.0,0.9333333333333332,46.66666666666666,1,1
0.0,1,1,0,0,150.0,94.0,21.0,0.0,98.0,1,0
3.0,0,0,0,0,245.0,99.0,22.0,0.2,92.0,0,0
9.0,3,2,2,0,60.0,58.0,5.0,0.6,64.0,1,1
1.0,1,0,0,0,213.0,133.0,2.0,0.0666666666666666,97.33333333333331,0,0
4.0,0,0,0,0,256.0,131.0,5.0,0.2666666666666666,89.33333333333333,0,0
4.0,2,1,0,0,90.0,121.0,11.0,0.2666666666666666,87.33333333333333,1,0
8.0,1,0,0,0,324.0,122.0,21.0,0.5333333333333333,78.66666666666667,0,0
2.0,0,0,0,0,186.0,114.0,6.0,0.1333333333333333,94.66666666666669,0,0
2.0,0,0,0,0,183.0,106.0,12.0,0.1333333333333333,94.66666666666669,0,0
3.0,1,1,0,0,90.0,110.0,2.0,0.2,90.0,1,0
3.0,0,1,0,0,90.0,39.0,5.0,0.2,90.0,1,0
8.0,2,1,0,0,30.0,98.0,11.0,0.5333333333333333,76.66666666666667,1,0
0.0,1,0,0,0,245.0,119.0,22.0,0.0,100.0,0,0
1.0,0,1,0,0,60.0,48.0,22.0,0.0666666666666666,95.33333333333331,1,0
13.0,4,0,2,2,60.0,68.0,16.0,0.8666666666666667,45.33333333333333,1,1
4.0,0,0,0,0,264.0,61.0,4.0,0.2666666666666666,89.33333333333333,0,0
3.0,0,0,0,0,328.0,134.0,17.0,0.2,92.0,0,0
7.0,3,1,1,2,30.0,76.0,5.0,0.4666666666666667,63.33333333333333,1,1
4.0,0,0,0,0,215.0,123.0,2.0,0.2666666666666666,89.33333333333333,0,0
7.0,1,0,0,0,233.0,105.0,18.0,0.4666666666666667,81.33333333333333,0,0
7.0,2,0,1,0,120.0,99.0,22.0,0.4666666666666667,77.33333333333333,1,0
7.0,3,0,2,1,0.0,83.0,14.0,0.4666666666666667,67.33333333333333,1,1
1.0,0,0,0,0,223.0,111.0,13.0,0.0666666666666666,97.33333333333331,0,0
0.0,0,0,0,0,286.0,119.0,20.0,0.0,100.0,0,0
3.0,0,0,0,0,293.0,121.0,11.0,0.2,92.0,0,0
3.0,0,0,0,0,282.0,55.0,12.0,0.2,92.0,0,0
12.0,3,0,1,2,0.0,92.0,1.0,0.8,52.0,1,1
7.0,0,0,0,0,222.0,66.0,1.0,0.4666666666666667,81.33333333333333,0,0
4.0,1,2,0,0,90.0,70.0,1.0,0.2666666666666666,85.33333333333333,1,0
6.0,1,1,0,1,90.0,25.0,11.0,0.4,76.0,1,1
11.0,4,1,1,2,0.0,60.0,18.0,0.7333333333333333,52.66666666666667,1,1
0.0,0,0,1,0,150.0,114.0,18.0,0.0,96.0,1,0
11.0,4,1,1,3,0.0,30.0,18.0,0.7333333333333333,46.66666666666667,1,1
6.0,2,1,1,0,0.0,110.0,22.0,0.4,78.0,1,0
0.0,0,0,0,0,250.0,97.0,8.0,0.0,100.0,0,0
8.0,3,0,1,1,0.0,48.0,10.0,0.5333333333333333,68.66666666666667,1,1
1.0,0,0,0,0,295.0,97.0,1.0,0.0666666666666666,97.33333333333331,0,0
6.0,1,1,0,0,0.0,120.0,22.0,0.4,82.0,1,0
6.0,1,0,0,0,236.0,84.0,22.0,0.4,84.0,0,0
1.0,1,0,0,0,188.0,44.0,19.0,0.0666666666666666,97.33333333333331,0,0
14.0,2,0,1,1,90.0,60.0,6.0,0.9333333333333332,52.66666666666666,1,1
1.0,0,0,0,0,247.0,132.0,13.0,0.0666666666666666,97.33333333333331,0,0
4.0,0,0,0,0,202.0,119.0,13.0,0.2666666666666666,89.33333333333333,0,0
6.0,4,1,2,1,0.0,75.0,14.0,0.4,68.0,1,1
1.0,0,0,0,0,222.0,121.0,23.0,0.0666666666666666,97.33333333333331,0,0
6.0,2,0,1,0,90.0,77.0,19.0,0.4,80.0,1,0
14.0,2,0,2,1,0.0,33.0,24.0,0.9333333333333332,48.66666666666666,1,1
10.0,1,2,0,0,0.0,88.0,5.0,0.6666666666666666,69.33333333333334,1,0
0.0,0,0,0,0,317.0,83.0,18.0,0.0,100.0,0,0
2.0,0,0,0,0,227.0,90.0,11.0,0.1333333333333333,94.66666666666669,0,0
3.0,1,0,0,0,199.0,41.0,17.0,0.2,92.0,0,0
9.0,4,1,1,1,0.0,84.0,24.0,0.6,64.0,1,1
1.0,0,0,0,0,344.0,129.0,12.0,0.0666666666666666,97.33333333333331,0,0
10.0,1,0,1,1,30.0,69.0,3.0,0.6666666666666666,63.33333333333334,1,0
1.0,0,0,0,0,298.0,65.0,10.0,0.0666666666666666,97.33333333333331,0,0
0.0,1,1,0,0,30.0,47.0,3.0,0.0,98.0,1,0
6.0,2,1,1,0,60.0,64.0,23.0,0.4,78.0,1,0
1.0,1,1,0,0,30.0,125.0,1.0,0.0666666666666666,95.33333333333331,1,0
3.0,0,0,1,0,120.0,91.0,25.0,0.2,88.0,1,0
2.0,0,0,0,0,357.0,65.0,18.0,0.1333333333333333,94.66666666666669,0,0
8.0,1,0,0,0,299.0,142.0,12.0,0.5333333333333333,78.66666666666667,0,0
1.0,0,0,0,0,331.0,100.0,6.0,0.0666666666666666,97.33333333333331,0,0
8.0,2,1,0,0,30.0,49.0,4.0,0.5333333333333333,76.66666666666667,1,0
2.0,0,0,0,0,353.0,50.0,23.0,0.1333333333333333,94.66666666666669,0,0
9.0,3,1,0,2,0.0,22.0,23.0,0.6,62.0,1,1
11.0,2,0,0,2,0.0,88.0,1.0,0.7333333333333333,58.66666666666667,1,1
2.0,1,0,0,0,315.0,56.0,18.0,0.1333333333333333,94.66666666666669,0,0
10.0,3,1,2,0,0.0,106.0,11.0,0.6666666666666666,63.33333333333334,1,1
7.0,0,0,0,0,285.0,137.0,5.0,0.4666666666666667,81.33333333333333,0,0
0.0,0,0,0,0,270.0,54.0,16.0,0.0,100.0,0,0
1.0,1,1,0,0,90.0,80.0,6.0,0.0666666666666666,95.33333333333331,1,0
1.0,1,0,0,0,208.0,129.0,24.0,0.0666666666666666,97.33333333333331,0,0
0.0,1,1,0,0,120.0,78.0,24.0,0.0,98.0,1,0
7.0,2,0,0,1,150.0,116.0,19.0,0.4666666666666667,75.33333333333333,1,1
6.0,0,0,0,0,343.0,68.0,24.0,0.4,84.0,0,0
14.0,4,1,1,1,90.0,32.0,16.0,0.9333333333333332,50.66666666666666,1,1
5.0,1,1,1,0,60.0,58.0,20.0,0.3333333333333333,80.66666666666667,1,0
8.0,2,2,0,1,60.0,76.0,22.0,0.5333333333333333,68.66666666666667,1,1
7.0,1,1,0,0,0.0,113.0,25.0,0.4666666666666667,79.33333333333333,1,0
8.0,0,1,0,0,120.0,47.0,21.0,0.5333333333333333,76.66666666666667,1,0
0.0,1,0,0,0,259.0,111.0,13.0,0.0,100.0,0,0
2.0,0,0,0,0,220.0,125.0,9.0,0.1333333333333333,94.66666666666669,0,0
1.0,0,0,0,0,241.0,128.0,6.0,0.0666666666666666,97.33333333333331,0,0
2.0,0,0,0,0,357.0,70.0,19.0,0.1333333333333333,94.66666666666669,0,0
3.0,0,0,0,0,340.0,64.0,2.0,0.2,92.0,0,0
6.0,3,0,1,2,0.0,94.0,19.0,0.4,68.0,1,1
12.0,3,0,1,2,30.0,28.0,18.0,0.8,52.0,1,1
3.0,0,0,0,0,309.0,100.0,2.0,0.2,92.0,0,0
12.0,4,0,2,1,0.0,59.0,13.0,0.8,54.0,1,1
4.0,0,0,0,0,305.0,59.0,1.0,0.2666666666666666,89.33333333333333,0,0
1.0,1,0,1,0,90.0,34.0,4.0,0.0666666666666666,93.33333333333331,1,0
14.0,4,2,0,2,30.0,70.0,11.0,0.9333333333333332,46.66666666666666,1,1
4.0,1,0,0,0,248.0,61.0,16.0,0.2666666666666666,89.33333333333333,0,0
6.0,1,0,0,1,120.0,69.0,14.0,0.4,78.0,1,1
6.0,0,0,1,0,120.0,39.0,12.0,0.4,80.0,1,0
0.0,0,0,0,0,250.0,54.0,19.0,0.0,100.0,0,0
11.0,2,0,1,2,30.0,78.0,8.0,0.7333333333333333,54.66666666666667,1,1
13.0,1,0,1,0,150.0,84.0,16.0,0.8666666666666667,61.33333333333333,1,1
0.0,0,0,0,0,312.0,89.0,10.0,0.0,100.0,0,0
4.0,1,1,0,0,150.0,35.0,18.0,0.2666666666666666,87.33333333333333,1,0
4.0,1,0,0,0,359.0,100.0,13.0,0.2666666666666666,89.33333333333333,0,0
1.0,1,0,0,0,225.0,133.0,6.0,0.0666666666666666,97.33333333333331,0,0
2.0,1,0,0,0,200.0,64.0,11.0,0.1333333333333333,94.66666666666669,0,0
8.0,2,1,0,0,120.0,58.0,25.0,0.5333333333333333,76.66666666666667,1,0
12.0,2,0,2,0,90.0,88.0,12.0,0.8,60.0,1,1
8.0,3,1,0,1,0.0,79.0,18.0,0.5333333333333333,70.66666666666667,1,1
2.0,0,0,0,0,180.0,45.0,14.0,0.1333333333333333,94.66666666666669,0,0
3.0,1,0,0,0,260.0,105.0,12.0,0.2,92.0,0,0
6.0,0,1,0,0,120.0,33.0,6.0,0.4,82.0,1,0
3.0,0,0,0,0,232.0,129.0,13.0,0.2,92.0,0,0
4.0,0,0,0,0,298.0,62.0,6.0,0.2666666666666666,89.33333333333333,0,0
11.0,0,0,0,0,215.0,114.0,9.0,0.7333333333333333,70.66666666666667,0,0
3.0,1,0,0,0,301.0,64.0,12.0,0.2,92.0,0,0
12.0,4,0,1,3,30.0,53.0,9.0,0.8,46.0,1,1
0.0,1,0,0,0,223.0,108.0,3.0,0.0,100.0,0,0
12.0,2,0,1,2,0.0,62.0,21.0,0.8,52.0,1,1
4.0,0,0,0,0,315.0,71.0,24.0,0.2666666666666666,89.33333333333333,0,0
1.0,0,0,0,0,195.0,121.0,18.0,0.0666666666666666,97.33333333333331,0,0
7.0,2,0,1,0,150.0,111.0,12.0,0.4666666666666667,77.33333333333333,1,0
2.0,0,0,0,0,233.0,116.0,4.0,0.1333333333333333,94.66666666666669,0,0
13.0,3,0,0,2,0.0,33.0,11.0,0.8666666666666667,53.33333333333333,1,1
8.0,3,1,2,0,0.0,80.0,25.0,0.5333333333333333,68.66666666666667,1,1
3.0,1,0,2,0,30.0,76.0,15.0,0.2,84.0,1,0
4.0,1,0,0,0,294.0,98.0,24.0,0.2666666666666666,89.33333333333333,0,0
9.0,1,0,0,1,0.0,118.0,8.0,0.6,70.0,1,1
12.0,3,1,3,0,0.0,85.0,21.0,0.8,54.0,1,1
2.0,0,0,0,0,342.0,83.0,7.0,0.1333333333333333,94.66666666666669,0,0
2.0,0,0,0,0,250.0,66.0,21.0,0.1333333333333333,94.66666666666669,0,0
7.0,1,0,0,1,30.0,39.0,5.0,0.4666666666666667,75.33333333333333,1,1
0.0,0,0,0,0,283.0,76.0,25.0,0.0,100.0,0,0
0.0,0,0,0,0,250.0,56.0,22.0,0.0,100.0,0,0
5.0,1,1,0,1,30.0,30.0,10.0,0.3333333333333333,78.66666666666667,1,0
9.0,1,1,0,1,60.0,113.0,5.0,0.6,68.0,1,1
3.0,2,2,0,0,120.0,108.0,2.0,0.2,88.0,1,0
1.0,0,0,0,0,303.0,58.0,12.0,0.0666666666666666,97.33333333333331,0,0
6.0,2,2,0,0,0.0,95.0,21.0,0.4,80.0,1,0
1.0,0,0,0,0,328.0,132.0,7.0,0.0666666666666666,97.33333333333331,0,0
6.0,3,0,2,0,0.0,51.0,8.0,0.4,76.0,1,1
10.0,2,0,1,1,30.0,73.0,21.0,0.6666666666666666,63.33333333333334,1,1
7.0,1,0,0,1,120.0,66.0,4.0,0.4666666666666667,75.33333333333333,1,1
3.0,2,1,0,0,90.0,61.0,6.0,0.2,90.0,1,0
7.0,3,1,2,0,30.0,29.0,16.0,0.4666666666666667,71.33333333333333,1,1
5.0,4,3,0,0,30.0,98.0,15.0,0.3333333333333333,80.66666666666667,1,1
4.0,2,0,1,0,60.0,59.0,22.0,0.2666666666666666,85.33333333333333,1,0
8.0,1,0,0,1,0.0,127.0,8.0,0.5333333333333333,72.66666666666667,1,1
7.0,1,0,0,0,202.0,112.0,20.0,0.4666666666666667,81.33333333333333,0,0
6.0,0,0,0,0,341.0,64.0,2.0,0.4,84.0,0,0
0.0,0,0,0,0,196.0,40.0,16.0,0.0,100.0,0,0
1.0,0,0,0,0,283.0,52.0,6.0,0.0666666666666666,97.33333333333331,0,0
1.0,0,0,0,0,272.0,118.0,23.0,0.0666666666666666,97.33333333333331,0,1
11.0,5,1,2,1,30.0,78.0,14.0,0.7333333333333333,54.66666666666667,1,1
2.0,0,0,0,0,267.0,105.0,19.0,0.1333333333333333,94.66666666666669,0,0
8.0,2,1,1,1,0.0,80.0,13.0,0.5333333333333333,66.66666666666667,1,1
4.0,1,0,0,0,224.0,68.0,13.0,0.2666666666666666,89.33333333333333,0,0
7.0,4,2,0,1,60.0,92.0,15.0,0.4666666666666667,71.33333333333333,1,1
11.0,1,0,0,0,220.0,124.0,6.0,0.7333333333333333,70.66666666666667,0,0
4.0,2,1,1,0,30.0,71.0,4.0,0.2666666666666666,83.33333333333333,1,0
1.0,0,1,0,0,150.0,46.0,21.0,0.0666666666666666,95.33333333333331,1,0
13.0,2,1,0,1,30.0,49.0,20.0,0.8666666666666667,57.33333333333333,1,1
1.0,1,0,0,0,357.0,120.0,13.0,0.0666666666666666,97.33333333333331,0,0
8.0,2,0,2,1,30.0,95.0,13.0,0.5333333333333333,64.66666666666667,1,1
8.0,3,1,1,1,0.0,41.0,2.0,0.5333333333333333,66.66666666666667,1,1
7.0,5,3,0,2,0.0,67.0,14.0,0.4666666666666667,63.33333333333333,1,1
0.0,1,0,1,0,90.0,57.0,9.0,0.0,96.0,1,0
4.0,1,0,0,0,222.0,66.0,14.0,0.2666666666666666,89.33333333333333,0,0
2.0,0,0,0,0,336.0,71.0,15.0,0.1333333333333333,94.66666666666669,0,0
0.0,1,1,0,0,30.0,107.0,8.0,0.0,98.0,1,0
4.0,0,1,0,0,90.0,80.0,24.0,0.2666666666666666,87.33333333333333,1,0
4.0,1,1,0,0,60.0,92.0,9.0,0.2666666666666666,87.33333333333333,1,0
10.0,0,0,1,0,150.0,111.0,23.0,0.6666666666666666,69.33333333333334,1,1
3.0,0,0,0,1,120.0,61.0,22.0,0.2,86.0,1,0
2.0,0,0,0,0,343.0,136.0,6.0,0.1333333333333333,94.66666666666669,0,0
0.0,0,0,0,0,208.0,87.0,2.0,0.0,100.0,0,0
5.0,2,1,0,0,0.0,122.0,11.0,0.3333333333333333,84.66666666666667,1,0
2.0,0,0,0,0,195.0,101.0,8.0,0.1333333333333333,94.66666666666669,0,0
10.0,4,1,1,1,0.0,78.0,16.0,0.6666666666666666,61.33333333333334,1,1
3.0,0,0,0,0,348.0,86.0,3.0,0.2,92.0,0,0
5.0,2,0,1,0,150.0,56.0,20.0,0.3333333333333333,82.66666666666667,1,0
4.0,0,0,0,0,321.0,118.0,20.0,0.2666666666666666,89.33333333333333,0,0
7.0,0,0,0,0,232.0,48.0,1.0,0.4666666666666667,81.33333333333333,0,0
1.0,2,0,1,0,150.0,38.0,23.0,0.0666666666666666,93.33333333333331,1,0
8.0,0,0,0,0,216.0,78.0,8.0,0.5333333333333333,78.66666666666667,0,0
1.0,0,0,0,0,310.0,130.0,23.0,0.0666666666666666,97.33333333333331,0,0
13.0,1,0,2,0,30.0,84.0,21.0,0.8666666666666667,57.33333333333333,1,1
4.0,1,1,0,0,90.0,69.0,18.0,0.2666666666666666,87.33333333333333,1,0
8.0,2,1,1,0,30.0,63.0,19.0,0.5333333333333333,72.66666666666667,1,1
3.0,0,0,0,0,193.0,64.0,20.0,0.2,92.0,0,0
2.0,0,0,0,0,337.0,96.0,18.0,0.1333333333333333,94.66666666666669,0,0
3.0,1,0,0,0,346.0,64.0,5.0,0.2,92.0,0,0
2.0,0,0,0,0,349.0,118.0,21.0,0.1333333333333333,94.66666666666669,0,0
4.0,1,0,0,0,207.0,61.0,25.0,0.2666666666666666,89.33333333333333,0,0
3.0,1,1,1,0,0.0,107.0,7.0,0.2,86.0,1,0
0.0,2,1,0,0,120.0,75.0,7.0,0.0,98.0,1,0
1.0,0,0,0,0,308.0,99.0,10.0,0.0666666666666666,97.33333333333331,0,0
2.0,2,2,0,0,0.0,78.0,12.0,0.1333333333333333,90.66666666666669,1,0
7.0,1,1,0,1,120.0,79.0,9.0,0.4666666666666667,73.33333333333333,1,1
1.0,0,0,0,0,328.0,96.0,1.0,0.0666666666666666,97.33333333333331,0,0
3.0,0,0,0,0,216.0,106.0,4.0,0.2,92.0,0,0
0.0,0,1,0,0,90.0,97.0,9.0,0.0,98.0,1,0
3.0,1,1,0,0,90.0,40.0,24.0,0.2,90.0,1,0
13.0,3,0,0,2,60.0,108.0,17.0,0.8666666666666667,53.33333333333333,1,0
3.0,0,0,1,0,30.0,64.0,2.0,0.2,88.0,1,1
10.0,2,1,2,0,30.0,91.0,16.0,0.6666666666666666,63.33333333333334,1,1
12.0,2,0,0,2,0.0,36.0,1.0,0.8,56.0,1,1
11.0,4,0,2,2,0.0,13.0,19.0,0.7333333333333333,50.66666666666667,1,1
3.0,1,0,0,0,190.0,87.0,24.0,0.2,92.0,0,0
0.0,0,0,0,0,264.0,86.0,6.0,0.0,100.0,0,0
2.0,1,1,0,0,90.0,121.0,15.0,0.1333333333333333,92.66666666666669,1,0
1.0,0,0,0,0,209.0,83.0,11.0,0.0666666666666666,97.33333333333331,0,1
12.0,4,1,1,1,30.0,52.0,16.0,0.8,56.0,1,1
4.0,1,0,0,0,247.0,58.0,1.0,0.2666666666666666,89.33333333333333,0,0
10.0,3,0,1,2,0.0,101.0,1.0,0.6666666666666666,57.33333333333334,1,1
3.0,0,0,0,0,269.0,70.0,21.0,0.2,92.0,0,0
11.0,4,1,2,0,0.0,19.0,1.0,0.7333333333333333,60.66666666666667,1,1
3.0,0,0,1,0,30.0,110.0,5.0,0.2,88.0,1,0
7.0,1,1,0,1,30.0,71.0,4.0,0.4666666666666667,73.33333333333333,1,1
10.0,2,0,0,3,0.0,48.0,8.0,0.6666666666666666,55.33333333333334,1,1
3.0,1,1,1,0,30.0,81.0,10.0,0.2,86.0,1,0
5.0,0,0,0,0,291.0,117.0,11.0,0.3333333333333333,86.66666666666667,0,0
8.0,0,1,0,0,120.0,80.0,2.0,0.5333333333333333,76.66666666666667,1,0
0.0,1,0,0,0,226.0,108.0,25.0,0.0,100.0,0,0
3.0,0,0,0,0,281.0,62.0,1.0,0.2,92.0,0,0
3.0,2,2,0,0,0.0,83.0,2.0,0.2,88.0,1,0
10.0,3,1,1,0,0.0,54.0,18.0,0.6666666666666666,67.33333333333334,1,1
5.0,1,0,0,0,328.0,119.0,7.0,0.3333333333333333,86.66666666666667,0,0
4.0,0,0,0,0,314.0,124.0,2.0,0.2666666666666666,89.33333333333333,0,0
8.0,0,0,0,0,212.0,111.0,4.0,0.5333333333333333,78.66666666666667,0,0
3.0,0,0,0,0,226.0,89.0,6.0,0.2,92.0,0,0
1.0,1,0,0,0,298.0,64.0,15.0,0.0666666666666666,97.33333333333331,0,0
0.0,0,1,0,0,150.0,103.0,25.0,0.0,98.0,1,0
1.0,0,0,0,0,357.0,74.0,24.0,0.0666666666666666,97.33333333333331,0,0
6.0,0,0,0,0,339.0,124.0,21.0,0.4,84.0,0,0
3.0,1,0,0,0,345.0,117.0,11.0,0.2,92.0,0,0
6.0,3,1,2,0,30.0,32.0,23.0,0.4,74.0,1,1
3.0,1,0,0,0,187.0,120.0,8.0,0.2,92.0,0,0
5.0,2,1,0,0,90.0,44.0,8.0,0.3333333333333333,84.66666666666667,1,0
8.0,1,1,0,0,150.0,97.0,21.0,0.5333333333333333,76.66666666666667,1,1
3.0,1,0,0,0,181.0,88.0,17.0,0.2,92.0,0,0
2.0,1,1,0,0,30.0,77.0,17.0,0.1333333333333333,92.66666666666669,1,0
10.0,3,0,1,1,0.0,32.0,19.0,0.6666666666666666,63.33333333333334,1,1
12.0,4,0,2,1,60.0,83.0,19.0,0.8,54.0,1,1
3.0,2,1,0,0,150.0,99.0,23.0,0.2,90.0,1,0
2.0,1,0,0,0,311.0,64.0,6.0,0.1333333333333333,94.66666666666669,0,0
6.0,1,0,1,0,60.0,89.0,15.0,0.4,80.0,1,0
0.0,0,0,0,0,271.0,119.0,8.0,0.0,100.0,0,0
4.0,1,0,0,0,314.0,53.0,22.0,0.2666666666666666,89.33333333333333,0,0
2.0,1,0,0,0,340.0,135.0,1.0,0.1333333333333333,94.66666666666669,0,0
4.0,3,1,2,0,0.0,86.0,16.0,0.2666666666666666,79.33333333333333,1,1
10.0,2,0,1,0,60.0,81.0,11.0,0.6666666666666666,69.33333333333334,1,1
1.0,1,0,0,0,349.0,61.0,19.0,0.0666666666666666,97.33333333333331,0,0
1.0,0,0,0,0,275.0,90.0,23.0,0.0666666666666666,97.33333333333331,0,0
3.0,1,0,1,0,120.0,74.0,4.0,0.2,88.0,1,0
8.0,1,0,1,0,90.0,118.0,13.0,0.5333333333333333,74.66666666666667,1,0
3.0,0,0,0,0,286.0,108.0,7.0,0.2,92.0,0,0
4.0,0,1,0,0,0.0,71.0,6.0,0.2666666666666666,87.33333333333333,1,0
7.0,0,1,0,0,150.0,62.0,19.0,0.4666666666666667,79.33333333333333,1,0
12.0,2,0,1,2,90.0,54.0,10.0,0.8,52.0,1,1
11.0,1,1,0,0,150.0,49.0,19.0,0.7333333333333333,68.66666666666667,1,0
5.0,0,0,0,0,334.0,71.0,17.0,0.3333333333333333,86.66666666666667,0,0
2.0,1,1,0,0,145.0,300.0,3.0,0.17,86.33,0,0
8.0,2,0,1,0,120.0,98.0,25.0,0.5333333333333333,74.66666666666667,1,0
11.0,3,0,1,2,0.0,65.0,14.0,0.7333333333333333,54.66666666666667,1,1
7.0,0,0,0,0,247.0,72.0,6.0,0.4666666666666667,81.33333333333333,0,0
2.0,0,0,0,0,272.0,101.0,5.0,0.1333333333333333,94.66666666666669,0,1
11.0,1,1,0,1,0.0,107.0,16.0,0.7333333333333333,62.66666666666667,1,1
7.0,2,0,0,1,150.0,76.0,21.0,0.4666666666666667,75.33333333333333,1,1
6.0,3,1,2,0,0.0,58.0,13.0,0.4,74.0,1,1
4.0,0,0,0,0,227.0,97.0,1.0,0.2666666666666666,89.33333333333333,0,0
11.0,2,1,1,1,30.0,86.0,10.0,0.7333333333333333,58.66666666666667,1,1
8.0,0,1,0,0,150.0,56.0,20.0,0.5333333333333333,76.66666666666667,1,0
5.0,0,0,0,0,202.0,77.0,12.0,0.3333333333333333,86.66666666666667,0,0
1.0,0,1,0,0,0.0,67.0,18.0,0.0666666666666666,95.33333333333331,1,0
3.0,0,0,0,0,282.0,73.0,22.0,0.2,92.0,0,0
3.0,1,1,0,0,30.0,76.0,1.0,0.2,90.0,1,0
7.0,1,0,1,0,120.0,63.0,3.0,0.4666666666666667,77.33333333333333,1,0
0.0,2,0,1,0,120.0,74.0,20.0,0.0,96.0,1,0
2.0,0,0,1,0,90.0,85.0,3.0,0.1333333333333333,90.66666666666669,1,0
11.0,1,2,0,0,30.0,108.0,4.0,0.7333333333333333,66.66666666666667,1,1
5.0,1,0,0,1,90.0,43.0,7.0,0.3333333333333333,80.66666666666667,1,1
0.0,1,0,0,0,194.0,50.0,23.0,0.0,100.0,0,0
6.0,1,0,0,0,351.0,59.0,8.0,0.4,84.0,0,0
12.0,2,0,2,1,30.0,57.0,10.0,0.8,54.0,1,1
8.0,2,2,0,0,30.0,102.0,19.0,0.5333333333333333,74.66666666666667,1,0
3.0,1,0,0,0,319.0,128.0,5.0,0.2,92.0,0,0
11.0,2,0,1,1,60.0,68.0,6.0,0.7333333333333333,60.66666666666667,1,1
7.0,3,2,2,0,30.0,29.0,21.0,0.4666666666666667,69.33333333333333,1,1
10.0,2,1,0,1,30.0,62.0,21.0,0.6666666666666666,65.33333333333334,1,1
2.0,0,0,0,0,358.0,66.0,20.0,0.1333333333333333,94.66666666666669,0,0
11.0,4,1,2,1,30.0,14.0,1.0,0.7333333333333333,54.66666666666667,1,1
1.0,0,0,0,0,251.0,119.0,24.0,0.0666666666666666,97.33333333333331,0,0
2.0,0,0,0,0,309.0,108.0,23.0,0.1333333333333333,94.66666666666669,0,0
4.0,1,0,0,0,259.0,135.0,25.0,0.2666666666666666,89.33333333333333,0,0
11.0,3,1,1,1,30.0,19.0,18.0,0.7333333333333333,58.66666666666667,1,1
2.0,1,1,0,0,30.0,73.0,2.0,0.1333333333333333,92.66666666666669,1,0
8.0,1,1,0,0,30.0,94.0,20.0,0.5333333333333333,76.66666666666667,1,0
10.0,3,0,1,2,0.0,45.0,15.0,0.6666666666666666,57.33333333333334,1,1
3.0,0,0,0,0,196.0,92.0,22.0,0.2,92.0,0,0
13.0,3,0,2,0,0.0,51.0,14.0,0.8666666666666667,57.33333333333333,1,1
7.0,1,1,0,0,60.0,71.0,12.0,0.4666666666666667,79.33333333333333,1,0
0.0,1,2,0,0,30.0,36.0,20.0,0.0,96.0,1,0
9.0,1,0,2,0,0.0,75.0,2.0,0.6,68.0,1,1
7.0,1,1,0,0,60.0,110.0,12.0,0.4666666666666667,79.33333333333333,1,0
5.0,0,0,1,0,120.0,107.0,2.0,0.3333333333333333,82.66666666666667,1,0
7.0,1,1,0,0,90.0,83.0,11.0,0.4666666666666667,79.33333333333333,1,0
10.0,3,1,0,1,30.0,75.0,4.0,0.6666666666666666,65.33333333333334,1,1
3.0,1,1,0,0,30.0,123.0,12.0,0.2,90.0,1,0
3.0,0,0,0,0,220.0,117.0,16.0,0.2,92.0,0,0
8.0,1,0,1,0,90.0,53.0,7.0,0.5333333333333333,74.66666666666667,1,0
2.0,1,1,0,0,30.0,74.0,4.0,0.1333333333333333,92.66666666666669,1,0
6.0,4,0,2,1,0.0,102.0,11.0,0.4,70.0,1,1
6.0,2,0,0,1,150.0,91.0,9.0,0.4,78.0,1,0
4.0,1,0,0,0,209.0,123.0,22.0,0.2666666666666666,89.33333333333333,0,0
3.0,0,0,0,0,287.0,137.0,11.0,0.2,92.0,0,0
4.0,0,0,0,0,223.0,53.0,20.0,0.2666666666666666,89.33333333333333,0,0
3.0,0,0,0,0,298.0,78.0,13.0,0.2,92.0,0,0
8.0,3,1,1,0,0.0,77.0,11.0,0.5333333333333333,72.66666666666667,1,1
14.0,3,1,1,1,30.0,31.0,20.0,0.9333333333333332,50.66666666666666,1,1
12.0,6,1,2,3,0.0,10.0,10.0,0.8,40.0,1,1
2.0,1,1,0,0,90.0,46.0,13.0,0.1333333333333333,92.66666666666669,1,0
5.0,3,2,0,0,30.0,47.0,16.0,0.3333333333333333,82.66666666666667,1,0
2.0,1,0,1,0,120.0,48.0,19.0,0.1333333333333333,90.66666666666669,1,0
3.0,1,0,0,0,353.0,60.0,22.0,0.2,92.0,0,0
2.0,0,0,0,0,342.0,75.0,8.0,0.1333333333333333,94.66666666666669,0,0
1.0,1,0,0,0,260.0,125.0,16.0,0.0666666666666666,97.33333333333331,0,0
0.0,0,0,0,0,297.0,122.0,25.0,0.0,100.0,0,0
7.0,2,0,2,0,0.0,111.0,6.0,0.4666666666666667,73.33333333333333,1,1
2.0,0,0,0,0,250.0,88.0,20.0,0.1333333333333333,94.66666666666669,0,0
11.0,4,3,0,1,0.0,102.0,1.0,0.7333333333333333,58.66666666666667,1,1
12.0,2,0,1,1,0.0,60.0,10.0,0.8,58.0,1,1
8.0,3,2,0,0,60.0,22.0,19.0,0.5333333333333333,74.66666666666667,1,0
6.0,4,1,1,2,0.0,59.0,13.0,0.4,66.0,1,1
12.0,2,0,0,2,120.0,110.0,7.0,0.8,56.0,1,1
7.0,3,1,0,1,90.0,108.0,13.0,0.4666666666666667,73.33333333333333,1,1
10.0,3,1,0,1,0.0,117.0,16.0,0.6666666666666666,65.33333333333334,1,1
5.0,0,0,0,0,209.0,92.0,8.0,0.3333333333333333,86.66666666666667,0,0
2.0,1,0,0,0,230.0,118.0,2.0,0.1333333333333333,94.66666666666669,0,0
8.0,3,1,1,0,30.0,81.0,5.0,0.5333333333333333,72.66666666666667,1,1
9.0,2,2,0,0,0.0,103.0,16.0,0.6,72.0,1,1
4.0,2,1,1,0,90.0,81.0,10.0,0.2666666666666666,83.33333333333333,1,0
4.0,1,0,0,0,302.0,112.0,25.0,0.2666666666666666,89.33333333333333,0,0
10.0,4,0,1,2,0.0,28.0,6.0,0.6666666666666666,57.33333333333334,1,1
1.0,0,0,0,0,282.0,129.0,10.0,0.0666666666666666,97.33333333333331,0,1
4.0,1,1,0,0,90.0,68.0,4.0,0.2666666666666666,87.33333333333333,1,0
3.0,1,0,0,0,349.0,60.0,1.0,0.2,92.0,0,0
3.0,1,0,0,0,284.0,119.0,15.0,0.2,92.0,0,0
4.0,1,0,0,0,288.0,107.0,13.0,0.2666666666666666,89.33333333333333,0,0
4.0,1,0,0,0,200.0,47.0,10.0,0.2666666666666666,89.33333333333333,0,0
8.0,1,1,0,0,30.0,107.0,22.0,0.5333333333333333,76.66666666666667,1,0
2.0,1,0,0,1,60.0,60.0,21.0,0.1333333333333333,88.66666666666667,1,0
10.0,1,1,0,1,0.0,72.0,1.0,0.6666666666666666,65.33333333333334,1,1
1.0,0,0,1,0,60.0,61.0,2.0,0.0666666666666666,93.33333333333331,1,0
6.0,0,1,0,0,150.0,44.0,25.0,0.4,82.0,1,0
3.0,0,0,0,0,327.0,96.0,8.0,0.2,92.0,0,0
13.0,2,2,1,0,0.0,94.0,8.0,0.8666666666666667,57.33333333333333,1,1
12.0,3,2,1,0,30.0,87.0,6.0,0.8,60.0,1,1
11.0,3,0,3,0,60.0,36.0,14.0,0.7333333333333333,58.66666666666667,1,1
9.0,0,0,0,0,328.0,137.0,22.0,0.6,76.0,0,0
3.0,1,1,0,0,120.0,59.0,2.0,0.2,90.0,1,0
7.0,1,1,0,0,30.0,79.0,1.0,0.4666666666666667,79.33333333333333,1,0
1.0,0,0,0,0,306.0,51.0,3.0,0.0666666666666666,97.33333333333331,0,0
4.0,0,0,0,0,266.0,98.0,20.0,0.2666666666666666,89.33333333333333,0,0
2.0,0,0,1,0,150.0,80.0,20.0,0.1333333333333333,90.66666666666669,1,0
5.0,2,1,0,0,60.0,46.0,16.0,0.3333333333333333,84.66666666666667,1,0
10.0,2,0,1,1,0.0,104.0,8.0,0.6666666666666666,63.33333333333334,1,1
9.0,6,2,3,1,0.0,41.0,11.0,0.6,54.0,1,1
1.0,0,0,0,0,217.0,123.0,15.0,0.0666666666666666,97.33333333333331,0,0
4.0,0,0,0,0,208.0,78.0,4.0,0.2666666666666666,89.33333333333333,0,0
13.0,1,1,1,0,60.0,68.0,6.0,0.8666666666666667,59.33333333333333,1,1
6.0,2,1,1,0,120.0,23.0,19.0,0.4,78.0,1,0
3.0,0,0,0,0,246.0,71.0,8.0,0.2,92.0,0,0
14.0,4,0,3,1,0.0,77.0,6.0,0.9333333333333332,44.66666666666666,1,1
3.0,2,1,1,0,60.0,85.0,9.0,0.2,86.0,1,0
6.0,1,0,1,0,120.0,80.0,14.0,0.4,80.0,1,0
4.0,2,0,0,1,30.0,124.0,8.0,0.2666666666666666,83.33333333333333,1,0
2.0,0,0,0,0,269.0,120.0,11.0,0.1333333333333333,94.66666666666669,0,0
4.0,1,0,0,0,228.0,102.0,22.0,0.2666666666666666,89.33333333333333,0,0
3.0,0,0,0,0,190.0,76.0,11.0,0.2,92.0,0,0
6.0,1,1,0,0,0.0,114.0,9.0,0.4,82.0,1,0
6.0,0,0,0,0,249.0,84.0,23.0,0.4,84.0,0,0
4.0,0,0,0,0,314.0,102.0,9.0,0.2666666666666666,89.33333333333333,0,0
10.0,4,2,1,0,30.0,67.0,12.0,0.6666666666666666,65.33333333333334,1,1
8.0,1,0,1,0,30.0,114.0,23.0,0.5333333333333333,74.66666666666667,1,0
11.0,3,1,1,0,30.0,64.0,16.0,0.7333333333333333,64.66666666666667,1,1
4.0,0,0,0,0,302.0,115.0,19.0,0.2666666666666666,89.33333333333333,0,0
3.0,0,0,0,0,291.0,67.0,4.0,0.2,92.0,0,0
3.0,1,1,0,0,90.0,114.0,4.0,0.2,90.0,1,0
7.0,0,0,0,0,344.0,65.0,17.0,0.4666666666666667,81.33333333333333,0,0
6.0,3,2,1,0,0.0,38.0,24.0,0.4,76.0,1,1
5.0,2,2,0,0,30.0,76.0,17.0,0.3333333333333333,82.66666666666667,1,0
2.0,0,0,0,0,262.0,82.0,11.0,0.1333333333333333,94.66666666666669,0,0
1.0,0,0,0,0,350.0,72.0,6.0,0.0666666666666666,97.33333333333331,0,0
6.0,0,0,0,0,252.0,119.0,19.0,0.4,84.0,0,0
7.0,1,1,1,0,30.0,109.0,19.0,0.4666666666666667,75.33333333333333,1,1
6.0,1,0,0,0,225.0,131.0,22.0,0.4,84.0,0,0
14.0,3,0,0,2,0.0,125.0,7.0,0.9333333333333332,50.66666666666666,1,1
6.0,1,1,0,0,150.0,45.0,21.0,0.4,82.0,1,0
2.0,0,0,0,0,268.0,98.0,11.0,0.1333333333333333,94.66666666666669,0,0
7.0,1,2,0,0,120.0,46.0,13.0,0.4666666666666667,77.33333333333333,1,0
11.0,3,1,1,1,60.0,72.0,22.0,0.7333333333333333,58.66666666666667,1,1
5.0,2,2,0,0,30.0,56.0,13.0,0.3333333333333333,82.66666666666667,1,0
4.0,0,0,0,0,254.0,70.0,19.0,0.2666666666666666,89.33333333333333,0,0
13.0,5,0,2,2,0.0,10.0,11.0,0.8666666666666667,45.33333333333333,1,1
0.0,0,0,0,0,193.0,74.0,22.0,0.0,100.0,0,0
3.0,0,0,0,0,182.0,78.0,20.0,0.2,92.0,0,0
0.0,1,0,0,0,205.0,48.0,10.0,0.0,100.0,0,0
0.0,0,0,0,0,328.0,134.0,9.0,0.0,100.0,0,0
2.0,1,1,0,0,120.0,33.0,15.0,0.1333333333333333,92.66666666666669,1,0
4.0,0,0,0,0,223.0,111.0,24.0,0.2666666666666666,89.33333333333333,0,0
3.0,1,1,0,0,90.0,33.0,19.0,0.2,90.0,1,0
2.0,1,1,0,0,60.0,94.0,6.0,0.1333333333333333,92.66666666666669,1,0
6.0,1,0,0,0,263.0,109.0,12.0,0.4,84.0,0,0
13.0,2,0,2,1,30.0,46.0,9.0,0.8666666666666667,51.33333333333333,1,1
0.0,0,0,0,0,300.0,123.0,12.0,0.0,100.0,0,0
7.0,1,0,0,0,321.0,71.0,16.0,0.4666666666666667,81.33333333333333,0,0
0.0,0,0,0,0,213.0,69.0,14.0,0.0,100.0,0,0
2.0,0,0,0,0,229.0,88.0,23.0,0.1333333333333333,94.66666666666669,0,0
7.0,0,0,1,0,0.0,110.0,18.0,0.4666666666666667,77.33333333333333,1,0
6.0,1,0,0,0,347.0,53.0,23.0,0.4,84.0,0,0
3.0,0,0,0,0,314.0,134.0,23.0,0.2,92.0,0,0
3.0,2,1,1,0,0.0,54.0,24.0,0.2,86.0,1,0
5.0,0,0,0,0,333.0,54.0,16.0,0.3333333333333333,86.66666666666667,0,0
0.0,0,0,0,0,262.0,105.0,11.0,0.0,100.0,0,0
8.0,1,0,0,0,220.0,75.0,10.0,0.5333333333333333,78.66666666666667,0,0
0.0,1,0,0,0,319.0,58.0,19.0,0.0,100.0,0,0
7.0,0,0,0,0,264.0,58.0,25.0,0.4666666666666667,81.33333333333333,0,0
4.0,1,0,0,0,344.0,140.0,12.0,0.2666666666666666,89.33333333333333,0,0
8.0,1,0,0,0,199.0,125.0,8.0,0.5333333333333333,78.66666666666667,0,0
11.0,4,1,1,1,0.0,56.0,13.0,0.7333333333333333,58.66666666666667,1,1
5.0,2,1,1,0,30.0,107.0,13.0,0.3333333333333333,80.66666666666667,1,0
4.0,1,0,0,0,281.0,90.0,6.0,0.2666666666666666,89.33333333333333,0,0
9.0,2,1,1,0,0.0,103.0,15.0,0.6,70.0,1,1
9.0,3,2,0,0,0.0,63.0,2.0,0.6,72.0,1,0
10.0,3,1,1,2,0.0,18.0,6.0,0.6666666666666666,55.33333333333334,1,1
8.0,2,1,1,0,30.0,103.0,9.0,0.5333333333333333,72.66666666666667,1,1
8.0,5,3,0,1,30.0,27.0,3.0,0.5333333333333333,66.66666666666667,1,1
0.0,0,0,0,0,257.0,119.0,21.0,0.0,100.0,0,0
0.0,0,0,0,0,207.0,76.0,15.0,0.0,100.0,0,0
7.0,2,0,2,0,90.0,57.0,9.0,0.4666666666666667,73.33333333333333,1,1
3.0,1,0,0,0,283.0,94.0,4.0,0.2,92.0,0,0
9.0,3,2,1,0,0.0,67.0,19.0,0.6,68.0,1,1
3.0,0,1,0,0,30.0,82.0,8.0,0.2,90.0,1,0
12.0,4,0,2,2,60.0,55.0,17.0,0.8,48.0,1,1
12.0,3,0,2,0,60.0,42.0,4.0,0.8,60.0,1,1
1.0,1,0,0,0,332.0,103.0,11.0,0.0666666666666666,97.33333333333331,0,0
4.0,0,0,0,0,216.0,81.0,21.0,0.2666666666666666,89.33333333333333,0,0
1.0,0,0,0,0,322.0,51.0,16.0,0.0666666666666666,97.33333333333331,0,0
7.0,2,2,0,0,0.0,92.0,23.0,0.4666666666666667,77.33333333333333,1,0
3.0,0,0,0,0,247.0,79.0,10.0,0.2,92.0,0,0
1.0,0,0,0,0,340.0,87.0,23.0,0.0666666666666666,97.33333333333331,0,0
0.0,1,1,0,0,60.0,69.0,16.0,0.0,98.0,1,0
9.0,3,1,0,1,60.0,98.0,19.0,0.6,68.0,1,1
6.0,1,2,0,0,0.0,49.0,17.0,0.4,80.0,1,0
7.0,0,0,0,0,306.0,137.0,13.0,0.4666666666666667,81.33333333333333,0,0
10.0,1,0,0,1,150.0,58.0,14.0,0.6666666666666666,67.33333333333334,1,1
5.0,2,0,1,0,120.0,34.0,13.0,0.3333333333333333,82.66666666666667,1,0
0.0,0,0,0,0,213.0,100.0,13.0,0.0,100.0,0,0
6.0,0,0,0,0,236.0,111.0,6.0,0.4,84.0,0,0
3.0,0,0,0,0,203.0,53.0,10.0,0.2,92.0,0,0
3.0,0,0,0,0,316.0,97.0,4.0,0.2,92.0,0,0
6.0,1,2,0,0,0.0,87.0,16.0,0.4,80.0,1,0
2.0,3,1,1,0,30.0,101.0,20.0,0.1333333333333333,88.66666666666667,1,0
4.0,0,0,0,0,244.0,81.0,24.0,0.2666666666666666,89.33333333333333,0,0
1.0,0,0,0,0,349.0,57.0,25.0,0.0666666666666666,97.33333333333331,0,0
7.0,0,0,1,0,60.0,93.0,21.0,0.4666666666666667,77.33333333333333,1,0
0.0,0,0,0,0,224.0,52.0,17.0,0.0,100.0,0,0
3.0,2,1,0,0,90.0,102.0,9.0,0.2,90.0,1,0
7.0,0,1,0,0,120.0,94.0,12.0,0.4666666666666667,79.33333333333333,1,0
0.0,0,0,0,0,297.0,61.0,5.0,0.0,100.0,0,0
6.0,2,1,0,1,30.0,31.0,4.0,0.4,76.0,1,1
3.0,0,0,0,0,328.0,137.0,25.0,0.2,92.0,0,0
7.0,1,1,1,0,60.0,50.0,11.0,0.4666666666666667,75.33333333333333,1,0
0.0,0,0,0,0,242.0,129.0,2.0,0.0,100.0,0,0
2.0,1,1,0,0,120.0,87.0,5.0,0.1333333333333333,92.66666666666669,1,0
8.0,3,1,1,0,120.0,80.0,2.0,0.5333333333333333,72.66666666666667,1,0
13.0,3,1,0,2,0.0,21.0,6.0,0.8666666666666667,51.33333333333333,1,1
1.0,1,1,0,0,90.0,51.0,17.0,0.0666666666666666,95.33333333333331,1,0
4.0,0,0,0,0,234.0,124.0,20.0,0.2666666666666666,89.33333333333333,0,0
4.0,0,0,0,0,279.0,82.0,9.0,0.2666666666666666,89.33333333333333,0,0
4.0,0,1,0,0,30.0,55.0,22.0,0.2666666666666666,87.33333333333333,1,0
12.0,2,0,2,0,120.0,20.0,18.0,0.8,60.0,1,1
0.0,0,0,0,0,340.0,125.0,20.0,0.0,100.0,0,0
0.0,0,1,0,0,120.0,101.0,4.0,0.0,98.0,1,0
12.0,4,1,1,2,0.0,96.0,12.0,0.8,50.0,1,1
2.0,2,1,0,1,0.0,31.0,15.0,0.1333333333333333,86.66666666666667,1,1
14.0,2,1,0,1,60.0,89.0,20.0,0.9333333333333332,54.66666666666666,1,1
2.0,0,0,0,0,332.0,111.0,1.0,0.1333333333333333,94.66666666666669,0,0
3.0,0,0,0,0,287.0,80.0,15.0,0.2,92.0,0,0
2.0,0,0,0,0,208.0,126.0,7.0,0.1333333333333333,94.66666666666669,0,0
0.0,0,0,0,0,213.0,73.0,15.0,0.0,100.0,0,0
5.0,3,1,0,1,0.0,87.0,19.0,0.3333333333333333,78.66666666666667,1,1
5.0,1,1,0,0,60.0,112.0,17.0,0.3333333333333333,84.66666666666667,1,0
3.0,1,0,0,0,282.0,114.0,5.0,0.2,92.0,0,0
7.0,2,1,1,0,30.0,56.0,10.0,0.4666666666666667,75.33333333333333,1,1
2.0,0,0,0,0,271.0,76.0,3.0,0.1333333333333333,94.66666666666669,0,0
3.0,0,0,0,0,276.0,89.0,21.0,0.2,92.0,0,0
1.0,1,0,0,0,249.0,63.0,21.0,0.0666666666666666,97.33333333333331,0,0
2.0,0,0,0,0,333.0,85.0,1.0,0.1333333333333333,94.66666666666669,0,0
4.0,0,0,0,0,255.0,127.0,17.0,0.2666666666666666,89.33333333333333,0,0
11.0,3,2,1,0,0.0,73.0,22.0,0.7333333333333333,62.66666666666667,1,1
12.0,4,0,3,1,0.0,38.0,20.0,0.8,50.0,1,1
14.0,4,0,2,2,0.0,73.0,6.0,0.9333333333333332,42.66666666666666,1,1
12.0,2,0,2,0,0.0,84.0,25.0,0.8,60.0,1,1
4.0,0,0,0,0,237.0,41.0,8.0,0.2666666666666666,89.33333333333333,0,0
9.0,3,0,3,0,30.0,75.0,25.0,0.6,64.0,1,1
1.0,0,0,0,0,281.0,133.0,10.0,0.0666666666666666,97.33333333333331,0,0
6.0,3,0,2,0,30.0,115.0,11.0,0.4,76.0,1,1
3.0,1,0,0,0,225.0,76.0,1.0,0.2,92.0,0,0
2.0,0,0,0,0,290.0,70.0,7.0,0.1333333333333333,94.66666666666669,0,0
2.0,1,1,1,0,30.0,66.0,16.0,0.1333333333333333,88.66666666666667,1,0
4.0,1,1,0,0,30.0,108.0,2.0,0.2666666666666666,87.33333333333333,1,0
0.0,0,0,0,0,201.0,102.0,1.0,0.0,100.0,0,0
4.0,2,1,0,0,120.0,63.0,18.0,0.2666666666666666,87.33333333333333,1,0
11.0,2,0,1,0,0.0,104.0,10.0,0.7333333333333333,66.66666666666667,1,1
6.0,0,0,0,0,307.0,107.0,6.0,0.4,84.0,0,0
2.0,0,1,0,0,90.0,51.0,4.0,0.1333333333333333,92.66666666666669,1,0
7.0,3,2,0,0,60.0,54.0,1.0,0.4666666666666667,77.33333333333333,1,1
2.0,1,1,0,0,150.0,55.0,2.0,0.1333333333333333,92.66666666666669,1,0
3.0,1,0,0,0,275.0,121.0,10.0,0.2,92.0,0,0
8.0,1,1,1,0,30.0,23.0,6.0,0.5333333333333333,72.66666666666667,1,0
8.0,0,1,0,0,60.0,53.0,22.0,0.5333333333333333,76.66666666666667,1,0
4.0,0,0,0,0,242.0,67.0,17.0,0.2666666666666666,89.33333333333333,0,0
11.0,2,0,2,1,0.0,22.0,8.0,0.7333333333333333,56.66666666666667,1,1
4.0,0,0,0,0,305.0,106.0,24.0,0.2666666666666666,89.33333333333333,0,0
8.0,1,0,0,0,292.0,110.0,21.0,0.5333333333333333,78.66666666666667,0,0
3.0,1,1,0,0,0.0,108.0,18.0,0.2,90.0,1,0
3.0,0,0,0,0,284.0,125.0,15.0,0.2,92.0,0,0
11.0,0,0,0,1,0.0,109.0,2.0,0.7333333333333333,64.66666666666667,1,1
7.0,2,1,0,0,60.0,40.0,9.0,0.4666666666666667,79.33333333333333,1,0
4.0,1,0,0,0,339.0,130.0,3.0,0.2666666666666666,89.33333333333333,0,0
2.0,0,0,0,0,206.0,59.0,4.0,0.1333333333333333,94.66666666666669,0,0
3.0,2,0,1,0,30.0,75.0,12.0,0.2,88.0,1,0
3.0,1,1,0,0,30.0,116.0,18.0,0.2,90.0,1,0
10.0,1,0,0,1,60.0,81.0,13.0,0.6666666666666666,67.33333333333334,1,1
3.0,0,0,0,0,300.0,101.0,13.0,0.2,92.0,0,0
9.0,1,0,0,0,332.0,127.0,22.0,0.6,76.0,0,0
2.0,0,0,0,0,279.0,60.0,1.0,0.1333333333333333,94.66666666666669,0,0
6.0,0,0,0,0,327.0,112.0,10.0,0.4,84.0,0,0
5.0,1,2,0,0,90.0,81.0,20.0,0.3333333333333333,82.66666666666667,1,0
3.0,0,0,0,0,282.0,62.0,4.0,0.2,92.0,0,0
11.0,2,0,2,0,30.0,82.0,3.0,0.7333333333333333,62.66666666666667,1,1
8.0,2,1,0,1,90.0,29.0,5.0,0.5333333333333333,70.66666666666667,1,1
0.0,0,0,0,0,199.0,84.0,24.0,0.0,100.0,0,0
12.0,2,1,0,2,0.0,75.0,16.0,0.8,54.0,1,1
1.0,0,1,0,0,30.0,68.0,16.0,0.0666666666666666,95.33333333333331,1,0
10.0,5,0,2,2,0.0,70.0,25.0,0.6666666666666666,53.33333333333334,1,1
10.0,3,2,1,0,0.0,39.0,23.0,0.6666666666666666,65.33333333333334,1,1
10.0,2,1,2,0,0.0,72.0,5.0,0.6666666666666666,63.33333333333334,1,1
1.0,0,0,0,0,220.0,65.0,11.0,0.0666666666666666,97.33333333333331,0,0
2.0,1,0,0,0,251.0,58.0,12.0,0.1333333333333333,94.66666666666669,0,1
2.0,1,0,0,0,249.0,61.0,23.0,0.1333333333333333,94.66666666666669,0,0
6.0,0,0,0,0,217.0,53.0,24.0,0.4,84.0,0,0
3.0,0,0,0,0,262.0,113.0,14.0,0.2,92.0,0,0
10.0,1,0,1,1,0.0,98.0,7.0,0.6666666666666666,63.33333333333334,1,1
11.0,2,1,0,1,30.0,73.0,7.0,0.7333333333333333,62.66666666666667,1,1
4.0,0,0,1,0,90.0,59.0,8.0,0.2666666666666666,85.33333333333333,1,0
2.0,3,2,1,0,0.0,17.0,9.0,0.1333333333333333,86.66666666666667,1,0
0.0,0,0,0,0,255.0,80.0,25.0,0.0,100.0,0,0
8.0,2,1,0,0,60.0,56.0,17.0,0.5333333333333333,76.66666666666667,1,0
12.0,5,1,2,3,0.0,76.0,25.0,0.8,40.0,1,1
3.0,0,0,0,0,332.0,110.0,7.0,0.2,92.0,0,0
11.0,1,1,0,1,120.0,61.0,16.0,0.7333333333333333,62.66666666666667,1,1
9.0,2,1,0,0,30.0,69.0,15.0,0.6,74.0,1,0
0.0,0,0,0,0,271.0,81.0,23.0,0.0,100.0,0,0
5.0,0,1,0,0,120.0,66.0,4.0,0.3333333333333333,84.66666666666667,1,0
6.0,1,1,0,0,90.0,116.0,18.0,0.4,82.0,1,0
3.0,1,0,0,0,277.0,135.0,12.0,0.2,92.0,0,0
4.0,3,0,2,0,90.0,30.0,23.0,0.2666666666666666,81.33333333333333,1,0
10.0,3,1,0,2,30.0,61.0,10.0,0.6666666666666666,59.33333333333334,1,1
10.0,3,1,1,0,60.0,45.0,2.0,0.6666666666666666,67.33333333333334,1,1
10.0,2,3,0,0,30.0,94.0,18.0,0.6666666666666666,67.33333333333334,1,1
10.0,1,0,2,0,60.0,40.0,22.0,0.6666666666666666,65.33333333333334,1,1
3.0,1,0,1,0,60.0,118.0,10.0,0.2,88.0,1,0
0.0,0,0,0,0,218.0,71.0,1.0,0.0,100.0,0,0
4.0,1,0,0,0,222.0,78.0,10.0,0.2666666666666666,89.33333333333333,0,0
6.0,2,1,0,1,30.0,30.0,7.0,0.4,76.0,1,1
2.0,0,0,0,0,332.0,111.0,10.0,0.1333333333333333,94.66666666666669,0,0
13.0,3,1,0,1,120.0,86.0,6.0,0.8666666666666667,57.33333333333333,1,1
8.0,2,2,0,0,90.0,81.0,1.0,0.5333333333333333,74.66666666666667,1,0
3.0,1,0,0,0,348.0,137.0,20.0,0.2,92.0,0,0
7.0,2,1,1,0,30.0,109.0,22.0,0.4666666666666667,75.33333333333333,1,1
12.0,1,1,0,0,150.0,84.0,4.0,0.8,66.0,1,1
14.0,4,1,1,1,30.0,102.0,7.0,0.9333333333333332,50.66666666666666,1,1
5.0,1,0,0,0,275.0,132.0,20.0,0.3333333333333333,86.66666666666667,0,0
8.0,1,0,0,0,244.0,122.0,5.0,0.5333333333333333,78.66666666666667,0,0
1.0,0,0,0,0,247.0,74.0,8.0,0.0666666666666666,97.33333333333331,0,0
3.0,0,0,0,0,350.0,69.0,5.0,0.2,92.0,0,0
4.0,0,0,0,0,231.0,121.0,17.0,0.2666666666666666,89.33333333333333,0,0
3.0,0,0,0,0,246.0,117.0,20.0,0.2,92.0,0,0
6.0,2,1,1,0,30.0,74.0,13.0,0.4,78.0,1,1
7.0,2,0,2,0,0.0,49.0,18.0,0.4666666666666667,73.33333333333333,1,1
6.0,1,1,0,0,60.0,102.0,20.0,0.4,82.0,1,0
7.0,5,1,3,1,0.0,26.0,15.0,0.4666666666666667,61.33333333333333,1,1
6.0,2,1,0,0,120.0,97.0,19.0,0.4,82.0,1,0
4.0,0,0,0,0,239.0,48.0,1.0,0.2666666666666666,89.33333333333333,0,0
4.0,0,0,0,0,256.0,71.0,22.0,0.2666666666666666,89.33333333333333,0,0
4.0,1,1,0,0,60.0,49.0,10.0,0.2666666666666666,87.33333333333333,1,0
0.0,0,0,0,0,261.0,98.0,3.0,0.0,100.0,0,0
2.0,0,0,0,0,206.0,52.0,11.0,0.1333333333333333,94.66666666666669,0,0
11.0,3,0,1,1,0.0,47.0,21.0,0.7333333333333333,60.66666666666667,1,1
1.0,0,0,0,0,228.0,110.0,8.0,0.0666666666666666,97.33333333333331,0,0
5.0,1,0,0,0,199.0,65.0,20.0,0.3333333333333333,86.66666666666667,0,0
5.0,3,3,0,0,60.0,72.0,15.0,0.3333333333333333,80.66666666666667,1,0
4.0,0,0,0,0,251.0,123.0,19.0,0.2666666666666666,89.33333333333333,0,0
5.0,1,0,0,0,197.0,61.0,20.0,0.3333333333333333,86.66666666666667,0,0
4.0,2,1,0,1,30.0,30.0,3.0,0.2666666666666666,81.33333333333333,1,1
2.0,0,0,0,0,217.0,46.0,6.0,0.1333333333333333,94.66666666666669,0,0
0.0,0,0,0,0,195.0,48.0,8.0,0.0,100.0,0,0
4.0,0,0,0,0,223.0,114.0,19.0,0.2666666666666666,89.33333333333333,0,0
0.0,0,1,0,0,60.0,41.0,5.0,0.0,98.0,1,0
6.0,1,1,0,0,60.0,81.0,20.0,0.4,82.0,1,0
2.0,2,1,0,0,90.0,71.0,5.0,0.1333333333333333,92.66666666666669,1,0
1.0,0,0,0,0,201.0,62.0,17.0,0.0666666666666666,97.33333333333331,0,0
2.0,0,0,0,0,308.0,118.0,6.0,0.1333333333333333,94.66666666666669,0,0
6.0,1,1,0,0,30.0,50.0,6.0,0.4,82.0,1,0
7.0,3,0,0,2,0.0,66.0,14.0,0.4666666666666667,69.33333333333333,1,1
3.0,0,0,0,0,331.0,94.0,12.0,0.2,92.0,0,0
3.0,1,0,0,0,302.0,92.0,15.0,0.2,92.0,0,0
3.0,0,0,0,0,228.0,57.0,11.0,0.2,92.0,0,0
6.0,3,1,0,1,30.0,88.0,15.0,0.4,76.0,1,1
9.0,1,1,0,0,30.0,51.0,6.0,0.6,74.0,1,0
4.0,0,0,0,0,217.0,65.0,2.0,0.2666666666666666,89.33333333333333,0,0
3.0,1,0,0,0,188.0,49.0,25.0,0.2,92.0,0,0
1.0,0,0,0,0,193.0,65.0,25.0,0.0666666666666666,97.33333333333331,0,0
7.0,1,0,2,0,0.0,52.0,11.0,0.4666666666666667,73.33333333333333,1,1
11.0,2,0,1,0,150.0,79.0,13.0,0.7333333333333333,66.66666666666667,1,1
5.0,0,0,0,0,290.0,118.0,13.0,0.3333333333333333,86.66666666666667,0,0
4.0,0,0,0,0,206.0,111.0,8.0,0.2666666666666666,89.33333333333333,0,0
4.0,3,2,0,0,60.0,89.0,10.0,0.2666666666666666,85.33333333333333,1,0
2.0,1,0,0,0,285.0,122.0,23.0,0.1333333333333333,94.66666666666669,0,0
7.0,2,1,0,1,60.0,106.0,9.0,0.4666666666666667,73.33333333333333,1,1
7.0,2,1,0,1,0.0,41.0,8.0,0.4666666666666667,73.33333333333333,1,1
1.0,0,0,0,0,203.0,78.0,17.0,0.0666666666666666,97.33333333333331,0,0
4.0,1,0,0,0,282.0,123.0,25.0,0.2666666666666666,89.33333333333333,0,0
1.0,1,0,0,0,262.0,89.0,20.0,0.0666666666666666,97.33333333333331,0,1
3.0,0,0,0,0,250.0,126.0,22.0,0.2,92.0,0,0
7.0,2,2,0,1,30.0,86.0,8.0,0.4666666666666667,71.33333333333333,1,1
0.0,0,0,0,0,293.0,58.0,18.0,0.0,100.0,0,0
0.0,0,0,0,0,206.0,125.0,24.0,0.0,100.0,0,0
2.0,0,0,0,0,218.0,61.0,1.0,0.1333333333333333,94.66666666666669,0,0
6.0,3,2,0,0,30.0,32.0,1.0,0.4,80.0,1,0
4.0,1,1,0,0,120.0,88.0,6.0,0.2666666666666666,87.33333333333333,1,0
4.0,1,1,0,0,30.0,108.0,21.0,0.2666666666666666,87.33333333333333,1,0
11.0,0,0,0,1,60.0,115.0,3.0,0.7333333333333333,64.66666666666667,1,1
4.0,0,0,0,0,338.0,123.0,14.0,0.2666666666666666,89.33333333333333,0,0
2.0,0,0,0,0,246.0,112.0,3.0,0.1333333333333333,94.66666666666669,0,0
7.0,2,1,0,0,120.0,96.0,25.0,0.4666666666666667,79.33333333333333,1,0
4.0,0,0,0,0,258.0,71.0,7.0,0.2666666666666666,89.33333333333333,0,0
1.0,0,0,0,0,276.0,108.0,19.0,0.0666666666666666,97.33333333333331,0,0
0.0,0,0,0,0,226.0,106.0,16.0,0.0,100.0,0,0
3.0,0,0,0,0,226.0,98.0,14.0,0.2,92.0,0,0
10.0,3,0,2,1,60.0,95.0,3.0,0.6666666666666666,59.33333333333334,1,1
2.0,0,0,0,0,245.0,98.0,1.0,0.1333333333333333,94.66666666666669,0,0
1.0,0,0,0,0,281.0,76.0,7.0,0.0666666666666666,97.33333333333331,0,0
14.0,3,0,0,3,30.0,48.0,6.0,0.9333333333333332,44.66666666666666,1,1
3.0,0,1,0,0,120.0,97.0,25.0,0.2,90.0,1,0
4.0,0,0,0,0,312.0,120.0,25.0,0.2666666666666666,89.33333333333333,0,0
10.0,1,0,2,0,30.0,63.0,22.0,0.6666666666666666,65.33333333333334,1,1
1.0,1,0,0,0,328.0,121.0,7.0,0.0666666666666666,97.33333333333331,0,0
12.0,1,0,0,1,30.0,90.0,15.0,0.8,62.0,1,1
10.0,2,1,0,1,0.0,22.0,9.0,0.6666666666666666,65.33333333333334,1,1
8.0,0,0,0,0,246.0,117.0,10.0,0.5333333333333333,78.66666666666667,0,0
6.0,2,0,1,0,120.0,117.0,10.0,0.4,80.0,1,0
3.0,0,1,0,0,90.0,105.0,15.0,0.2,90.0,1,0
2.0,0,1,0,0,150.0,39.0,4.0,0.1333333333333333,92.66666666666669,1,0
2.0,0,0,0,0,350.0,125.0,14.0,0.1333333333333333,94.66666666666669,0,1
2.0,2,1,0,0,150.0,48.0,6.0,0.1333333333333333,92.66666666666669,1,0
6.0,0,0,0,0,320.0,56.0,19.0,0.4,84.0,0,0
5.0,2,1,0,0,90.0,65.0,11.0,0.3333333333333333,84.66666666666667,1,0
4.0,0,0,0,0,344.0,109.0,16.0,0.2666666666666666,89.33333333333333,0,0
1.0,0,0,0,0,322.0,103.0,17.0,0.0666666666666666,97.33333333333331,0,0
2.0,0,0,0,0,271.0,89.0,2.0,0.1333333333333333,94.66666666666669,0,0
9.0,4,1,3,0,0.0,75.0,25.0,0.6,62.0,1,1
2.0,1,0,0,0,348.0,87.0,20.0,0.1333333333333333,94.66666666666669,0,0
3.0,0,0,0,0,358.0,60.0,16.0,0.2,92.0,0,0
8.0,1,1,0,0,60.0,60.0,18.0,0.5333333333333333,76.66666666666667,1,0
6.0,1,1,0,0,150.0,58.0,14.0,0.4,82.0,1,0
6.0,3,2,1,0,0.0,19.0,6.0,0.4,76.0,1,1
0.0,1,0,1,0,120.0,44.0,13.0,0.0,96.0,1,0
0.0,0,0,0,0,229.0,74.0,20.0,0.0,100.0,0,0
3.0,0,0,0,0,284.0,112.0,19.0,0.2,92.0,0,0
7.0,0,0,0,0,222.0,133.0,19.0,0.4666666666666667,81.33333333333333,0,0
0.0,1,0,0,0,336.0,80.0,6.0,0.0,100.0,0,0
0.0,0,0,0,0,194.0,52.0,3.0,0.0,100.0,0,0
4.0,0,0,0,0,339.0,137.0,1.0,0.2666666666666666,89.33333333333333,0,0
12.0,3,0,1,1,60.0,58.0,23.0,0.8,58.0,1,1
6.0,1,0,1,1,90.0,43.0,18.0,0.4,74.0,1,1
0.0,0,0,0,0,251.0,92.0,3.0,0.0,100.0,0,0
8.0,1,1,0,0,60.0,75.0,19.0,0.5333333333333333,76.66666666666667,1,0
0.0,0,0,0,0,335.0,84.0,5.0,0.0,100.0,0,0
3.0,0,0,0,0,304.0,113.0,25.0,0.2,92.0,0,0
1.0,0,0,0,0,357.0,71.0,2.0,0.0666666666666666,97.33333333333331,0,0
4.0,0,0,0,0,227.0,44.0,25.0,0.2666666666666666,89.33333333333333,0,0
9.0,2,1,2,0,0.0,18.0,20.0,0.6,66.0,1,1
7.0,2,0,1,1,60.0,47.0,12.0,0.4666666666666667,71.33333333333333,1,1
6.0,1,1,1,0,90.0,30.0,13.0,0.4,78.0,1,0
4.0,0,0,0,0,186.0,68.0,3.0,0.2666666666666666,89.33333333333333,0,0
1.0,1,0,0,0,241.0,123.0,20.0,0.0666666666666666,97.33333333333331,0,0
6.0,1,0,1,0,60.0,58.0,4.0,0.4,80.0,1,0
11.0,3,0,2,1,60.0,66.0,7.0,0.7333333333333333,56.66666666666667,1,1
11.0,4,0,2,1,0.0,60.0,24.0,0.7333333333333333,56.66666666666667,1,1
7.0,0,0,0,0,229.0,93.0,8.0,0.4666666666666667,81.33333333333333,0,0
4.0,0,0,0,0,229.0,111.0,24.0,0.2666666666666666,89.33333333333333,0,0
8.0,1,0,1,0,60.0,112.0,4.0,0.5333333333333333,74.66666666666667,1,0
7.0,0,1,0,0,150.0,115.0,25.0,0.4666666666666667,79.33333333333333,1,0
2.0,1,0,0,0,314.0,132.0,16.0,0.1333333333333333,94.66666666666669,0,0
9.0,3,0,0,3,30.0,40.0,4.0,0.6,58.0,1,1
1.0,0,0,0,0,311.0,102.0,3.0,0.0666666666666666,97.33333333333331,0,0
3.0,1,0,0,0,229.0,121.0,7.0,0.2,92.0,0,0
9.0,2,0,2,0,60.0,107.0,16.0,0.6,68.0,1,1
2.0,1,0,0,0,343.0,121.0,21.0,0.1333333333333333,94.66666666666669,0,0
12.0,1,0,0,0,279.0,135.0,5.0,0.8,68.0,0,0
3.0,0,0,0,0,221.0,133.0,2.0,0.2,92.0,0,0
0.0,0,0,0,0,207.0,85.0,25.0,0.0,100.0,0,0
7.0,0,0,0,0,194.0,103.0,5.0,0.4666666666666667,81.33333333333333,0,1
11.0,2,1,1,0,0.0,88.0,12.0,0.7333333333333333,64.66666666666667,1,1
2.0,1,0,0,0,182.0,77.0,12.0,0.1333333333333333,94.66666666666669,0,0
8.0,3,0,2,0,0.0,60.0,6.0,0.5333333333333333,70.66666666666667,1,1
3.0,1,1,0,0,60.0,97.0,25.0,0.2,90.0,1,0
5.0,3,1,0,1,30.0,96.0,12.0,0.3333333333333333,78.66666666666667,1,1
3.0,1,0,0,0,345.0,119.0,1.0,0.2,92.0,0,0
7.0,1,0,1,0,30.0,36.0,25.0,0.4666666666666667,77.33333333333333,1,0
6.0,2,1,0,0,150.0,67.0,23.0,0.4,82.0,1,0
1.0,1,1,0,0,0.0,110.0,17.0,0.0666666666666666,95.33333333333331,1,0
0.0,0,0,0,0,231.0,66.0,22.0,0.0,100.0,0,0
12.0,0,0,1,0,30.0,79.0,6.0,0.8,64.0,1,1
3.0,1,0,0,0,270.0,86.0,3.0,0.2,92.0,0,0
4.0,0,0,0,0,229.0,91.0,12.0,0.2666666666666666,89.33333333333333,0,0
8.0,3,1,0,1,60.0,20.0,13.0,0.5333333333333333,70.66666666666667,1,1
3.0,1,1,0,0,90.0,45.0,1.0,0.2,90.0,1,0
5.0,0,0,0,0,335.0,125.0,3.0,0.3333333333333333,86.66666666666667,0,0
6.0,1,0,0,0,352.0,90.0,15.0,0.4,84.0,0,0
0.0,0,0,0,0,200.0,85.0,10.0,0.0,100.0,0,0
7.0,0,0,0,0,211.0,82.0,25.0,0.4666666666666667,81.33333333333333,0,0
2.0,0,0,0,0,243.0,70.0,17.0,0.1333333333333333,94.66666666666669,0,0
12.0,4,1,1,3,0.0,25.0,21.0,0.8,44.0,1,1
3.0,3,3,0,0,30.0,54.0,19.0,0.2,86.0,1,1
3.0,1,0,0,0,306.0,122.0,24.0,0.2,92.0,0,0
6.0,2,0,1,1,30.0,109.0,9.0,0.4,74.0,1,1
0.0,1,0,0,0,317.0,104.0,9.0,0.0,100.0,0,0
8.0,2,2,0,0,0.0,109.0,5.0,0.5333333333333333,74.66666666666667,1,0
4.0,0,0,0,0,355.0,115.0,13.0,0.2666666666666666,89.33333333333333,0,0
10.0,3,2,1,0,0.0,78.0,21.0,0.6666666666666666,65.33333333333334,1,1
3.0,0,0,0,0,356.0,99.0,14.0,0.2,92.0,0,0
4.0,2,1,1,0,120.0,21.0,17.0,0.2666666666666666,83.33333333333333,1,0
3.0,0,0,0,0,206.0,67.0,2.0,0.2,92.0,0,0
4.0,0,0,0,0,274.0,70.0,6.0,0.2666666666666666,89.33333333333333,0,0
0.0,0,0,0,0,311.0,59.0,16.0,0.0,100.0,0,0
4.0,0,0,0,0,199.0,53.0,8.0,0.2666666666666666,89.33333333333333,0,0
12.0,4,0,3,1,0.0,47.0,15.0,0.8,50.0,1,1
11.0,3,2,1,0,0.0,64.0,17.0,0.7333333333333333,62.66666666666667,1,1
11.0,2,0,1,1,30.0,100.0,18.0,0.7333333333333333,60.66666666666667,1,1
4.0,3,2,0,0,60.0,90.0,10.0,0.2666666666666666,85.33333333333333,1,0
4.0,1,1,1,0,30.0,66.0,15.0,0.2666666666666666,83.33333333333333,1,0
8.0,3,0,2,0,60.0,57.0,20.0,0.5333333333333333,70.66666666666667,1,1
1.0,0,0,0,0,332.0,119.0,15.0,0.0666666666666666,97.33333333333331,0,0
8.0,1,1,0,1,120.0,68.0,7.0,0.5333333333333333,70.66666666666667,1,0
0.0,2,1,0,0,60.0,48.0,7.0,0.0,98.0,1,1
13.0,2,0,1,1,120.0,94.0,25.0,0.8666666666666667,55.33333333333333,1,1
6.0,1,0,1,1,60.0,87.0,15.0,0.4,74.0,1,1
10.0,4,2,1,1,60.0,79.0,4.0,0.6666666666666666,59.33333333333334,1,1
2.0,0,0,0,0,278.0,79.0,25.0,0.1333333333333333,94.66666666666669,0,0
7.0,2,0,1,0,60.0,115.0,24.0,0.4666666666666667,77.33333333333333,1,0
4.0,2,2,0,0,30.0,56.0,24.0,0.2666666666666666,85.33333333333333,1,0
2.0,0,0,0,0,342.0,121.0,18.0,0.1333333333333333,94.66666666666669,0,0
11.0,5,2,1,1,0.0,73.0,25.0,0.7333333333333333,56.66666666666667,1,1
13.0,2,2,0,1,30.0,29.0,15.0,0.8666666666666667,55.33333333333333,1,1
3.0,0,0,0,0,322.0,118.0,18.0,0.2,92.0,0,0
1.0,0,1,0,0,90.0,92.0,9.0,0.0666666666666666,95.33333333333331,1,0
10.0,3,2,0,0,0.0,74.0,10.0,0.6666666666666666,69.33333333333334,1,1
4.0,1,1,0,0,90.0,109.0,22.0,0.2666666666666666,87.33333333333333,1,0
12.0,2,1,1,0,30.0,27.0,6.0,0.8,62.0,1,1
2.0,0,0,0,0,321.0,76.0,13.0,0.1333333333333333,94.66666666666669,0,0
3.0,0,0,0,0,244.0,110.0,19.0,0.2,92.0,0,0
8.0,0,0,0,0,244.0,129.0,24.0,0.5333333333333333,78.66666666666667,0,0
8.0,2,1,1,0,0.0,92.0,10.0,0.5333333333333333,72.66666666666667,1,1
3.0,1,0,0,0,249.0,140.0,7.0,0.2,92.0,0,0
0.0,0,0,0,0,347.0,101.0,23.0,0.0,100.0,0,1
1.0,0,0,0,0,351.0,120.0,25.0,0.0666666666666666,97.33333333333331,0,0
0.0,1,1,0,0,90.0,123.0,13.0,0.0,98.0,1,0
3.0,0,0,0,0,356.0,125.0,11.0,0.2,92.0,0,0
3.0,0,0,0,0,244.0,121.0,5.0,0.2,92.0,0,0
10.0,1,1,0,0,60.0,108.0,23.0,0.6666666666666666,71.33333333333334,1,1
1.0,0,1,0,0,60.0,115.0,16.0,0.0666666666666666,95.33333333333331,1,0
3.0,1,1,0,0,150.0,39.0,17.0,0.2,90.0,1,0
8.0,1,0,0,0,189.0,106.0,5.0,0.5333333333333333,78.66666666666667,0,0
13.0,5,0,3,2,0.0,84.0,15.0,0.8666666666666667,41.33333333333333,1,1
12.0,3,0,0,2,0.0,70.0,7.0,0.8,56.0,1,1
13.0,3,1,0,2,30.0,76.0,24.0,0.8666666666666667,51.33333333333333,1,1
2.0,1,0,0,0,232.0,87.0,1.0,0.1333333333333333,94.66666666666669,0,0
7.0,3,2,0,0,90.0,56.0,12.0,0.4666666666666667,77.33333333333333,1,0
7.0,0,0,0,0,231.0,80.0,18.0,0.4666666666666667,81.33333333333333,0,0
6.0,1,0,0,1,90.0,95.0,6.0,0.4,78.0,1,1
14.0,4,1,1,2,0.0,67.0,12.0,0.9333333333333332,44.66666666666666,1,1
6.0,2,1,0,0,0.0,105.0,8.0,0.4,82.0,1,0
12.0,2,1,2,0,30.0,93.0,22.0,0.8,58.0,1,1
6.0,3,2,1,0,0.0,89.0,13.0,0.4,76.0,1,1
7.0,4,0,1,2,30.0,33.0,24.0,0.4666666666666667,65.33333333333333,1,1
0.0,0,0,0,0,287.0,60.0,22.0,0.0,100.0,0,0
6.0,3,0,2,0,90.0,32.0,14.0,0.4,76.0,1,1
12.0,1,1,0,0,30.0,106.0,17.0,0.8,66.0,1,1
11.0,1,1,0,1,30.0,56.0,5.0,0.7333333333333333,62.66666666666667,1,1
7.0,0,0,1,0,120.0,77.0,7.0,0.4666666666666667,77.33333333333333,1,0
0.0,1,0,0,0,301.0,130.0,12.0,0.0,100.0,0,0
11.0,5,2,0,2,60.0,13.0,10.0,0.7333333333333333,54.66666666666667,1,1
7.0,2,2,0,0,0.0,51.0,25.0,0.4666666666666667,77.33333333333333,1,0
1.0,0,0,0,0,185.0,106.0,15.0,0.0666666666666666,97.33333333333331,0,0
4.0,1,0,0,0,209.0,98.0,18.0,0.2666666666666666,89.33333333333333,0,0
1.0,0,0,0,0,302.0,70.0,24.0,0.0666666666666666,97.33333333333331,0,0
8.0,5,1,2,1,0.0,98.0,5.0,0.5333333333333333,62.66666666666667,1,1
0.0,0,0,0,0,288.0,109.0,14.0,0.0,100.0,0,0
9.0,0,1,0,0,120.0,28.0,14.0,0.6,74.0,1,0
0.0,0,0,0,0,306.0,138.0,22.0,0.0,100.0,0,0
4.0,0,1,0,0,30.0,93.0,4.0,0.2666666666666666,87.33333333333333,1,0
0.0,2,2,0,0,90.0,61.0,1.0,0.0,96.0,1,0
3.0,1,0,0,0,334.0,68.0,19.0,0.2,92.0,0,0
3.0,1,1,0,0,90.0,119.0,16.0,0.2,90.0,1,0
7.0,4,1,3,1,0.0,85.0,21.0,0.4666666666666667,61.33333333333333,1,1
10.0,3,0,0,2,0.0,62.0,7.0,0.6666666666666666,61.33333333333334,1,1
6.0,0,0,0,0,182.0,77.0,3.0,0.4,84.0,0,0
7.0,2,1,1,0,0.0,80.0,7.0,0.4666666666666667,75.33333333333333,1,1
1.0,0,0,0,0,230.0,90.0,15.0,0.0666666666666666,97.33333333333331,0,0
1.0,0,0,0,0,195.0,132.0,5.0,0.0666666666666666,97.33333333333331,0,0
11.0,1,1,0,0,0.0,76.0,16.0,0.7333333333333333,68.66666666666667,1,1
3.0,0,0,0,0,214.0,81.0,1.0,0.2,92.0,0,0
6.0,2,1,1,0,0.0,71.0,25.0,0.4,78.0,1,0
13.0,3,0,0,3,30.0,78.0,11.0,0.8666666666666667,47.33333333333333,1,1
0.0,0,0,0,0,229.0,103.0,14.0,0.0,100.0,0,0
4.0,0,0,0,0,233.0,81.0,16.0,0.2666666666666666,89.33333333333333,0,0
6.0,1,0,1,0,60.0,48.0,15.0,0.4,80.0,1,0
7.0,2,1,0,1,30.0,34.0,15.0,0.4666666666666667,73.33333333333333,1,1
4.0,2,1,0,0,150.0,82.0,8.0,0.2666666666666666,87.33333333333333,1,0
11.0,4,0,2,1,0.0,32.0,21.0,0.7333333333333333,56.66666666666667,1,1
7.0,0,0,0,0,341.0,66.0,19.0,0.4666666666666667,81.33333333333333,0,0
6.0,2,2,0,0,60.0,75.0,17.0,0.4,80.0,1,0
2.0,0,0,0,0,292.0,79.0,8.0,0.1333333333333333,94.66666666666669,0,0
1.0,0,0,0,0,195.0,123.0,6.0,0.0666666666666666,97.33333333333331,0,0
4.0,1,0,0,0,235.0,125.0,2.0,0.2666666666666666,89.33333333333333,0,0
2.0,0,0,0,0,251.0,73.0,25.0,0.1333333333333333,94.66666666666669,0,0
3.0,1,1,0,0,0.0,63.0,24.0,0.2,90.0,1,0
1.0,0,0,0,0,301.0,124.0,9.0,0.0666666666666666,97.33333333333331,0,0
0.0,1,1,0,0,120.0,82.0,18.0,0.0,98.0,1,0
8.0,3,0,1,1,90.0,20.0,1.0,0.5333333333333333,68.66666666666667,1,1
6.0,2,1,0,1,0.0,113.0,24.0,0.4,76.0,1,1
4.0,0,0,0,0,345.0,101.0,2.0,0.2666666666666666,89.33333333333333,0,0
4.0,0,0,0,0,250.0,119.0,14.0,0.2666666666666666,89.33333333333333,0,0
4.0,1,0,0,0,251.0,73.0,16.0,0.2666666666666666,89.33333333333333,0,1
6.0,0,0,0,0,339.0,72.0,15.0,0.4,84.0,0,0
4.0,2,1,1,0,30.0,72.0,16.0,0.2666666666666666,83.33333333333333,1,0
2.0,0,0,0,0,224.0,44.0,8.0,0.1333333333333333,94.66666666666669,0,0
11.0,4,3,0,0,0.0,29.0,4.0,0.7333333333333333,64.66666666666667,1,1
3.0,1,0,0,0,358.0,56.0,22.0,0.2,92.0,0,0
11.0,2,0,1,2,30.0,66.0,20.0,0.7333333333333333,54.66666666666667,1,1
11.0,3,0,2,1,90.0,46.0,12.0,0.7333333333333333,56.66666666666667,1,1
2.0,0,0,0,0,335.0,95.0,4.0,0.1333333333333333,94.66666666666669,0,0
4.0,0,1,0,0,60.0,37.0,4.0,0.2666666666666666,87.33333333333333,1,0
3.0,2,1,0,0,150.0,82.0,25.0,0.2,90.0,1,0
4.0,1,0,0,0,347.0,56.0,20.0,0.2666666666666666,89.33333333333333,0,0
9.0,3,1,0,2,0.0,61.0,8.0,0.6,62.0,1,1
2.0,0,0,0,0,334.0,74.0,16.0,0.1333333333333333,94.66666666666669,0,0
3.0,1,0,0,0,310.0,80.0,5.0,0.2,92.0,0,0
3.0,0,0,0,0,187.0,81.0,19.0,0.2,92.0,0,0
5.0,0,0,0,0,360.0,125.0,5.0,0.3333333333333333,86.66666666666667,0,0
4.0,3,0,1,1,0.0,110.0,4.0,0.2666666666666666,79.33333333333333,1,1
6.0,3,2,0,0,30.0,102.0,25.0,0.4,80.0,1,0
2.0,1,1,0,0,120.0,83.0,5.0,0.1333333333333333,92.66666666666669,1,0
4.0,1,0,0,0,221.0,88.0,25.0,0.2666666666666666,89.33333333333333,0,0
3.0,0,0,0,0,223.0,67.0,1.0,0.2,92.0,0,0
0.0,0,0,0,0,230.0,84.0,20.0,0.0,100.0,0,0
10.0,2,1,1,0,0.0,60.0,21.0,0.6666666666666666,67.33333333333334,1,1
2.0,1,1,0,0,150.0,86.0,12.0,0.1333333333333333,92.66666666666669,1,0
12.0,0,0,0,0,322.0,73.0,22.0,0.8,68.0,0,0
3.0,2,1,1,0,120.0,63.0,2.0,0.2,86.0,1,0
3.0,0,0,0,0,338.0,57.0,16.0,0.2,92.0,0,0
6.0,0,0,1,0,120.0,73.0,6.0,0.4,80.0,1,0
12.0,2,0,0,2,0.0,47.0,22.0,0.8,56.0,1,1
0.0,0,0,0,0,277.0,53.0,1.0,0.0,100.0,0,0
6.0,0,0,0,1,90.0,98.0,14.0,0.4,78.0,1,0
6.0,2,2,1,0,0.0,103.0,10.0,0.4,76.0,1,1
8.0,3,1,2,0,0.0,83.0,24.0,0.5333333333333333,68.66666666666667,1,1
3.0,0,0,0,0,321.0,120.0,14.0,0.2,92.0,0,0
5.0,0,0,0,0,311.0,130.0,16.0,0.3333333333333333,86.66666666666667,0,1
6.0,2,2,1,0,0.0,71.0,21.0,0.4,76.0,1,1
5.0,3,1,1,0,0.0,37.0,7.0,0.3333333333333333,80.66666666666667,1,1
13.0,2,0,1,0,60.0,34.0,21.0,0.8666666666666667,61.33333333333333,1,1
8.0,0,1,0,0,0.0,80.0,1.0,0.5333333333333333,76.66666666666667,1,0
5.0,1,0,1,0,60.0,94.0,19.0,0.3333333333333333,82.66666666666667,1,0
11.0,0,0,0,1,30.0,49.0,9.0,0.7333333333333333,64.66666666666667,1,1
1.0,1,0,0,0,195.0,62.0,10.0,0.0666666666666666,97.33333333333331,0,0
3.0,1,1,0,0,150.0,112.0,1.0,0.2,90.0,1,0
7.0,1,1,1,0,90.0,45.0,9.0,0.4666666666666667,75.33333333333333,1,1
2.0,0,0,0,0,200.0,103.0,9.0,0.1333333333333333,94.66666666666669,0,0
10.0,2,0,1,1,90.0,91.0,25.0,0.6666666666666666,63.33333333333334,1,1
8.0,1,0,1,0,60.0,101.0,6.0,0.5333333333333333,74.66666666666667,1,0
8.0,0,0,0,0,345.0,110.0,3.0,0.5333333333333333,78.66666666666667,0,0
4.0,0,0,0,0,292.0,65.0,11.0,0.2666666666666666,89.33333333333333,0,0
10.0,1,0,0,1,120.0,25.0,14.0,0.6666666666666666,67.33333333333334,1,1
12.0,0,0,0,0,335.0,92.0,4.0,0.8,68.0,0,0
4.0,1,1,0,0,0.0,119.0,3.0,0.2666666666666666,87.33333333333333,1,0
8.0,3,1,1,0,60.0,31.0,10.0,0.5333333333333333,72.66666666666667,1,1
6.0,2,0,1,0,60.0,62.0,10.0,0.4,80.0,1,0
0.0,0,0,0,0,305.0,101.0,21.0,0.0,100.0,0,0
1.0,0,0,0,0,284.0,142.0,8.0,0.0666666666666666,97.33333333333331,0,0
1.0,2,1,0,0,120.0,92.0,11.0,0.0666666666666666,95.33333333333331,1,1
12.0,2,2,0,1,0.0,71.0,9.0,0.8,58.0,1,1
13.0,3,0,2,1,60.0,50.0,1.0,0.8666666666666667,51.33333333333333,1,1
10.0,4,3,1,1,30.0,88.0,23.0,0.6666666666666666,57.33333333333334,1,1
14.0,3,0,0,3,60.0,26.0,16.0,0.9333333333333332,44.66666666666666,1,1
11.0,5,2,1,1,0.0,90.0,22.0,0.7333333333333333,56.66666666666667,1,1
4.0,2,1,1,0,60.0,100.0,12.0,0.2666666666666666,83.33333333333333,1,0
12.0,5,0,2,2,30.0,20.0,9.0,0.8,48.0,1,1
3.0,3,1,1,0,90.0,58.0,16.0,0.2,86.0,1,0
9.0,4,1,1,1,30.0,57.0,4.0,0.6,64.0,1,1
1.0,0,0,0,0,337.0,94.0,1.0,0.0666666666666666,97.33333333333331,0,0
11.0,5,0,3,1,0.0,12.0,1.0,0.7333333333333333,52.66666666666667,1,0
0.0,1,1,0,0,90.0,38.0,15.0,0.0,98.0,1,0
7.0,2,0,0,1,0.0,92.0,25.0,0.4666666666666667,75.33333333333333,1,1
12.0,1,0,2,0,90.0,112.0,17.0,0.8,60.0,1,1
4.0,0,0,0,0,323.0,68.0,24.0,0.2666666666666666,89.33333333333333,0,0
4.0,1,0,0,0,351.0,75.0,11.0,0.2666666666666666,89.33333333333333,0,0
4.0,1,1,0,0,30.0,55.0,23.0,0.2666666666666666,87.33333333333333,1,0
0.0,0,0,0,0,286.0,58.0,23.0,0.0,100.0,0,0
8.0,2,0,0,2,0.0,114.0,16.0,0.5333333333333333,66.66666666666667,1,1
4.0,1,0,0,0,218.0,88.0,17.0,0.2666666666666666,89.33333333333333,0,0
4.0,1,0,0,0,296.0,90.0,16.0,0.2666666666666666,89.33333333333333,0,0
4.0,2,0,0,1,150.0,57.0,8.0,0.2666666666666666,83.33333333333333,1,0
3.0,0,0,0,0,277.0,128.0,13.0,0.2,92.0,0,0
8.0,1,0,0,0,197.0,118.0,12.0,0.5333333333333333,78.66666666666667,0,0
9.0,1,0,2,0,30.0,106.0,4.0,0.6,68.0,1,1
6.0,0,1,0,0,60.0,123.0,8.0,0.4,82.0,1,0
3.0,1,1,0,0,150.0,96.0,25.0,0.2,90.0,1,0
4.0,1,0,1,0,30.0,81.0,18.0,0.2666666666666666,85.33333333333333,1,0
3.0,0,0,0,0,194.0,82.0,13.0,0.2,92.0,0,0
5.0,0,0,0,0,329.0,73.0,15.0,0.3333333333333333,86.66666666666667,0,0
9.0,3,2,1,0,0.0,90.0,7.0,0.6,68.0,1,1
8.0,0,0,0,0,215.0,64.0,22.0,0.5333333333333333,78.66666666666667,0,0
11.0,3,0,0,2,30.0,80.0,20.0,0.7333333333333333,58.66666666666667,1,1
3.0,0,0,0,0,344.0,105.0,24.0,0.2,92.0,0,0
5.0,0,0,0,0,210.0,100.0,23.0,0.3333333333333333,86.66666666666667,0,0
1.0,1,0,1,0,0.0,75.0,15.0,0.0666666666666666,93.33333333333331,1,0
6.0,1,1,1,0,0.0,45.0,17.0,0.4,78.0,1,0
2.0,2,1,0,0,30.0,62.0,11.0,0.1333333333333333,92.66666666666669,1,0
12.0,3,1,0,1,60.0,31.0,24.0,0.8,60.0,1,1
4.0,1,0,0,1,30.0,113.0,17.0,0.2666666666666666,83.33333333333333,1,0
12.0,3,1,0,2,30.0,78.0,12.0,0.8,54.0,1,1
1.0,2,1,0,0,90.0,114.0,9.0,0.0666666666666666,95.33333333333331,1,0
11.0,6,2,1,2,0.0,13.0,15.0,0.7333333333333333,50.66666666666667,1,1
7.0,1,1,0,0,30.0,51.0,18.0,0.4666666666666667,79.33333333333333,1,0
6.0,2,1,1,0,0.0,102.0,16.0,0.4,78.0,1,0
4.0,1,0,1,0,90.0,90.0,13.0,0.2666666666666666,85.33333333333333,1,0
12.0,4,1,0,3,0.0,43.0,14.0,0.8,48.0,1,1
7.0,1,1,0,0,150.0,114.0,6.0,0.4666666666666667,79.33333333333333,1,0
4.0,0,0,0,0,241.0,77.0,10.0,0.2666666666666666,89.33333333333333,0,0
8.0,2,2,0,0,60.0,64.0,9.0,0.5333333333333333,74.66666666666667,1,1
5.0,0,1,0,0,120.0,108.0,15.0,0.3333333333333333,84.66666666666667,1,0
7.0,1,1,0,0,90.0,50.0,9.0,0.4666666666666667,79.33333333333333,1,0
4.0,1,0,1,1,60.0,93.0,12.0,0.2666666666666666,79.33333333333333,1,1
10.0,2,1,0,0,90.0,72.0,4.0,0.6666666666666666,71.33333333333334,1,0
6.0,2,2,0,1,0.0,24.0,15.0,0.4,74.0,1,1
8.0,1,1,1,0,60.0,56.0,1.0,0.5333333333333333,72.66666666666667,1,1
12.0,0,0,1,0,60.0,40.0,6.0,0.8,64.0,1,1
9.0,2,3,0,0,0.0,36.0,25.0,0.6,70.0,1,1
1.0,0,0,0,0,201.0,124.0,25.0,0.0666666666666666,97.33333333333331,0,0
1.0,0,0,0,0,193.0,87.0,15.0,0.0666666666666666,97.33333333333331,0,0
3.0,0,0,0,0,215.0,106.0,8.0,0.2,92.0,0,0
14.0,3,0,2,0,0.0,76.0,11.0,0.9333333333333332,54.66666666666666,1,1
6.0,3,2,1,0,30.0,22.0,18.0,0.4,76.0,1,1
5.0,1,0,0,0,188.0,103.0,16.0,0.3333333333333333,86.66666666666667,0,0
6.0,0,0,0,1,120.0,107.0,11.0,0.4,78.0,1,1
6.0,3,1,1,1,0.0,52.0,7.0,0.4,72.0,1,1
12.0,2,0,1,1,30.0,50.0,3.0,0.8,58.0,1,1
4.0,0,0,0,0,271.0,108.0,23.0,0.2666666666666666,89.33333333333333,0,0
3.0,1,1,0,0,0.0,68.0,15.0,0.2,90.0,1,0
0.0,0,0,0,0,213.0,63.0,8.0,0.0,100.0,0,0
7.0,2,0,1,0,90.0,75.0,20.0,0.4666666666666667,77.33333333333333,1,0
4.0,1,0,0,0,209.0,118.0,25.0,0.2666666666666666,89.33333333333333,0,0
3.0,0,0,0,0,330.0,78.0,10.0,0.2,92.0,0,0
4.0,0,0,0,0,283.0,115.0,8.0,0.2666666666666666,89.33333333333333,0,0
4.0,2,1,0,0,120.0,92.0,14.0,0.2666666666666666,87.33333333333333,1,0
3.0,1,0,0,0,187.0,85.0,2.0,0.2,92.0,0,0
7.0,0,0,0,0,319.0,129.0,2.0,0.4666666666666667,81.33333333333333,0,0
10.0,3,1,0,2,30.0,86.0,25.0,0.6666666666666666,59.33333333333334,1,1
0.0,0,0,0,0,252.0,122.0,22.0,0.0,100.0,0,0
4.0,0,0,0,0,340.0,71.0,18.0,0.2666666666666666,89.33333333333333,0,0
0.0,1,0,0,0,338.0,127.0,6.0,0.0,100.0,0,0
8.0,1,1,0,0,120.0,63.0,7.0,0.5333333333333333,76.66666666666667,1,0
5.0,0,0,0,0,250.0,124.0,11.0,0.3333333333333333,86.66666666666667,0,0
6.0,0,0,0,0,208.0,63.0,6.0,0.4,84.0,0,0
1.0,0,0,0,0,355.0,119.0,17.0,0.0666666666666666,97.33333333333331,0,0
6.0,0,0,0,0,319.0,102.0,19.0,0.4,84.0,0,0
1.0,1,0,0,0,334.0,110.0,15.0,0.0666666666666666,97.33333333333331,0,0
2.0,0,0,0,0,268.0,90.0,11.0,0.1333333333333333,94.66666666666669,0,0
1.0,0,0,0,0,312.0,96.0,15.0,0.0666666666666666,97.33333333333331,0,0
3.0,1,0,0,0,254.0,115.0,9.0,0.2,92.0,0,0
6.0,1,0,2,0,60.0,49.0,11.0,0.4,76.0,1,1
7.0,1,1,1,0,0.0,21.0,15.0,0.4666666666666667,75.33333333333333,1,1
13.0,6,1,2,2,0.0,68.0,8.0,0.8666666666666667,43.33333333333333,1,1
8.0,2,0,1,2,0.0,55.0,21.0,0.5333333333333333,62.66666666666667,1,1
0.0,0,0,0,0,318.0,108.0,23.0,0.0,100.0,0,0
4.0,0,1,0,0,90.0,31.0,19.0,0.2666666666666666,87.33333333333333,1,0
2.0,0,0,0,0,338.0,110.0,14.0,0.1333333333333333,94.66666666666669,0,0
4.0,0,0,0,0,239.0,97.0,9.0,0.2666666666666666,89.33333333333333,0,0
7.0,2,1,1,0,0.0,33.0,5.0,0.4666666666666667,75.33333333333333,1,1
2.0,2,0,1,0,150.0,67.0,18.0,0.1333333333333333,90.66666666666669,1,0
7.0,1,0,0,0,278.0,126.0,3.0,0.4666666666666667,81.33333333333333,0,0
7.0,0,0,0,0,316.0,73.0,9.0,0.4666666666666667,81.33333333333333,0,0
3.0,0,0,0,0,345.0,145.0,1.0,0.2,92.0,0,0
1.0,2,1,0,0,60.0,104.0,13.0,0.0666666666666666,95.33333333333331,1,1
9.0,3,0,0,2,60.0,110.0,6.0,0.6,64.0,1,1
0.0,1,1,0,0,60.0,108.0,19.0,0.0,98.0,1,0
1.0,0,0,0,0,272.0,135.0,10.0,0.0666666666666666,97.33333333333331,0,0
5.0,2,2,0,0,30.0,56.0,3.0,0.3333333333333333,82.66666666666667,1,0
7.0,0,0,0,0,259.0,107.0,7.0,0.4666666666666667,81.33333333333333,0,0
2.0,0,0,0,0,197.0,47.0,24.0,0.1333333333333333,94.66666666666669,0,0
12.0,3,0,2,1,0.0,85.0,2.0,0.8,54.0,1,1
7.0,2,0,0,2,90.0,46.0,14.0,0.4666666666666667,69.33333333333333,1,1
12.0,4,0,2,2,0.0,41.0,23.0,0.8,48.0,1,1
4.0,1,1,0,0,150.0,32.0,20.0,0.2666666666666666,87.33333333333333,1,0
4.0,0,0,0,0,287.0,138.0,3.0,0.2666666666666666,89.33333333333333,0,0
0.0,1,1,0,0,150.0,104.0,18.0,0.0,98.0,1,0
10.0,1,1,0,0,90.0,118.0,15.0,0.6666666666666666,71.33333333333334,1,0
10.0,4,0,2,2,0.0,93.0,16.0,0.6666666666666666,53.33333333333334,1,1
2.0,0,0,0,0,345.0,71.0,9.0,0.1333333333333333,94.66666666666669,0,0
6.0,1,0,0,0,285.0,120.0,9.0,0.4,84.0,0,0
8.0,1,0,0,0,208.0,57.0,2.0,0.5333333333333333,78.66666666666667,0,0
1.0,0,0,0,0,335.0,61.0,6.0,0.0666666666666666,97.33333333333331,0,0
5.0,0,0,0,0,321.0,59.0,7.0,0.3333333333333333,86.66666666666667,0,0
3.0,1,0,0,0,275.0,129.0,15.0,0.2,92.0,0,0
8.0,1,0,0,1,150.0,38.0,2.0,0.5333333333333333,72.66666666666667,1,1
8.0,4,3,1,0,0.0,85.0,5.0,0.5333333333333333,68.66666666666667,1,1
0.0,0,0,0,0,260.0,87.0,20.0,0.0,100.0,0,0
7.0,1,0,0,1,60.0,51.0,5.0,0.4666666666666667,75.33333333333333,1,1
7.0,4,0,3,0,0.0,92.0,17.0,0.4666666666666667,69.33333333333333,1,1
0.0,1,0,0,0,243.0,115.0,3.0,0.0,100.0,0,0
4.0,1,0,0,0,319.0,80.0,12.0,0.2666666666666666,89.33333333333333,0,0
12.0,2,1,0,1,60.0,86.0,13.0,0.8,60.0,1,1
3.0,1,0,0,1,150.0,31.0,24.0,0.2,86.0,1,0
11.0,1,1,0,0,90.0,68.0,8.0,0.7333333333333333,68.66666666666667,1,1
13.0,1,0,0,2,0.0,102.0,23.0,0.8666666666666667,53.33333333333333,1,1
7.0,3,1,1,0,90.0,103.0,21.0,0.4666666666666667,75.33333333333333,1,1
7.0,1,1,0,0,0.0,74.0,25.0,0.4666666666666667,79.33333333333333,1,0
10.0,3,0,1,3,30.0,41.0,21.0,0.6666666666666666,51.33333333333334,1,1
1.0,1,0,0,0,292.0,123.0,24.0,0.0666666666666666,97.33333333333331,0,0
0.0,1,0,0,0,352.0,60.0,17.0,0.0,100.0,0,0
4.0,0,0,0,0,331.0,97.0,9.0,0.2666666666666666,89.33333333333333,0,0
2.0,0,0,0,0,253.0,98.0,25.0,0.1333333333333333,94.66666666666669,0,0
7.0,2,3,0,0,0.0,43.0,23.0,0.4666666666666667,75.33333333333333,1,1
3.0,2,0,0,1,30.0,44.0,14.0,0.2,86.0,1,0
2.0,0,0,0,0,232.0,104.0,14.0,0.1333333333333333,94.66666666666669,0,0
2.0,1,0,0,0,352.0,140.0,20.0,0.1333333333333333,94.66666666666669,0,0
1.0,1,1,0,0,60.0,26.0,23.0,0.0666666666666666,95.33333333333331,1,0
2.0,0,1,0,0,150.0,102.0,4.0,0.1333333333333333,92.66666666666669,1,0
2.0,2,1,0,0,0.0,63.0,13.0,0.1333333333333333,92.66666666666669,1,0
8.0,1,1,0,0,0.0,59.0,2.0,0.5333333333333333,76.66666666666667,1,0
7.0,0,0,0,0,302.0,83.0,3.0,0.4666666666666667,81.33333333333333,0,0
0.0,0,0,0,0,316.0,76.0,13.0,0.0,100.0,0,0
0.0,0,0,0,0,249.0,92.0,4.0,0.0,100.0,0,0
2.0,0,0,0,0,243.0,111.0,19.0,0.1333333333333333,94.66666666666669,0,0
4.0,0,1,0,0,120.0,57.0,17.0,0.2666666666666666,87.33333333333333,1,0
13.0,3,2,0,2,0.0,66.0,15.0,0.8666666666666667,49.33333333333333,1,1
4.0,0,0,1,0,0.0,120.0,3.0,0.2666666666666666,85.33333333333333,1,0
3.0,0,0,0,0,317.0,130.0,22.0,0.2,92.0,0,0
4.0,0,0,0,0,213.0,104.0,4.0,0.2666666666666666,89.33333333333333,0,0
8.0,0,1,0,0,30.0,50.0,22.0,0.5333333333333333,76.66666666666667,1,0
8.0,1,0,1,0,0.0,103.0,11.0,0.5333333333333333,74.66666666666667,1,0
1.0,0,0,0,0,356.0,86.0,23.0,0.0666666666666666,97.33333333333331,0,0
7.0,2,1,1,0,60.0,67.0,15.0,0.4666666666666667,75.33333333333333,1,1
0.0,0,0,0,0,300.0,95.0,3.0,0.0,100.0,0,0
4.0,1,0,0,0,274.0,52.0,9.0,0.2666666666666666,89.33333333333333,0,0
5.0,3,1,1,0,90.0,76.0,12.0,0.3333333333333333,80.66666666666667,1,0
4.0,2,1,0,0,30.0,87.0,19.0,0.2666666666666666,87.33333333333333,1,0
13.0,1,0,1,0,60.0,56.0,23.0,0.8666666666666667,61.33333333333333,1,1
1.0,0,0,0,0,346.0,108.0,3.0,0.0666666666666666,97.33333333333331,0,0
10.0,2,0,2,0,30.0,77.0,4.0,0.6666666666666666,65.33333333333334,1,1
10.0,1,1,1,0,0.0,84.0,3.0,0.6666666666666666,67.33333333333334,1,1
1.0,0,0,0,0,244.0,89.0,11.0,0.0666666666666666,97.33333333333331,0,0
3.0,2,0,2,0,90.0,73.0,9.0,0.2,84.0,1,0
3.0,0,0,0,0,224.0,121.0,9.0,0.2,92.0,0,0
6.0,0,0,1,0,150.0,31.0,17.0,0.4,80.0,1,0
2.0,0,0,0,0,315.0,87.0,22.0,0.1333333333333333,94.66666666666669,0,0
1.0,1,0,0,0,186.0,80.0,5.0,0.0666666666666666,97.33333333333331,0,0
1.0,1,0,1,0,0.0,59.0,8.0,0.0666666666666666,93.33333333333331,1,0
5.0,1,0,0,0,259.0,54.0,10.0,0.3333333333333333,86.66666666666667,0,0
2.0,0,0,0,0,260.0,84.0,6.0,0.1333333333333333,94.66666666666669,0,0
8.0,0,0,0,0,345.0,114.0,11.0,0.5333333333333333,78.66666666666667,0,0
2.0,0,0,0,0,189.0,125.0,21.0,0.1333333333333333,94.66666666666669,0,0
2.0,1,1,0,0,120.0,52.0,2.0,0.1333333333333333,92.66666666666669,1,0
7.0,4,3,0,0,0.0,67.0,20.0,0.4666666666666667,75.33333333333333,1,1
7.0,1,2,0,0,30.0,71.0,3.0,0.4666666666666667,77.33333333333333,1,0
7.0,0,0,0,0,217.0,122.0,25.0,0.4666666666666667,81.33333333333333,0,0
1.0,0,0,0,0,181.0,73.0,13.0,0.0666666666666666,97.33333333333331,0,0
7.0,1,1,0,1,0.0,26.0,23.0,0.4666666666666667,73.33333333333333,1,1
14.0,3,0,1,1,120.0,39.0,2.0,0.9333333333333332,52.66666666666666,1,1
6.0,0,0,1,0,60.0,94.0,6.0,0.4,80.0,1,0
5.0,2,0,2,0,60.0,56.0,24.0,0.3333333333333333,78.66666666666667,1,1
12.0,3,1,0,1,120.0,83.0,24.0,0.8,60.0,1,1
1.0,0,0,0,0,345.0,73.0,2.0,0.0666666666666666,97.33333333333331,0,0
6.0,1,0,1,0,60.0,112.0,5.0,0.4,80.0,1,0
10.0,0,0,1,0,60.0,67.0,24.0,0.6666666666666666,69.33333333333334,1,1
8.0,0,0,0,0,219.0,82.0,19.0,0.5333333333333333,78.66666666666667,0,0
3.0,0,0,0,0,265.0,77.0,10.0,0.2,92.0,0,0
0.0,1,0,0,0,238.0,134.0,21.0,0.0,100.0,0,0
0.0,1,0,0,0,228.0,57.0,20.0,0.0,100.0,0,0
7.0,1,1,1,0,30.0,35.0,3.0,0.4666666666666667,75.33333333333333,1,1
3.0,0,0,0,0,333.0,60.0,22.0,0.2,92.0,0,0
1.0,0,0,0,0,248.0,51.0,7.0,0.0666666666666666,97.33333333333331,0,0
0.0,0,0,0,0,258.0,62.0,10.0,0.0,100.0,0,0
4.0,0,1,0,0,150.0,70.0,3.0,0.2666666666666666,87.33333333333333,1,0
6.0,4,1,1,1,30.0,62.0,6.0,0.4,72.0,1,1
13.0,5,0,2,3,30.0,39.0,6.0,0.8666666666666667,39.33333333333333,1,1
10.0,4,2,0,2,30.0,91.0,17.0,0.6666666666666666,57.33333333333334,1,1
6.0,0,0,0,0,314.0,111.0,22.0,0.4,84.0,0,0
7.0,3,1,1,1,0.0,21.0,5.0,0.4666666666666667,69.33333333333333,1,1
4.0,1,0,0,0,289.0,109.0,9.0,0.2666666666666666,89.33333333333333,0,0
4.0,0,0,0,0,191.0,118.0,3.0,0.2666666666666666,89.33333333333333,0,0
8.0,1,0,0,1,0.0,89.0,4.0,0.5333333333333333,72.66666666666667,1,1
5.0,3,2,0,1,0.0,61.0,17.0,0.3333333333333333,76.66666666666667,1,1
7.0,2,1,2,0,0.0,30.0,21.0,0.4666666666666667,71.33333333333333,1,1
0.0,0,0,0,0,339.0,109.0,6.0,0.0,100.0,0,0
3.0,3,1,1,0,0.0,104.0,8.0,0.2,86.0,1,0
12.0,1,1,0,0,60.0,51.0,25.0,0.8,66.0,1,0
5.0,1,0,0,0,246.0,89.0,5.0,0.3333333333333333,86.66666666666667,0,0
7.0,1,1,0,0,0.0,53.0,12.0,0.4666666666666667,79.33333333333333,1,0
2.0,0,0,0,0,349.0,70.0,15.0,0.1333333333333333,94.66666666666669,0,0
11.0,2,1,1,1,30.0,35.0,12.0,0.7333333333333333,58.66666666666667,1,1
3.0,1,0,1,0,30.0,114.0,11.0,0.2,88.0,1,0
7.0,3,1,1,1,30.0,92.0,12.0,0.4666666666666667,69.33333333333333,1,1
3.0,0,0,0,0,278.0,66.0,13.0,0.2,92.0,0,0
6.0,3,2,0,0,120.0,94.0,2.0,0.4,80.0,1,0
12.0,1,1,1,0,0.0,63.0,24.0,0.8,62.0,1,1
13.0,4,1,1,1,0.0,109.0,15.0,0.8666666666666667,53.33333333333333,1,1
4.0,0,0,0,0,338.0,74.0,11.0,0.2666666666666666,89.33333333333333,0,0
2.0,1,0,0,0,272.0,86.0,10.0,0.1333333333333333,94.66666666666669,0,0
7.0,0,0,0,0,270.0,63.0,12.0,0.4666666666666667,81.33333333333333,0,0
3.0,1,0,0,0,321.0,99.0,11.0,0.2,92.0,0,0
9.0,3,1,0,1,60.0,98.0,3.0,0.6,68.0,1,1
7.0,1,1,0,0,60.0,107.0,10.0,0.4666666666666667,79.33333333333333,1,0
6.0,0,0,0,0,360.0,118.0,12.0,0.4,84.0,0,0
10.0,3,1,0,1,30.0,93.0,2.0,0.6666666666666666,65.33333333333334,1,1
7.0,0,0,0,0,254.0,114.0,4.0,0.4666666666666667,81.33333333333333,0,0
0.0,1,0,1,0,60.0,80.0,24.0,0.0,96.0,1,0
8.0,1,2,0,0,60.0,40.0,4.0,0.5333333333333333,74.66666666666667,1,0
3.0,0,0,0,0,234.0,65.0,9.0,0.2,92.0,0,0
3.0,0,0,0,0,186.0,81.0,20.0,0.2,92.0,0,0
12.0,1,0,0,1,0.0,58.0,22.0,0.8,62.0,1,1
13.0,4,0,2,2,60.0,98.0,8.0,0.8666666666666667,45.33333333333333,1,1
10.0,3,0,1,1,90.0,25.0,7.0,0.6666666666666666,63.33333333333334,1,1
13.0,2,0,2,0,30.0,102.0,19.0,0.8666666666666667,57.33333333333333,1,1
5.0,2,0,1,0,120.0,45.0,20.0,0.3333333333333333,82.66666666666667,1,0
12.0,4,0,1,3,60.0,13.0,4.0,0.8,46.0,1,1
12.0,3,1,2,0,60.0,44.0,6.0,0.8,58.0,1,1
7.0,2,1,2,0,0.0,98.0,22.0,0.4666666666666667,71.33333333333333,1,1
7.0,1,0,2,0,0.0,84.0,17.0,0.4666666666666667,73.33333333333333,1,1
7.0,2,1,1,0,30.0,73.0,13.0,0.4666666666666667,75.33333333333333,1,1
13.0,2,0,2,0,60.0,97.0,8.0,0.8666666666666667,57.33333333333333,1,1
4.0,0,0,0,0,259.0,127.0,2.0,0.2666666666666666,89.33333333333333,0,0
0.0,1,1,0,0,30.0,50.0,8.0,0.0,98.0,1,0
3.0,1,1,0,0,150.0,117.0,8.0,0.2,90.0,1,0
1.0,0,0,0,0,328.0,83.0,5.0,0.0666666666666666,97.33333333333331,0,0
9.0,3,0,2,1,0.0,36.0,1.0,0.6,62.0,1,1
1.0,0,0,0,0,186.0,105.0,20.0,0.0666666666666666,97.33333333333331,0,0
7.0,1,1,0,0,150.0,46.0,12.0,0.4666666666666667,79.33333333333333,1,0
0.0,0,0,0,0,214.0,105.0,8.0,0.0,100.0,0,0
11.0,1,1,0,1,30.0,53.0,14.0,0.7333333333333333,62.66666666666667,1,1
4.0,2,1,0,0,150.0,83.0,3.0,0.2666666666666666,87.33333333333333,1,0
4.0,0,0,0,0,246.0,84.0,13.0,0.2666666666666666,89.33333333333333,0,0
1.0,0,0,0,0,283.0,100.0,24.0,0.0666666666666666,97.33333333333331,0,0
1.0,0,0,0,0,222.0,123.0,1.0,0.0666666666666666,97.33333333333331,0,0
4.0,0,0,0,0,340.0,96.0,13.0,0.2666666666666666,89.33333333333333,0,0
2.0,3,2,0,0,0.0,58.0,12.0,0.1333333333333333,90.66666666666669,1,0
0.0,0,0,0,0,292.0,134.0,3.0,0.0,100.0,0,0
11.0,0,0,0,0,260.0,100.0,3.0,0.7333333333333333,70.66666666666667,0,0
12.0,4,1,2,0,0.0,40.0,7.0,0.8,58.0,1,1
10.0,2,0,1,0,120.0,69.0,6.0,0.6666666666666666,69.33333333333334,1,1
12.0,4,0,1,3,0.0,31.0,13.0,0.8,46.0,1,0
4.0,0,0,0,0,304.0,132.0,20.0,0.2666666666666666,89.33333333333333,0,0
3.0,0,1,0,0,60.0,65.0,8.0,0.2,90.0,1,0
8.0,0,0,0,0,303.0,119.0,12.0,0.5333333333333333,78.66666666666667,0,0
5.0,0,0,0,0,317.0,89.0,20.0,0.3333333333333333,86.66666666666667,0,0
4.0,1,1,0,0,30.0,96.0,1.0,0.2666666666666666,87.33333333333333,1,1
7.0,0,1,0,0,90.0,106.0,3.0,0.4666666666666667,79.33333333333333,1,0
9.0,3,3,0,0,0.0,19.0,14.0,0.6,70.0,1,1
12.0,1,1,0,1,30.0,49.0,7.0,0.8,60.0,1,1
3.0,0,0,1,0,120.0,81.0,20.0,0.2,88.0,1,0
2.0,0,0,0,0,325.0,91.0,1.0,0.1333333333333333,94.66666666666669,0,0
14.0,2,0,0,3,30.0,104.0,3.0,0.9333333333333332,44.66666666666666,1,1
1.0,2,1,0,0,30.0,44.0,23.0,0.0666666666666666,95.33333333333331,1,0
2.0,0,0,0,0,235.0,97.0,21.0,0.1333333333333333,94.66666666666669,0,0
4.0,0,0,0,0,237.0,121.0,14.0,0.2666666666666666,89.33333333333333,0,0
4.0,3,1,0,1,0.0,77.0,23.0,0.2666666666666666,81.33333333333333,1,0
7.0,0,0,0,0,183.0,65.0,9.0,0.4666666666666667,81.33333333333333,0,0
1.0,0,0,0,0,291.0,89.0,9.0,0.0666666666666666,97.33333333333331,0,1
10.0,1,0,1,0,90.0,94.0,16.0,0.6666666666666666,69.33333333333334,1,1
6.0,0,0,0,0,289.0,139.0,5.0,0.4,84.0,0,0
3.0,1,2,0,0,120.0,81.0,6.0,0.2,88.0,1,0
4.0,1,1,0,0,0.0,129.0,3.0,0.2666666666666666,87.33333333333333,1,0
12.0,3,0,0,3,60.0,81.0,21.0,0.8,50.0,1,1
0.0,1,0,1,0,150.0,28.0,4.0,0.0,96.0,1,0
10.0,3,0,1,2,0.0,42.0,19.0,0.6666666666666666,57.33333333333334,1,0
3.0,0,0,0,0,274.0,84.0,11.0,0.2,92.0,0,0
4.0,1,0,1,0,120.0,26.0,4.0,0.2666666666666666,85.33333333333333,1,0
2.0,0,0,0,0,254.0,129.0,2.0,0.1333333333333333,94.66666666666669,0,0
3.0,0,0,0,0,225.0,64.0,20.0,0.2,92.0,0,0
0.0,1,0,0,0,348.0,57.0,23.0,0.0,100.0,0,0
13.0,2,1,0,2,0.0,78.0,1.0,0.8666666666666667,51.33333333333333,1,1
9.0,4,2,0,2,30.0,103.0,17.0,0.6,60.0,1,1
5.0,1,1,0,0,120.0,95.0,13.0,0.3333333333333333,84.66666666666667,1,0
10.0,3,0,1,1,60.0,63.0,4.0,0.6666666666666666,63.33333333333334,1,1
7.0,1,1,0,0,0.0,109.0,8.0,0.4666666666666667,79.33333333333333,1,0
2.0,0,0,0,0,224.0,126.0,24.0,0.1333333333333333,94.66666666666669,0,0
5.0,0,1,0,0,30.0,77.0,4.0,0.3333333333333333,84.66666666666667,1,0
4.0,3,1,1,0,30.0,106.0,10.0,0.2666666666666666,83.33333333333333,1,0
1.0,1,1,0,0,0.0,81.0,9.0,0.0666666666666666,95.33333333333331,1,0
10.0,0,1,0,0,0.0,48.0,14.0,0.6666666666666666,71.33333333333334,1,0
11.0,3,2,1,0,30.0,42.0,7.0,0.7333333333333333,62.66666666666667,1,1
3.0,0,0,0,0,209.0,117.0,12.0,0.2,92.0,0,0
4.0,0,0,0,0,199.0,57.0,4.0,0.2666666666666666,89.33333333333333,0,0
4.0,0,0,0,0,213.0,66.0,2.0,0.2666666666666666,89.33333333333333,0,0
1.0,0,0,0,0,202.0,65.0,18.0,0.0666666666666666,97.33333333333331,0,0
11.0,4,1,1,1,30.0,80.0,21.0,0.7333333333333333,58.66666666666667,1,1
7.0,1,0,0,1,0.0,85.0,9.0,0.4666666666666667,75.33333333333333,1,1
14.0,4,1,1,2,0.0,75.0,19.0,0.9333333333333332,44.66666666666666,1,1
0.0,0,0,0,0,246.0,94.0,14.0,0.0,100.0,0,0
7.0,0,0,0,0,333.0,112.0,10.0,0.4666666666666667,81.33333333333333,0,0
3.0,2,0,0,1,150.0,70.0,15.0,0.2,86.0,1,0
4.0,3,2,0,0,60.0,60.0,21.0,0.2666666666666666,85.33333333333333,1,0
10.0,3,1,0,2,0.0,75.0,23.0,0.6666666666666666,59.33333333333334,1,1
1.0,2,2,0,0,0.0,55.0,19.0,0.0666666666666666,93.33333333333331,1,0
4.0,2,1,2,0,90.0,35.0,4.0,0.2666666666666666,79.33333333333333,1,1
1.0,0,0,0,0,329.0,126.0,13.0,0.0666666666666666,97.33333333333331,0,0
14.0,2,2,1,0,30.0,87.0,25.0,0.9333333333333332,54.66666666666666,1,1
3.0,3,0,0,2,0.0,68.0,10.0,0.2,80.0,1,1
0.0,0,0,0,0,342.0,70.0,21.0,0.0,100.0,0,0
2.0,2,1,0,0,0.0,54.0,1.0,0.1333333333333333,92.66666666666669,1,0
2.0,1,0,0,0,223.0,68.0,19.0,0.1333333333333333,94.66666666666669,0,0
10.0,3,1,1,0,30.0,105.0,2.0,0.6666666666666666,67.33333333333334,1,1
4.0,0,0,0,0,314.0,84.0,3.0,0.2666666666666666,89.33333333333333,0,0
4.0,0,0,0,0,276.0,56.0,24.0,0.2666666666666666,89.33333333333333,0,0
1.0,0,0,0,0,324.0,81.0,17.0,0.0666666666666666,97.33333333333331,0,0
1.0,0,0,0,0,250.0,105.0,6.0,0.0666666666666666,97.33333333333331,0,0
3.0,0,0,0,0,207.0,96.0,9.0,0.2,92.0,0,0
4.0,0,1,0,0,150.0,90.0,19.0,0.2666666666666666,87.33333333333333,1,0
10.0,3,1,2,1,0.0,73.0,1.0,0.6666666666666666,57.33333333333334,1,1
4.0,1,0,0,0,220.0,95.0,2.0,0.2666666666666666,89.33333333333333,0,0
12.0,1,0,0,1,150.0,99.0,4.0,0.8,62.0,1,1
0.0,0,0,0,0,219.0,115.0,7.0,0.0,100.0,0,0
0.0,1,0,0,0,342.0,68.0,4.0,0.0,100.0,0,0
7.0,0,0,0,0,265.0,82.0,7.0,0.4666666666666667,81.33333333333333,0,0
12.0,1,0,2,0,30.0,76.0,18.0,0.8,60.0,1,1
10.0,1,0,1,0,0.0,37.0,22.0,0.6666666666666666,69.33333333333334,1,1
4.0,2,2,0,0,30.0,78.0,15.0,0.2666666666666666,85.33333333333333,1,0
6.0,2,0,1,0,30.0,57.0,21.0,0.4,80.0,1,0
6.0,1,0,1,0,90.0,64.0,17.0,0.4,80.0,1,0
2.0,0,0,0,0,284.0,61.0,12.0,0.1333333333333333,94.66666666666669,0,0
10.0,5,0,0,4,60.0,49.0,10.0,0.6666666666666666,49.33333333333334,1,1
7.0,2,0,0,1,0.0,93.0,21.0,0.4666666666666667,75.33333333333333,1,1
4.0,1,0,0,0,345.0,47.0,22.0,0.2666666666666666,89.33333333333333,0,0
2.0,0,0,0,0,183.0,77.0,20.0,0.1333333333333333,94.66666666666669,0,0
6.0,0,0,0,0,196.0,117.0,1.0,0.4,84.0,0,0
7.0,2,0,1,0,120.0,108.0,16.0,0.4666666666666667,77.33333333333333,1,0
4.0,1,1,0,0,90.0,92.0,11.0,0.2666666666666666,87.33333333333333,1,0
2.0,1,0,0,0,201.0,61.0,1.0,0.1333333333333333,94.66666666666669,0,0
11.0,4,0,3,0,0.0,41.0,13.0,0.7333333333333333,58.66666666666667,1,1
0.0,1,1,1,0,30.0,69.0,20.0,0.0,94.0,1,0
0.0,0,0,0,0,322.0,136.0,12.0,0.0,100.0,0,0
13.0,3,0,0,3,0.0,88.0,1.0,0.8666666666666667,47.33333333333333,1,1
12.0,2,1,1,1,30.0,17.0,17.0,0.8,56.0,1,1
4.0,0,0,0,0,297.0,108.0,23.0,0.2666666666666666,89.33333333333333,0,0
8.0,4,0,2,2,0.0,47.0,15.0,0.5333333333333333,58.66666666666667,1,1
6.0,3,1,1,0,30.0,37.0,2.0,0.4,78.0,1,0
12.0,2,0,2,0,90.0,72.0,15.0,0.8,60.0,1,1
2.0,0,0,0,0,212.0,63.0,5.0,0.1333333333333333,94.66666666666669,0,0
1.0,1,0,1,0,0.0,52.0,11.0,0.0666666666666666,93.33333333333331,1,0
8.0,1,2,0,0,0.0,34.0,6.0,0.5333333333333333,74.66666666666667,1,1
4.0,2,0,1,0,90.0,42.0,23.0,0.2666666666666666,85.33333333333333,1,0
1.0,1,0,0,0,254.0,82.0,25.0,0.0666666666666666,97.33333333333331,0,0
6.0,2,2,1,0,0.0,60.0,25.0,0.4,76.0,1,1
7.0,0,0,0,0,269.0,110.0,3.0,0.4666666666666667,81.33333333333333,0,1
3.0,0,0,0,0,226.0,127.0,5.0,0.2,92.0,0,0
7.0,1,1,0,0,30.0,120.0,10.0,0.4666666666666667,79.33333333333333,1,0
6.0,3,0,2,0,30.0,20.0,10.0,0.4,76.0,1,1
12.0,2,0,2,0,0.0,80.0,9.0,0.8,60.0,1,1
5.0,3,1,1,0,30.0,93.0,25.0,0.3333333333333333,80.66666666666667,1,1
5.0,1,1,1,0,0.0,66.0,9.0,0.3333333333333333,80.66666666666667,1,1
6.0,5,3,1,1,0.0,46.0,24.0,0.4,68.0,1,1
3.0,0,0,0,0,294.0,71.0,20.0,0.2,92.0,0,0
4.0,1,1,0,0,60.0,80.0,21.0,0.2666666666666666,87.33333333333333,1,0
6.0,0,0,0,0,320.0,84.0,20.0,0.4,84.0,0,0
1.0,0,0,0,0,359.0,111.0,10.0,0.0666666666666666,97.33333333333331,0,0
6.0,3,3,1,0,0.0,96.0,4.0,0.4,74.0,1,1
1.0,0,0,0,0,319.0,65.0,25.0,0.0666666666666666,97.33333333333331,0,1
6.0,1,1,0,0,150.0,55.0,4.0,0.4,82.0,1,0
0.0,0,1,0,0,90.0,67.0,13.0,0.0,98.0,1,0
3.0,0,0,1,0,120.0,57.0,8.0,0.2,88.0,1,0
12.0,4,1,1,1,30.0,28.0,19.0,0.8,56.0,1,1
3.0,0,0,0,0,246.0,69.0,1.0,0.2,92.0,0,0
12.0,3,0,2,1,30.0,83.0,18.0,0.8,54.0,1,1
8.0,0,0,0,0,203.0,55.0,4.0,0.5333333333333333,78.66666666666667,0,0
6.0,2,1,0,0,30.0,107.0,13.0,0.4,82.0,1,0
6.0,0,0,1,0,30.0,34.0,10.0,0.4,80.0,1,0
7.0,0,0,0,0,223.0,78.0,25.0,0.4666666666666667,81.33333333333333,0,0
5.0,1,2,0,0,30.0,50.0,24.0,0.3333333333333333,82.66666666666667,1,0
0.0,0,0,0,0,229.0,88.0,19.0,0.0,100.0,0,0
3.0,0,0,0,0,331.0,71.0,6.0,0.2,92.0,0,0
2.0,0,0,0,0,206.0,130.0,1.0,0.1333333333333333,94.66666666666669,0,0
12.0,0,1,0,0,0.0,50.0,14.0,0.8,66.0,1,0
6.0,1,0,0,0,252.0,77.0,6.0,0.4,84.0,0,0
3.0,0,0,0,0,238.0,89.0,12.0,0.2,92.0,0,0
1.0,0,0,0,0,355.0,130.0,12.0,0.0666666666666666,97.33333333333331,0,1
6.0,0,0,0,0,312.0,84.0,7.0,0.4,84.0,0,0
12.0,3,2,1,0,30.0,56.0,22.0,0.8,60.0,1,1
2.0,0,0,0,0,234.0,79.0,13.0,0.1333333333333333,94.66666666666669,0,0
5.0,2,1,0,0,90.0,29.0,20.0,0.3333333333333333,84.66666666666667,1,0
8.0,2,1,0,0,0.0,83.0,22.0,0.5333333333333333,76.66666666666667,1,0
1.0,1,0,0,0,240.0,51.0,15.0,0.0666666666666666,97.33333333333331,0,0
4.0,2,1,0,0,150.0,42.0,1.0,0.2666666666666666,87.33333333333333,1,0
0.0,0,0,0,0,337.0,75.0,24.0,0.0,100.0,0,0
1.0,0,0,0,0,280.0,137.0,6.0,0.0666666666666666,97.33333333333331,0,0
8.0,0,0,0,0,200.0,78.0,16.0,0.5333333333333333,78.66666666666667,0,0
3.0,0,0,0,0,276.0,76.0,24.0,0.2,92.0,0,0
12.0,3,0,1,2,30.0,28.0,15.0,0.8,52.0,1,1
4.0,0,0,0,0,323.0,79.0,2.0,0.2666666666666666,89.33333333333333,0,0
3.0,0,0,0,0,354.0,101.0,19.0,0.2,92.0,0,0
11.0,4,1,2,1,30.0,49.0,3.0,0.7333333333333333,54.66666666666667,1,1
0.0,0,0,0,0,323.0,112.0,22.0,0.0,100.0,0,0
13.0,2,1,1,1,30.0,33.0,7.0,0.8666666666666667,53.33333333333333,1,1
9.0,1,1,0,0,120.0,95.0,21.0,0.6,74.0,1,0
6.0,3,0,1,1,0.0,76.0,14.0,0.4,74.0,1,1
8.0,0,0,0,0,253.0,112.0,12.0,0.5333333333333333,78.66666666666667,0,0
8.0,2,0,1,0,30.0,80.0,24.0,0.5333333333333333,74.66666666666667,1,0
4.0,0,1,0,0,60.0,126.0,8.0,0.2666666666666666,87.33333333333333,1,0
3.0,1,1,0,0,120.0,89.0,10.0,0.2,90.0,1,0
8.0,0,0,0,1,0.0,94.0,17.0,0.5333333333333333,72.66666666666667,1,0
4.0,1,0,0,0,310.0,81.0,16.0,0.2666666666666666,89.33333333333333,0,0
6.0,1,0,2,0,30.0,109.0,11.0,0.4,76.0,1,1
5.0,0,0,0,0,266.0,82.0,8.0,0.3333333333333333,86.66666666666667,0,0
10.0,2,0,1,1,30.0,25.0,18.0,0.6666666666666666,63.33333333333334,1,1
3.0,1,1,0,0,150.0,39.0,25.0,0.2,90.0,1,0
2.0,1,0,0,0,262.0,90.0,4.0,0.1333333333333333,94.66666666666669,0,0
4.0,0,0,0,0,265.0,109.0,21.0,0.2666666666666666,89.33333333333333,0,0
6.0,0,0,0,0,331.0,137.0,25.0,0.4,84.0,0,0
1.0,0,0,0,0,245.0,128.0,17.0,0.0666666666666666,97.33333333333331,0,0
6.0,3,1,1,1,30.0,25.0,2.0,0.4,72.0,1,1
0.0,0,0,0,0,191.0,117.0,10.0,0.0,100.0,0,0
13.0,3,1,0,2,60.0,64.0,7.0,0.8666666666666667,51.33333333333333,1,1
3.0,1,0,1,0,0.0,103.0,12.0,0.2,88.0,1,0
5.0,0,0,0,0,286.0,134.0,3.0,0.3333333333333333,86.66666666666667,0,0
4.0,0,0,0,0,231.0,72.0,7.0,0.2666666666666666,89.33333333333333,0,0
12.0,2,3,0,0,30.0,79.0,8.0,0.8,62.0,1,1
1.0,0,0,0,0,302.0,64.0,10.0,0.0666666666666666,97.33333333333331,0,0
0.0,1,0,0,0,250.0,140.0,25.0,0.0,100.0,0,0
7.0,1,0,1,0,60.0,123.0,18.0,0.4666666666666667,77.33333333333333,1,0
11.0,1,0,1,0,150.0,31.0,19.0,0.7333333333333333,66.66666666666667,1,1
1.0,0,0,0,0,243.0,124.0,9.0,0.0666666666666666,97.33333333333331,0,0
1.0,0,0,0,0,233.0,73.0,25.0,0.0666666666666666,97.33333333333331,0,0
3.0,1,0,1,0,150.0,117.0,22.0,0.2,88.0,1,0
3.0,2,0,1,0,120.0,63.0,6.0,0.2,88.0,1,0
11.0,3,1,2,0,0.0,73.0,24.0,0.7333333333333333,60.66666666666667,1,1
4.0,2,1,0,1,30.0,89.0,18.0,0.2666666666666666,81.33333333333333,1,1
13.0,3,1,0,2,60.0,91.0,24.0,0.8666666666666667,51.33333333333333,1,1
1.0,0,0,0,0,250.0,104.0,4.0,0.0666666666666666,97.33333333333331,0,0
12.0,2,2,1,0,0.0,93.0,3.0,0.8,60.0,1,1
3.0,0,0,0,0,208.0,65.0,18.0,0.2,92.0,0,0
5.0,0,0,0,0,224.0,96.0,15.0,0.3333333333333333,86.66666666666667,0,0
3.0,0,0,0,0,238.0,50.0,10.0,0.2,92.0,0,0
11.0,3,2,2,0,0.0,89.0,9.0,0.7333333333333333,58.66666666666667,1,1
5.0,0,0,0,0,231.0,84.0,15.0,0.3333333333333333,86.66666666666667,0,0
3.0,0,0,0,0,240.0,119.0,2.0,0.2,92.0,0,0
8.0,0,0,0,0,337.0,64.0,9.0,0.5333333333333333,78.66666666666667,0,0
7.0,4,1,2,0,30.0,30.0,12.0,0.4666666666666667,71.33333333333333,1,1
4.0,2,1,0,1,30.0,105.0,6.0,0.2666666666666666,81.33333333333333,1,1
12.0,4,0,1,2,30.0,28.0,9.0,0.8,52.0,1,1
4.0,1,1,0,0,30.0,62.0,16.0,0.2666666666666666,87.33333333333333,1,0
3.0,1,0,0,0,280.0,97.0,13.0,0.2,92.0,0,0
1.0,1,0,0,0,315.0,84.0,2.0,0.0666666666666666,97.33333333333331,0,0
4.0,1,0,1,0,120.0,49.0,13.0,0.2666666666666666,85.33333333333333,1,1
3.0,0,0,0,0,195.0,82.0,20.0,0.2,92.0,0,0
0.0,2,0,1,0,30.0,86.0,2.0,0.0,96.0,1,0
3.0,0,0,0,0,308.0,112.0,13.0,0.2,92.0,0,0
8.0,0,1,0,0,0.0,42.0,20.0,0.5333333333333333,76.66666666666667,1,0
1.0,1,0,1,0,60.0,102.0,16.0,0.0666666666666666,93.33333333333331,1,0
5.0,0,0,0,0,188.0,47.0,23.0,0.3333333333333333,86.66666666666667,0,0
3.0,0,0,0,0,237.0,92.0,4.0,0.2,92.0,0,0
4.0,1,1,1,0,0.0,43.0,17.0,0.2666666666666666,83.33333333333333,1,0
1.0,0,0,0,0,255.0,70.0,21.0,0.0666666666666666,97.33333333333331,0,0
3.0,1,0,1,0,120.0,25.0,3.0,0.2,88.0,1,0
4.0,0,1,0,0,150.0,98.0,8.0,0.2666666666666666,87.33333333333333,1,0
12.0,2,1,0,1,30.0,61.0,18.0,0.8,60.0,1,1
11.0,1,0,0,1,90.0,79.0,17.0,0.7333333333333333,64.66666666666667,1,1
0.0,0,1,0,0,60.0,75.0,12.0,0.0,98.0,1,0
5.0,0,0,0,0,206.0,115.0,12.0,0.3333333333333333,86.66666666666667,0,0
2.0,1,0,0,0,349.0,117.0,9.0,0.1333333333333333,94.66666666666669,0,0
3.0,0,0,0,0,315.0,98.0,7.0,0.2,92.0,0,0
6.0,0,1,0,0,30.0,51.0,12.0,0.4,82.0,1,0
7.0,4,2,0,1,0.0,52.0,2.0,0.4666666666666667,71.33333333333333,1,1
9.0,4,1,2,0,0.0,19.0,8.0,0.6,66.0,1,1
5.0,1,1,0,0,120.0,84.0,19.0,0.3333333333333333,84.66666666666667,1,0
7.0,1,0,0,0,328.0,139.0,15.0,0.4666666666666667,81.33333333333333,0,0
3.0,0,0,0,0,321.0,67.0,13.0,0.2,92.0,0,0
2.0,0,0,0,0,330.0,91.0,7.0,0.1333333333333333,94.66666666666669,0,0
7.0,3,0,3,1,30.0,56.0,10.0,0.4666666666666667,63.33333333333333,1,1
3.0,0,0,1,0,0.0,89.0,17.0,0.2,88.0,1,0
1.0,1,1,0,0,150.0,77.0,2.0,0.0666666666666666,95.33333333333331,1,0
5.0,2,0,0,1,150.0,115.0,21.0,0.3333333333333333,80.66666666666667,1,0
4.0,4,0,1,2,60.0,86.0,14.0,0.2666666666666666,73.33333333333333,1,1
0.0,2,1,0,0,120.0,34.0,16.0,0.0,98.0,1,0
14.0,3,1,2,0,0.0,26.0,23.0,0.9333333333333332,52.66666666666666,1,1
8.0,3,1,1,0,0.0,52.0,6.0,0.5333333333333333,72.66666666666667,1,1
7.0,2,3,0,0,30.0,100.0,23.0,0.4666666666666667,75.33333333333333,1,1
2.0,1,0,0,0,304.0,109.0,17.0,0.1333333333333333,94.66666666666669,0,0
2.0,0,1,0,0,0.0,64.0,20.0,0.1333333333333333,92.66666666666669,1,0
7.0,3,0,2,0,60.0,94.0,8.0,0.4666666666666667,73.33333333333333,1,1
10.0,3,1,2,0,30.0,96.0,25.0,0.6666666666666666,63.33333333333334,1,1
8.0,4,2,2,0,0.0,16.0,17.0,0.5333333333333333,66.66666666666667,1,1
4.0,1,0,0,0,224.0,66.0,15.0,0.2666666666666666,89.33333333333333,0,0
0.0,0,0,0,0,288.0,138.0,12.0,0.0,100.0,0,0
5.0,1,0,0,0,334.0,92.0,21.0,0.3333333333333333,86.66666666666667,0,0
6.0,2,0,1,0,0.0,115.0,18.0,0.4,80.0,1,0
10.0,1,0,0,2,90.0,34.0,23.0,0.6666666666666666,61.33333333333334,1,1
2.0,1,1,0,0,145.0,300.0,3.0,0.17,86.33,0,0
8.0,0,0,0,0,184.0,108.0,11.0,0.5333333333333333,78.66666666666667,0,0
4.0,1,1,0,0,30.0,42.0,22.0,0.2666666666666666,87.33333333333333,1,0
1.0,0,0,0,0,230.0,76.0,15.0,0.0666666666666666,97.33333333333331,0,0
4.0,0,0,0,0,353.0,66.0,25.0,0.2666666666666666,89.33333333333333,0,0
10.0,2,1,1,0,30.0,114.0,22.0,0.6666666666666666,67.33333333333334,1,1
2.0,1,0,1,0,90.0,43.0,3.0,0.1333333333333333,90.66666666666669,1,0
0.0,0,0,0,0,294.0,67.0,1.0,0.0,100.0,0,0
13.0,0,1,0,0,0.0,78.0,3.0,0.8666666666666667,63.33333333333333,1,1
2.0,1,0,0,0,216.0,60.0,13.0,0.1333333333333333,94.66666666666669,0,0
3.0,0,0,0,0,289.0,53.0,5.0,0.2,92.0,0,0
0.0,0,0,0,0,294.0,134.0,16.0,0.0,100.0,0,0
0.0,0,0,0,0,274.0,95.0,8.0,0.0,100.0,0,0
3.0,0,0,0,0,228.0,56.0,13.0,0.2,92.0,0,0
1.0,0,1,0,0,60.0,104.0,14.0,0.0666666666666666,95.33333333333331,1,0
0.0,0,0,0,0,191.0,78.0,7.0,0.0,100.0,0,0
1.0,0,0,0,0,207.0,98.0,21.0,0.0666666666666666,97.33333333333331,0,0
8.0,2,1,0,1,0.0,33.0,5.0,0.5333333333333333,70.66666666666667,1,1
4.0,0,0,0,0,235.0,117.0,9.0,0.2666666666666666,89.33333333333333,0,0
0.0,1,0,0,0,212.0,89.0,11.0,0.0,100.0,0,0
6.0,2,0,1,0,0.0,116.0,11.0,0.4,80.0,1,0
1.0,0,0,0,0,297.0,56.0,24.0,0.0666666666666666,97.33333333333331,0,0
12.0,4,1,3,0,30.0,86.0,11.0,0.8,54.0,1,1
7.0,0,1,0,0,0.0,117.0,16.0,0.4666666666666667,79.33333333333333,1,0
2.0,0,0,0,0,246.0,67.0,15.0,0.1333333333333333,94.66666666666669,0,0
4.0,2,0,1,0,30.0,120.0,6.0,0.2666666666666666,85.33333333333333,1,0
10.0,3,1,1,0,60.0,80.0,23.0,0.6666666666666666,67.33333333333334,1,1
4.0,0,0,0,0,192.0,49.0,8.0,0.2666666666666666,89.33333333333333,0,0
14.0,1,0,1,0,60.0,45.0,14.0,0.9333333333333332,58.66666666666666,1,1
4.0,0,0,0,0,277.0,128.0,12.0,0.2666666666666666,89.33333333333333,0,0
4.0,0,1,0,0,150.0,77.0,1.0,0.2666666666666666,87.33333333333333,1,0
11.0,3,1,2,0,0.0,69.0,14.0,0.7333333333333333,60.66666666666667,1,1
7.0,3,0,2,1,0.0,95.0,25.0,0.4666666666666667,67.33333333333333,1,1
11.0,1,0,0,0,239.0,115.0,10.0,0.7333333333333333,70.66666666666667,0,0
8.0,1,1,0,0,150.0,85.0,4.0,0.5333333333333333,76.66666666666667,1,0
1.0,0,0,0,0,344.0,49.0,9.0,0.0666666666666666,97.33333333333331,0,0
3.0,0,0,0,0,248.0,77.0,14.0,0.2,92.0,0,0
2.0,0,0,0,0,327.0,97.0,4.0,0.1333333333333333,94.66666666666669,0,0
6.0,1,0,1,0,0.0,62.0,1.0,0.4,80.0,1,0
0.0,0,0,0,0,356.0,131.0,5.0,0.0,100.0,0,0
12.0,2,1,1,0,30.0,87.0,2.0,0.8,62.0,1,1
9.0,0,0,1,0,0.0,65.0,13.0,0.6,72.0,1,1
2.0,1,0,1,0,90.0,84.0,12.0,0.1333333333333333,90.66666666666669,1,0
2.0,0,0,0,0,337.0,130.0,1.0,0.1333333333333333,94.66666666666669,0,0
8.0,2,1,1,0,60.0,38.0,1.0,0.5333333333333333,72.66666666666667,1,1
2.0,2,1,0,0,30.0,103.0,19.0,0.1333333333333333,92.66666666666669,1,0
7.0,0,0,0,0,292.0,91.0,4.0,0.4666666666666667,81.33333333333333,0,0
12.0,4,0,2,2,0.0,84.0,5.0,0.8,48.0,1,1
14.0,4,2,1,1,0.0,13.0,12.0,0.9333333333333332,48.66666666666666,1,1
4.0,0,0,0,0,212.0,135.0,22.0,0.2666666666666666,89.33333333333333,0,0
1.0,2,1,0,0,0.0,109.0,5.0,0.0666666666666666,95.33333333333331,1,0
6.0,2,1,1,0,0.0,61.0,7.0,0.4,78.0,1,1
8.0,1,1,0,0,60.0,40.0,6.0,0.5333333333333333,76.66666666666667,1,0
9.0,2,2,1,0,60.0,66.0,25.0,0.6,68.0,1,1
13.0,3,0,0,2,0.0,82.0,6.0,0.8666666666666667,53.33333333333333,1,1
4.0,1,0,0,0,336.0,67.0,6.0,0.2666666666666666,89.33333333333333,0,0
10.0,5,0,1,3,0.0,99.0,15.0,0.6666666666666666,51.33333333333334,1,1
13.0,1,0,0,1,90.0,74.0,22.0,0.8666666666666667,59.33333333333333,1,1
6.0,1,1,0,0,0.0,83.0,17.0,0.4,82.0,1,0
12.0,2,1,0,0,0.0,115.0,17.0,0.8,66.0,1,0
5.0,0,1,0,0,60.0,120.0,23.0,0.3333333333333333,84.66666666666667,1,0
1.0,0,1,0,0,0.0,76.0,23.0,0.0666666666666666,95.33333333333331,1,0
0.0,1,1,0,0,60.0,98.0,18.0,0.0,98.0,1,0
3.0,0,0,0,0,242.0,119.0,7.0,0.2,92.0,0,0
12.0,5,0,4,1,0.0,55.0,11.0,0.8,46.0,1,1
0.0,1,1,0,0,90.0,34.0,20.0,0.0,98.0,1,0
0.0,2,1,0,0,120.0,57.0,20.0,0.0,98.0,1,0
2.0,0,0,0,0,257.0,55.0,16.0,0.1333333333333333,94.66666666666669,0,0
0.0,1,0,0,0,236.0,61.0,4.0,0.0,100.0,0,0
7.0,2,0,0,1,90.0,77.0,3.0,0.4666666666666667,75.33333333333333,1,0
3.0,0,0,0,0,357.0,72.0,10.0,0.2,92.0,0,0
1.0,0,0,0,0,267.0,81.0,2.0,0.0666666666666666,97.33333333333331,0,0
0.0,0,0,0,0,246.0,54.0,5.0,0.0,100.0,0,0
7.0,4,1,2,0,0.0,47.0,8.0,0.4666666666666667,71.33333333333333,1,1
0.0,1,1,0,0,30.0,61.0,2.0,0.0,98.0,1,0
6.0,1,1,0,0,120.0,41.0,10.0,0.4,82.0,1,0
7.0,1,0,1,0,150.0,49.0,24.0,0.4666666666666667,77.33333333333333,1,0
11.0,2,1,0,1,30.0,56.0,24.0,0.7333333333333333,62.66666666666667,1,1
12.0,3,1,1,1,90.0,26.0,14.0,0.8,56.0,1,1
1.0,1,1,0,0,90.0,50.0,5.0,0.0666666666666666,95.33333333333331,1,0
2.0,0,0,0,0,186.0,90.0,19.0,0.1333333333333333,94.66666666666669,0,0
8.0,3,0,1,2,60.0,104.0,23.0,0.5333333333333333,62.66666666666667,1,1
4.0,3,3,0,0,0.0,104.0,24.0,0.2666666666666666,83.33333333333333,1,0
11.0,2,1,1,0,30.0,79.0,19.0,0.7333333333333333,64.66666666666667,1,1
1.0,0,0,0,0,287.0,66.0,6.0,0.0666666666666666,97.33333333333331,0,0
10.0,3,1,1,1,30.0,105.0,2.0,0.6666666666666666,61.33333333333334,1,1
12.0,2,1,0,0,90.0,67.0,3.0,0.8,66.0,1,1
8.0,1,1,0,0,60.0,50.0,4.0,0.5333333333333333,76.66666666666667,1,0
1.0,1,1,0,0,60.0,63.0,3.0,0.0666666666666666,95.33333333333331,1,0
10.0,3,1,0,2,0.0,71.0,17.0,0.6666666666666666,59.33333333333334,1,1
4.0,0,0,0,0,345.0,135.0,15.0,0.2666666666666666,89.33333333333333,0,0
2.0,0,0,0,0,317.0,70.0,23.0,0.1333333333333333,94.66666666666669,0,0
3.0,1,0,0,0,277.0,116.0,15.0,0.2,92.0,0,1
12.0,1,0,1,1,60.0,49.0,20.0,0.8,58.0,1,1
4.0,1,1,0,0,30.0,107.0,12.0,0.2666666666666666,87.33333333333333,1,0
7.0,3,0,0,2,30.0,68.0,12.0,0.4666666666666667,69.33333333333333,1,1
0.0,0,0,0,0,246.0,120.0,15.0,0.0,100.0,0,0
9.0,1,0,1,0,120.0,94.0,8.0,0.6,72.0,1,0
9.0,1,1,0,0,60.0,69.0,5.0,0.6,74.0,1,0
12.0,4,2,0,2,0.0,29.0,25.0,0.8,52.0,1,1
7.0,1,0,1,0,60.0,68.0,17.0,0.4666666666666667,77.33333333333333,1,0
7.0,1,1,0,0,0.0,80.0,18.0,0.4666666666666667,79.33333333333333,1,0
1.0,0,0,0,0,285.0,94.0,22.0,0.0666666666666666,97.33333333333331,0,0
8.0,2,1,0,2,60.0,85.0,11.0,0.5333333333333333,64.66666666666667,1,1
5.0,0,0,1,0,60.0,71.0,19.0,0.3333333333333333,82.66666666666667,1,0
1.0,2,1,0,0,60.0,86.0,9.0,0.0666666666666666,95.33333333333331,1,0
4.0,3,2,0,0,30.0,123.0,20.0,0.2666666666666666,85.33333333333333,1,0
7.0,2,0,1,2,0.0,70.0,7.0,0.4666666666666667,65.33333333333333,1,1
4.0,0,1,0,0,150.0,29.0,21.0,0.2666666666666666,87.33333333333333,1,0
10.0,3,1,1,2,0.0,29.0,16.0,0.6666666666666666,55.33333333333334,1,1
2.0,0,0,0,0,272.0,138.0,7.0,0.1333333333333333,94.66666666666669,0,0
1.0,0,0,0,0,319.0,55.0,2.0,0.0666666666666666,97.33333333333331,0,0
4.0,0,0,0,0,304.0,119.0,10.0,0.2666666666666666,89.33333333333333,0,0
7.0,3,1,0,2,0.0,94.0,2.0,0.4666666666666667,67.33333333333333,1,1
4.0,0,0,0,0,345.0,134.0,21.0,0.2666666666666666,89.33333333333333,0,0
2.0,0,0,0,0,245.0,110.0,24.0,0.1333333333333333,94.66666666666669,0,0
7.0,5,2,1,1,0.0,16.0,3.0,0.4666666666666667,67.33333333333333,1,1
2.0,1,0,0,0,271.0,124.0,22.0,0.1333333333333333,94.66666666666669,0,0
10.0,2,0,1,0,90.0,27.0,6.0,0.6666666666666666,69.33333333333334,1,1
2.0,0,0,0,0,297.0,76.0,9.0,0.1333333333333333,94.66666666666669,0,0
10.0,3,0,1,1,60.0,108.0,9.0,0.6666666666666666,63.33333333333334,1,1
10.0,2,2,1,0,90.0,18.0,8.0,0.6666666666666666,65.33333333333334,1,1
1.0,1,1,0,0,150.0,74.0,4.0,0.0666666666666666,95.33333333333331,1,0
10.0,2,2,0,0,30.0,86.0,23.0,0.6666666666666666,69.33333333333334,1,1
4.0,0,0,0,0,252.0,114.0,23.0,0.2666666666666666,89.33333333333333,0,0
6.0,2,2,0,1,30.0,40.0,7.0,0.4,74.0,1,1
8.0,2,2,1,0,0.0,69.0,7.0,0.5333333333333333,70.66666666666667,1,1
1.0,0,1,0,0,60.0,56.0,8.0,0.0666666666666666,95.33333333333331,1,0
2.0,1,1,0,0,150.0,48.0,24.0,0.1333333333333333,92.66666666666669,1,0
1.0,0,0,0,0,249.0,110.0,9.0,0.0666666666666666,97.33333333333331,0,1
1.0,0,0,0,0,315.0,118.0,15.0,0.0666666666666666,97.33333333333331,0,0
3.0,0,1,0,0,30.0,119.0,8.0,0.2,90.0,1,0
10.0,2,2,0,1,0.0,45.0,21.0,0.6666666666666666,63.33333333333334,1,1
0.0,1,0,0,0,259.0,129.0,21.0,0.0,100.0,0,0
8.0,2,1,0,1,90.0,74.0,22.0,0.5333333333333333,70.66666666666667,1,1
11.0,4,1,1,1,90.0,90.0,8.0,0.7333333333333333,58.66666666666667,1,1
1.0,1,2,0,0,120.0,92.0,12.0,0.0666666666666666,93.33333333333331,1,0
6.0,3,1,1,0,60.0,64.0,6.0,0.4,78.0,1,1
3.0,0,0,0,0,237.0,100.0,22.0,0.2,92.0,0,0
13.0,1,0,1,0,150.0,52.0,20.0,0.8666666666666667,61.33333333333333,1,1
1.0,1,0,0,0,327.0,53.0,6.0,0.0666666666666666,97.33333333333331,0,0
0.0,0,0,0,0,233.0,45.0,17.0,0.0,100.0,0,0
6.0,1,2,0,0,90.0,108.0,14.0,0.4,80.0,1,0
0.0,2,1,0,0,60.0,45.0,20.0,0.0,98.0,1,0
3.0,0,0,0,0,228.0,48.0,15.0,0.2,92.0,0,0
5.0,0,0,0,0,282.0,84.0,13.0,0.3333333333333333,86.66666666666667,0,0
8.0,2,1,1,1,30.0,69.0,8.0,0.5333333333333333,66.66666666666667,1,1
11.0,2,1,1,0,90.0,45.0,15.0,0.7333333333333333,64.66666666666667,1,1
4.0,0,0,0,0,297.0,143.0,18.0,0.2666666666666666,89.33333333333333,0,0
3.0,2,1,0,0,0.0,113.0,17.0,0.2,90.0,1,0
4.0,1,0,0,0,194.0,98.0,12.0,0.2666666666666666,89.33333333333333,0,0
14.0,3,0,1,2,0.0,64.0,17.0,0.9333333333333332,46.66666666666666,1,1
3.0,3,1,2,0,90.0,80.0,4.0,0.2,82.0,1,1
7.0,0,0,0,1,0.0,62.0,11.0,0.4666666666666667,75.33333333333333,1,1
1.0,0,0,0,0,271.0,69.0,14.0,0.0666666666666666,97.33333333333331,0,0
2.0,0,0,0,0,323.0,111.0,12.0,0.1333333333333333,94.66666666666669,0,0
5.0,2,1,0,0,90.0,57.0,5.0,0.3333333333333333,84.66666666666667,1,1
2.0,2,1,0,0,90.0,68.0,4.0,0.1333333333333333,92.66666666666669,1,0
7.0,1,1,0,0,90.0,31.0,17.0,0.4666666666666667,79.33333333333333,1,0
7.0,1,1,0,0,30.0,108.0,17.0,0.4666666666666667,79.33333333333333,1,0
6.0,6,1,2,2,0.0,80.0,1.0,0.4,62.0,1,1
3.0,0,0,0,0,199.0,84.0,24.0,0.2,92.0,0,0
3.0,0,0,0,0,267.0,103.0,19.0,0.2,92.0,0,0
1.0,0,1,0,0,30.0,41.0,11.0,0.0666666666666666,95.33333333333331,1,0
4.0,1,1,0,0,120.0,112.0,10.0,0.2666666666666666,87.33333333333333,1,0
10.0,3,1,1,0,0.0,95.0,18.0,0.6666666666666666,67.33333333333334,1,1
3.0,0,0,0,0,360.0,96.0,11.0,0.2,92.0,0,0
2.0,0,0,0,0,288.0,136.0,3.0,0.1333333333333333,94.66666666666669,0,0
3.0,0,0,0,0,270.0,59.0,8.0,0.2,92.0,0,0
8.0,2,1,1,1,0.0,75.0,21.0,0.5333333333333333,66.66666666666667,1,1
4.0,0,0,0,0,319.0,104.0,3.0,0.2666666666666666,89.33333333333333,0,0
4.0,0,0,0,0,348.0,52.0,16.0,0.2666666666666666,89.33333333333333,0,0
3.0,0,0,0,0,183.0,59.0,21.0,0.2,92.0,0,0
10.0,1,0,1,0,60.0,101.0,20.0,0.6666666666666666,69.33333333333334,1,0
4.0,0,0,0,0,242.0,132.0,3.0,0.2666666666666666,89.33333333333333,0,0
1.0,1,1,0,0,90.0,81.0,9.0,0.0666666666666666,95.33333333333331,1,0
14.0,3,1,1,1,60.0,76.0,17.0,0.9333333333333332,50.66666666666666,1,1
4.0,2,1,1,0,90.0,74.0,9.0,0.2666666666666666,83.33333333333333,1,0
6.0,0,0,1,0,0.0,112.0,19.0,0.4,80.0,1,0
12.0,1,0,0,2,60.0,26.0,10.0,0.8,56.0,1,1
8.0,0,1,0,0,90.0,98.0,21.0,0.5333333333333333,76.66666666666667,1,0
6.0,1,0,1,0,0.0,128.0,3.0,0.4,80.0,1,0
7.0,3,0,4,0,30.0,37.0,5.0,0.4666666666666667,65.33333333333333,1,1
0.0,0,0,0,0,227.0,82.0,10.0,0.0,100.0,0,0
2.0,0,0,0,0,289.0,58.0,23.0,0.1333333333333333,94.66666666666669,0,0
7.0,0,0,0,0,221.0,94.0,14.0,0.4666666666666667,81.33333333333333,0,0
10.0,5,0,3,1,0.0,92.0,22.0,0.6666666666666666,55.33333333333334,1,1
12.0,2,1,1,0,30.0,78.0,21.0,0.8,62.0,1,1
2.0,2,1,0,0,0.0,102.0,11.0,0.1333333333333333,92.66666666666669,1,0
0.0,0,1,0,0,150.0,81.0,14.0,0.0,98.0,1,0
4.0,0,0,0,0,314.0,129.0,6.0,0.2666666666666666,89.33333333333333,0,0
7.0,1,1,0,0,90.0,104.0,20.0,0.4666666666666667,79.33333333333333,1,0
3.0,0,0,0,0,250.0,56.0,1.0,0.2,92.0,0,0
8.0,1,1,0,1,0.0,41.0,11.0,0.5333333333333333,70.66666666666667,1,1
6.0,2,1,1,0,90.0,104.0,20.0,0.4,78.0,1,0
5.0,0,0,0,0,229.0,125.0,24.0,0.3333333333333333,86.66666666666667,0,0
7.0,1,0,1,0,0.0,50.0,25.0,0.4666666666666667,77.33333333333333,1,0
7.0,2,2,0,0,30.0,87.0,7.0,0.4666666666666667,77.33333333333333,1,0
7.0,0,0,0,0,201.0,55.0,2.0,0.4666666666666667,81.33333333333333,0,0
4.0,0,0,0,0,191.0,66.0,1.0,0.2666666666666666,89.33333333333333,0,0
3.0,1,0,0,0,296.0,137.0,2.0,0.2,92.0,0,0
2.0,0,0,0,0,202.0,51.0,10.0,0.1333333333333333,94.66666666666669,0,0
7.0,3,2,1,0,0.0,70.0,9.0,0.4666666666666667,73.33333333333333,1,1
7.0,3,2,0,1,30.0,102.0,18.0,0.4666666666666667,71.33333333333333,1,1
3.0,0,0,0,0,252.0,106.0,22.0,0.2,92.0,0,0
8.0,4,3,0,0,30.0,18.0,16.0,0.5333333333333333,72.66666666666667,1,1
8.0,0,0,0,0,276.0,104.0,5.0,0.5333333333333333,78.66666666666667,0,0
10.0,3,1,1,2,0.0,88.0,13.0,0.6666666666666666,55.33333333333334,1,1
3.0,1,2,0,0,30.0,92.0,20.0,0.2,88.0,1,0
2.0,0,1,0,0,30.0,56.0,11.0,0.1333333333333333,92.66666666666669,1,0
12.0,1,2,0,0,30.0,105.0,19.0,0.8,64.0,1,1
10.0,3,3,0,0,0.0,18.0,2.0,0.6666666666666666,67.33333333333334,1,1
1.0,0,0,0,0,201.0,70.0,2.0,0.0666666666666666,97.33333333333331,0,0
0.0,1,0,0,0,358.0,72.0,7.0,0.0,100.0,0,0
0.0,0,0,0,0,336.0,68.0,15.0,0.0,100.0,0,0
9.0,5,2,2,0,0.0,67.0,21.0,0.6,64.0,1,0
11.0,5,1,2,2,0.0,74.0,16.0,0.7333333333333333,48.66666666666667,1,1
12.0,1,0,0,2,120.0,56.0,4.0,0.8,56.0,1,1
4.0,0,0,0,0,348.0,60.0,2.0,0.2666666666666666,89.33333333333333,0,0
10.0,1,1,0,1,0.0,104.0,2.0,0.6666666666666666,65.33333333333334,1,1
2.0,0,0,0,0,338.0,64.0,20.0,0.1333333333333333,94.66666666666669,0,0
4.0,2,0,1,0,60.0,90.0,22.0,0.2666666666666666,85.33333333333333,1,0
7.0,0,0,1,0,30.0,105.0,5.0,0.4666666666666667,77.33333333333333,1,0
13.0,1,0,1,1,30.0,57.0,1.0,0.8666666666666667,55.33333333333333,1,1
8.0,3,1,3,0,0.0,15.0,22.0,0.5333333333333333,64.66666666666667,1,1
5.0,0,1,0,0,150.0,45.0,7.0,0.3333333333333333,84.66666666666667,1,0
6.0,1,0,0,0,284.0,134.0,9.0,0.4,84.0,0,0
10.0,4,1,2,1,0.0,87.0,4.0,0.6666666666666666,57.33333333333334,1,1
12.0,3,0,1,3,0.0,17.0,21.0,0.8,46.0,1,1
7.0,1,1,0,0,30.0,44.0,24.0,0.4666666666666667,79.33333333333333,1,0
3.0,1,0,0,0,275.0,87.0,5.0,0.2,92.0,0,0
10.0,2,1,1,0,60.0,99.0,6.0,0.6666666666666666,67.33333333333334,1,1
7.0,2,0,0,3,0.0,30.0,13.0,0.4666666666666667,63.33333333333333,1,1
6.0,0,1,0,0,150.0,113.0,17.0,0.4,82.0,1,0
11.0,4,1,0,2,60.0,20.0,7.0,0.7333333333333333,56.66666666666667,1,1
3.0,0,1,0,0,150.0,38.0,11.0,0.2,90.0,1,0
10.0,2,2,1,0,0.0,30.0,19.0,0.6666666666666666,65.33333333333334,1,1
10.0,4,2,0,2,30.0,69.0,5.0,0.6666666666666666,57.33333333333334,1,1
11.0,3,0,2,0,60.0,44.0,1.0,0.7333333333333333,62.66666666666667,1,1
3.0,0,0,0,0,294.0,123.0,13.0,0.2,92.0,0,0
5.0,1,0,0,0,265.0,93.0,22.0,0.3333333333333333,86.66666666666667,0,0
0.0,0,0,0,0,352.0,136.0,7.0,0.0,100.0,0,0
8.0,1,1,0,0,0.0,60.0,11.0,0.5333333333333333,76.66666666666667,1,0
7.0,1,2,0,0,90.0,84.0,14.0,0.4666666666666667,77.33333333333333,1,0
1.0,1,1,0,0,150.0,85.0,9.0,0.0666666666666666,95.33333333333331,1,0
6.0,1,0,1,0,120.0,79.0,10.0,0.4,80.0,1,0
7.0,4,0,3,1,0.0,49.0,4.0,0.4666666666666667,63.33333333333333,1,1
8.0,0,0,0,0,180.0,122.0,16.0,0.5333333333333333,78.66666666666667,0,0
13.0,4,0,1,2,60.0,84.0,10.0,0.8666666666666667,49.33333333333333,1,1
2.0,0,0,0,0,226.0,49.0,2.0,0.1333333333333333,94.66666666666669,0,0
3.0,0,0,0,0,181.0,117.0,23.0,0.2,92.0,0,0
10.0,2,0,2,1,90.0,93.0,14.0,0.6666666666666666,59.33333333333334,1,1
9.0,3,1,3,0,0.0,88.0,10.0,0.6,62.0,1,1
14.0,2,1,0,2,30.0,24.0,12.0,0.9333333333333332,48.66666666666666,1,1
7.0,3,2,0,0,90.0,70.0,14.0,0.4666666666666667,77.33333333333333,1,1
2.0,1,0,0,0,231.0,105.0,19.0,0.1333333333333333,94.66666666666669,0,0
13.0,4,1,1,2,0.0,82.0,7.0,0.8666666666666667,47.33333333333333,1,1
3.0,1,0,0,1,150.0,84.0,18.0,0.2,86.0,1,0
12.0,3,1,1,1,0.0,78.0,3.0,0.8,56.0,1,1
10.0,3,0,1,1,0.0,52.0,24.0,0.6666666666666666,63.33333333333334,1,1
6.0,2,1,1,0,30.0,111.0,17.0,0.4,78.0,1,1
1.0,1,0,0,0,343.0,112.0,10.0,0.0666666666666666,97.33333333333331,0,0
7.0,2,2,0,0,90.0,99.0,21.0,0.4666666666666667,77.33333333333333,1,0
3.0,1,0,0,0,207.0,58.0,25.0,0.2,92.0,0,0
1.0,1,1,0,0,90.0,87.0,11.0,0.0666666666666666,95.33333333333331,1,0
1.0,0,1,0,0,120.0,67.0,2.0,0.0666666666666666,95.33333333333331,1,0
0.0,1,0,0,0,309.0,132.0,16.0,0.0,100.0,0,0
7.0,2,0,1,0,120.0,41.0,14.0,0.4666666666666667,77.33333333333333,1,0
0.0,2,0,1,0,90.0,49.0,18.0,0.0,96.0,1,0
4.0,1,0,0,0,330.0,136.0,25.0,0.2666666666666666,89.33333333333333,0,0
4.0,1,0,0,0,226.0,130.0,6.0,0.2666666666666666,89.33333333333333,0,0
13.0,4,2,1,2,0.0,35.0,25.0,0.8666666666666667,45.33333333333333,1,1
7.0,1,0,1,0,60.0,51.0,16.0,0.4666666666666667,77.33333333333333,1,0
14.0,2,1,0,1,120.0,102.0,22.0,0.9333333333333332,54.66666666666666,1,1
4.0,0,0,0,0,258.0,106.0,21.0,0.2666666666666666,89.33333333333333,0,0
3.0,1,0,0,0,296.0,62.0,8.0,0.2,92.0,0,0
6.0,2,0,1,0,60.0,90.0,2.0,0.4,80.0,1,0
7.0,0,0,0,0,274.0,70.0,10.0,0.4666666666666667,81.33333333333333,0,0
4.0,0,0,0,0,274.0,54.0,14.0,0.2666666666666666,89.33333333333333,0,0
9.0,3,0,2,0,0.0,48.0,23.0,0.6,68.0,1,1
1.0,1,2,0,0,60.0,83.0,8.0,0.0666666666666666,93.33333333333331,1,0
8.0,0,0,0,0,234.0,127.0,14.0,0.5333333333333333,78.66666666666667,0,0
2.0,0,0,0,0,197.0,92.0,19.0,0.1333333333333333,94.66666666666669,0,0
4.0,1,1,1,0,30.0,80.0,22.0,0.2666666666666666,83.33333333333333,1,0
3.0,0,0,0,0,313.0,135.0,4.0,0.2,92.0,0,0
2.0,0,0,0,0,281.0,73.0,19.0,0.1333333333333333,94.66666666666669,0,0
8.0,0,0,0,0,233.0,94.0,22.0,0.5333333333333333,78.66666666666667,0,0
7.0,3,1,0,1,60.0,68.0,20.0,0.4666666666666667,73.33333333333333,1,1
4.0,1,1,0,0,0.0,88.0,1.0,0.2666666666666666,87.33333333333333,1,0
4.0,2,0,2,0,120.0,110.0,17.0,0.2666666666666666,81.33333333333333,1,1
2.0,2,1,0,0,150.0,40.0,2.0,0.1333333333333333,92.66666666666669,1,0
4.0,2,1,1,0,0.0,35.0,10.0,0.2666666666666666,83.33333333333333,1,0
3.0,0,0,0,0,293.0,115.0,20.0,0.2,92.0,0,0
7.0,0,0,0,0,222.0,94.0,7.0,0.4666666666666667,81.33333333333333,0,0
3.0,1,0,1,0,90.0,85.0,10.0,0.2,88.0,1,0
8.0,1,0,1,0,120.0,92.0,2.0,0.5333333333333333,74.66666666666667,1,0
5.0,1,0,1,0,60.0,70.0,10.0,0.3333333333333333,82.66666666666667,1,0
8.0,0,0,0,0,231.0,77.0,8.0,0.5333333333333333,78.66666666666667,0,0
3.0,0,0,0,0,318.0,106.0,1.0,0.2,92.0,0,0
13.0,4,1,0,2,30.0,87.0,22.0,0.8666666666666667,51.33333333333333,1,1
7.0,1,0,0,0,219.0,115.0,21.0,0.4666666666666667,81.33333333333333,0,0
11.0,2,0,0,1,30.0,75.0,24.0,0.7333333333333333,64.66666666666667,1,1
4.0,0,0,0,0,272.0,67.0,13.0,0.2666666666666666,89.33333333333333,0,0
11.0,1,0,1,0,90.0,51.0,2.0,0.7333333333333333,66.66666666666667,1,1
1.0,0,0,0,0,198.0,41.0,6.0,0.0666666666666666,97.33333333333331,0,0
8.0,1,0,1,0,60.0,98.0,3.0,0.5333333333333333,74.66666666666667,1,0
3.0,0,0,0,0,210.0,81.0,23.0,0.2,92.0,0,0
8.0,0,0,0,1,150.0,77.0,17.0,0.5333333333333333,72.66666666666667,1,1
12.0,2,1,0,0,30.0,104.0,4.0,0.8,66.0,1,1
1.0,0,0,0,0,344.0,52.0,17.0,0.0666666666666666,97.33333333333331,0,0
2.0,1,0,0,0,351.0,138.0,12.0,0.1333333333333333,94.66666666666669,0,0
5.0,2,1,0,0,150.0,47.0,6.0,0.3333333333333333,84.66666666666667,1,0
10.0,2,0,1,1,120.0,43.0,15.0,0.6666666666666666,63.33333333333334,1,1
10.0,2,0,1,1,30.0,103.0,21.0,0.6666666666666666,63.33333333333334,1,1
7.0,0,1,0,0,0.0,53.0,13.0,0.4666666666666667,79.33333333333333,1,0
6.0,4,2,1,0,0.0,97.0,17.0,0.4,76.0,1,1
8.0,2,0,1,0,120.0,84.0,20.0,0.5333333333333333,74.66666666666667,1,0
0.0,1,0,0,0,198.0,123.0,24.0,0.0,100.0,0,0
5.0,0,0,0,0,210.0,58.0,25.0,0.3333333333333333,86.66666666666667,0,0
11.0,2,1,1,1,0.0,57.0,3.0,0.7333333333333333,58.66666666666667,1,1
5.0,3,1,2,0,0.0,76.0,20.0,0.3333333333333333,76.66666666666667,1,1
12.0,7,1,0,5,0.0,27.0,7.0,0.8,36.0,1,0
10.0,1,1,0,0,30.0,98.0,25.0,0.6666666666666666,71.33333333333334,1,0
0.0,0,0,0,0,222.0,73.0,9.0,0.0,100.0,0,0
3.0,2,1,1,0,30.0,121.0,6.0,0.2,86.0,1,0
11.0,3,0,0,2,0.0,105.0,24.0,0.7333333333333333,58.66666666666667,1,1
9.0,2,0,2,0,0.0,43.0,11.0,0.6,68.0,1,1
7.0,0,0,0,0,298.0,95.0,20.0,0.4666666666666667,81.33333333333333,0,0
11.0,3,0,0,2,0.0,32.0,11.0,0.7333333333333333,58.66666666666667,1,1
1.0,0,0,0,0,342.0,121.0,23.0,0.0666666666666666,97.33333333333331,0,0
5.0,0,0,0,0,333.0,142.0,3.0,0.3333333333333333,86.66666666666667,0,0
5.0,2,1,0,0,60.0,78.0,2.0,0.3333333333333333,84.66666666666667,1,0
3.0,2,1,0,1,90.0,21.0,11.0,0.2,84.0,1,1
3.0,1,1,0,0,0.0,42.0,19.0,0.2,90.0,1,0
3.0,0,0,0,0,348.0,57.0,24.0,0.2,92.0,0,0
6.0,2,1,1,0,0.0,60.0,15.0,0.4,78.0,1,1
3.0,0,0,0,0,344.0,140.0,14.0,0.2,92.0,0,0
14.0,0,0,0,0,333.0,93.0,14.0,0.9333333333333332,62.66666666666666,0,0
5.0,0,1,0,0,0.0,83.0,13.0,0.3333333333333333,84.66666666666667,1,0
8.0,0,0,0,1,120.0,69.0,15.0,0.5333333333333333,72.66666666666667,1,1
4.0,0,0,0,0,233.0,50.0,20.0,0.2666666666666666,89.33333333333333,0,0
6.0,3,1,1,0,0.0,92.0,17.0,0.4,78.0,1,1
12.0,2,1,1,0,90.0,39.0,11.0,0.8,62.0,1,1
12.0,1,1,0,1,0.0,29.0,22.0,0.8,60.0,1,1
6.0,1,0,0,0,308.0,73.0,10.0,0.4,84.0,0,0
1.0,0,0,0,0,208.0,47.0,19.0,0.0666666666666666,97.33333333333331,0,0
14.0,2,0,3,0,0.0,37.0,1.0,0.9333333333333332,50.66666666666666,1,1
10.0,3,0,2,1,0.0,23.0,19.0,0.6666666666666666,59.33333333333334,1,1
12.0,4,0,0,4,0.0,71.0,8.0,0.8,44.0,1,1
4.0,1,0,0,1,60.0,111.0,20.0,0.2666666666666666,83.33333333333333,1,0
3.0,1,1,0,0,30.0,79.0,9.0,0.2,90.0,1,0
12.0,1,1,1,0,0.0,103.0,16.0,0.8,62.0,1,1
4.0,0,1,0,0,0.0,70.0,10.0,0.2666666666666666,87.33333333333333,1,0
13.0,4,0,1,3,0.0,36.0,7.0,0.8666666666666667,43.33333333333333,1,1
8.0,3,1,1,2,0.0,36.0,24.0,0.5333333333333333,60.66666666666667,1,1
5.0,2,0,1,0,0.0,68.0,3.0,0.3333333333333333,82.66666666666667,1,0
4.0,0,0,0,0,199.0,69.0,20.0,0.2666666666666666,89.33333333333333,0,0
8.0,1,1,0,0,30.0,35.0,6.0,0.5333333333333333,76.66666666666667,1,0
8.0,3,1,2,0,0.0,53.0,16.0,0.5333333333333333,68.66666666666667,1,1
4.0,1,1,1,0,30.0,65.0,18.0,0.2666666666666666,83.33333333333333,1,0
12.0,2,1,0,1,0.0,61.0,9.0,0.8,60.0,1,1
13.0,2,0,1,1,0.0,41.0,6.0,0.8666666666666667,55.33333333333333,1,1
4.0,1,1,0,0,30.0,46.0,12.0,0.2666666666666666,87.33333333333333,1,0
4.0,0,0,0,0,321.0,71.0,20.0,0.2666666666666666,89.33333333333333,0,0
8.0,0,0,0,1,30.0,42.0,3.0,0.5333333333333333,72.66666666666667,1,1
3.0,1,0,0,0,321.0,128.0,15.0,0.2,92.0,0,0
6.0,3,1,2,1,0.0,87.0,10.0,0.4,68.0,1,1
0.0,0,0,0,0,256.0,46.0,6.0,0.0,100.0,0,0
8.0,3,0,3,0,0.0,50.0,23.0,0.5333333333333333,66.66666666666667,1,1
7.0,0,0,0,1,60.0,118.0,9.0,0.4666666666666667,75.33333333333333,1,1
0.0,0,0,0,0,215.0,130.0,21.0,0.0,100.0,0,0
0.0,1,0,0,0,341.0,76.0,7.0,0.0,100.0,0,0
3.0,1,0,0,0,259.0,52.0,23.0,0.2,92.0,0,0
1.0,0,0,0,0,337.0,49.0,5.0,0.0666666666666666,97.33333333333331,0,0
3.0,2,1,0,0,120.0,56.0,1.0,0.2,90.0,1,0
11.0,0,0,1,0,30.0,125.0,19.0,0.7333333333333333,66.66666666666667,1,1
2.0,2,1,0,0,30.0,94.0,12.0,0.1333333333333333,92.66666666666669,1,0
7.0,0,0,0,0,309.0,53.0,13.0,0.4666666666666667,81.33333333333333,0,0
6.0,2,2,0,0,0.0,47.0,3.0,0.4,80.0,1,0
0.0,0,0,0,0,182.0,129.0,6.0,0.0,100.0,0,0
1.0,1,0,0,0,198.0,104.0,14.0,0.0666666666666666,97.33333333333331,0,0
7.0,0,0,0,0,301.0,124.0,15.0,0.4666666666666667,81.33333333333333,0,0
8.0,0,1,0,0,150.0,106.0,19.0,0.5333333333333333,76.66666666666667,1,0
12.0,1,1,0,1,30.0,86.0,22.0,0.8,60.0,1,1
3.0,1,1,0,0,60.0,42.0,24.0,0.2,90.0,1,0
0.0,0,0,0,0,259.0,71.0,15.0,0.0,100.0,0,0
6.0,0,0,0,0,357.0,133.0,6.0,0.4,84.0,0,0
4.0,2,1,0,0,30.0,77.0,15.0,0.2666666666666666,87.33333333333333,1,0
1.0,0,0,0,0,330.0,138.0,20.0,0.0666666666666666,97.33333333333331,0,0
1.0,1,1,0,0,150.0,115.0,15.0,0.0666666666666666,95.33333333333331,1,0
6.0,3,1,1,0,90.0,103.0,17.0,0.4,78.0,1,0
14.0,2,1,1,0,90.0,79.0,24.0,0.9333333333333332,56.66666666666666,1,1
4.0,1,1,0,0,60.0,72.0,17.0,0.2666666666666666,87.33333333333333,1,0
4.0,1,2,0,0,0.0,62.0,7.0,0.2666666666666666,85.33333333333333,1,0
7.0,1,0,0,0,207.0,120.0,9.0,0.4666666666666667,81.33333333333333,0,0
8.0,0,0,0,0,207.0,55.0,18.0,0.5333333333333333,78.66666666666667,0,0
2.0,0,0,0,0,205.0,127.0,10.0,0.1333333333333333,94.66666666666669,0,0
1.0,1,0,0,0,301.0,137.0,15.0,0.0666666666666666,97.33333333333331,0,0
2.0,0,0,0,0,204.0,117.0,23.0,0.1333333333333333,94.66666666666669,0,0
2.0,0,0,0,0,292.0,52.0,11.0,0.1333333333333333,94.66666666666669,0,0
11.0,4,1,2,0,30.0,25.0,13.0,0.7333333333333333,60.66666666666667,1,1
12.0,2,0,1,0,0.0,34.0,17.0,0.8,64.0,1,1
1.0,0,0,0,0,326.0,75.0,7.0,0.0666666666666666,97.33333333333331,0,0
1.0,0,0,0,0,256.0,100.0,8.0,0.0666666666666666,97.33333333333331,0,0
12.0,4,2,1,1,0.0,47.0,16.0,0.8,54.0,1,1
3.0,0,0,0,0,277.0,135.0,8.0,0.2,92.0,0,0
12.0,2,1,0,1,0.0,45.0,8.0,0.8,60.0,1,1
1.0,0,0,0,0,264.0,65.0,9.0,0.0666666666666666,97.33333333333331,0,0
0.0,0,0,0,0,264.0,94.0,3.0,0.0,100.0,0,0
8.0,1,0,0,0,271.0,77.0,5.0,0.5333333333333333,78.66666666666667,0,0
4.0,3,1,1,0,60.0,86.0,10.0,0.2666666666666666,83.33333333333333,1,0
0.0,1,0,0,0,318.0,137.0,4.0,0.0,100.0,0,0
4.0,1,1,0,0,90.0,49.0,3.0,0.2666666666666666,87.33333333333333,1,0
4.0,4,1,2,0,60.0,69.0,13.0,0.2666666666666666,79.33333333333333,1,0
14.0,3,2,1,0,60.0,87.0,2.0,0.9333333333333332,54.66666666666666,1,1
4.0,1,0,1,0,120.0,45.0,22.0,0.2666666666666666,85.33333333333333,1,0
8.0,0,1,0,0,90.0,50.0,22.0,0.5333333333333333,76.66666666666667,1,0
4.0,1,0,0,0,221.0,60.0,3.0,0.2666666666666666,89.33333333333333,0,0
0.0,0,0,0,0,306.0,73.0,8.0,0.0,100.0,0,0
0.0,0,0,0,0,205.0,113.0,3.0,0.0,100.0,0,0
5.0,0,0,0,0,278.0,133.0,6.0,0.3333333333333333,86.66666666666667,0,0
2.0,1,1,0,0,145.0,300.0,3.0,0.17,86.33,0,0
6.0,3,2,0,0,0.0,70.0,17.0,0.4,80.0,1,0
10.0,3,0,1,1,120.0,97.0,21.0,0.6666666666666666,63.33333333333334,1,1
8.0,2,1,1,0,90.0,50.0,2.0,0.5333333333333333,72.66666666666667,1,1
4.0,1,0,0,0,206.0,85.0,15.0,0.2666666666666666,89.33333333333333,0,0
0.0,1,0,0,0,350.0,139.0,10.0,0.0,100.0,0,0
7.0,1,1,0,0,90.0,109.0,18.0,0.4666666666666667,79.33333333333333,1,0
4.0,1,1,0,0,60.0,94.0,20.0,0.2666666666666666,87.33333333333333,1,0
12.0,1,1,0,1,0.0,48.0,2.0,0.8,60.0,1,1
0.0,1,0,0,0,221.0,42.0,13.0,0.0,100.0,0,0
3.0,1,1,0,0,30.0,81.0,20.0,0.2,90.0,1,0
3.0,2,1,0,0,60.0,105.0,12.0,0.2,90.0,1,0
5.0,1,1,0,0,120.0,39.0,10.0,0.3333333333333333,84.66666666666667,1,0
8.0,1,1,0,0,150.0,30.0,3.0,0.5333333333333333,76.66666666666667,1,0
5.0,2,2,0,0,30.0,107.0,24.0,0.3333333333333333,82.66666666666667,1,0
0.0,0,0,0,0,353.0,141.0,13.0,0.0,100.0,0,0
1.0,0,0,0,0,250.0,61.0,20.0,0.0666666666666666,97.33333333333331,0,0
9.0,1,0,1,0,0.0,53.0,20.0,0.6,72.0,1,0
14.0,2,0,2,1,0.0,82.0,24.0,0.9333333333333332,48.66666666666666,1,1
3.0,2,0,1,1,90.0,52.0,9.0,0.2,82.0,1,1
2.0,2,1,1,0,0.0,95.0,10.0,0.1333333333333333,88.66666666666667,1,0
14.0,3,1,0,1,90.0,58.0,3.0,0.9333333333333332,54.66666666666666,1,1
8.0,2,2,0,0,0.0,102.0,3.0,0.5333333333333333,74.66666666666667,1,0
7.0,2,1,0,1,30.0,71.0,8.0,0.4666666666666667,73.33333333333333,1,1
7.0,2,0,1,0,150.0,107.0,6.0,0.4666666666666667,77.33333333333333,1,0
1.0,0,0,0,0,187.0,126.0,25.0,0.0666666666666666,97.33333333333331,0,0
13.0,4,2,1,1,30.0,40.0,13.0,0.8666666666666667,51.33333333333333,1,1
3.0,1,0,0,0,312.0,75.0,8.0,0.2,92.0,0,0
7.0,0,0,1,0,60.0,53.0,13.0,0.4666666666666667,77.33333333333333,1,1
8.0,0,0,0,0,289.0,122.0,15.0,0.5333333333333333,78.66666666666667,0,0
4.0,1,1,0,0,30.0,67.0,2.0,0.2666666666666666,87.33333333333333,1,0
4.0,3,2,1,0,0.0,27.0,13.0,0.2666666666666666,81.33333333333333,1,1
8.0,1,1,0,0,30.0,68.0,15.0,0.5333333333333333,76.66666666666667,1,0
0.0,0,0,0,0,356.0,66.0,9.0,0.0,100.0,0,0
5.0,2,0,2,0,60.0,50.0,6.0,0.3333333333333333,78.66666666666667,1,1
3.0,0,0,0,0,295.0,77.0,21.0,0.2,92.0,0,0
6.0,2,1,1,0,0.0,61.0,3.0,0.4,78.0,1,0
10.0,6,1,1,3,0.0,48.0,25.0,0.6666666666666666,49.33333333333334,1,1
8.0,1,0,0,1,90.0,44.0,2.0,0.5333333333333333,72.66666666666667,1,1
2.0,1,0,0,0,311.0,108.0,11.0,0.1333333333333333,94.66666666666669,0,0
1.0,0,0,0,0,271.0,54.0,19.0,0.0666666666666666,97.33333333333331,0,1
4.0,1,1,0,0,90.0,50.0,9.0,0.2666666666666666,87.33333333333333,1,0
4.0,1,0,0,0,184.0,82.0,4.0,0.2666666666666666,89.33333333333333,0,0
5.0,0,0,0,0,211.0,122.0,11.0,0.3333333333333333,86.66666666666667,0,0
5.0,1,1,0,0,90.0,55.0,9.0,0.3333333333333333,84.66666666666667,1,0
6.0,2,0,0,1,0.0,89.0,7.0,0.4,78.0,1,1
12.0,0,0,1,0,0.0,62.0,2.0,0.8,64.0,1,1
1.0,0,0,0,0,204.0,73.0,23.0,0.0666666666666666,97.33333333333331,0,0
10.0,4,3,0,0,60.0,73.0,19.0,0.6666666666666666,67.33333333333334,1,1
4.0,0,0,0,0,182.0,106.0,4.0,0.2666666666666666,89.33333333333333,0,0
5.0,1,0,1,0,60.0,100.0,10.0,0.3333333333333333,82.66666666666667,1,0
2.0,0,0,0,0,221.0,96.0,15.0,0.1333333333333333,94.66666666666669,0,0
1.0,1,1,0,0,150.0,103.0,22.0,0.0666666666666666,95.33333333333331,1,0
4.0,0,0,0,0,262.0,106.0,16.0,0.2666666666666666,89.33333333333333,0,0
6.0,4,3,1,0,0.0,21.0,17.0,0.4,74.0,1,1
0.0,0,0,0,0,321.0,93.0,15.0,0.0,100.0,0,0
13.0,6,2,1,2,0.0,84.0,16.0,0.8666666666666667,45.33333333333333,1,1
4.0,0,0,0,0,288.0,136.0,11.0,0.2666666666666666,89.33333333333333,0,0
8.0,0,0,0,0,235.0,50.0,8.0,0.5333333333333333,78.66666666666667,0,0
4.0,0,0,0,0,197.0,127.0,11.0,0.2666666666666666,89.33333333333333,0,0
3.0,0,1,0,0,0.0,107.0,14.0,0.2,90.0,1,0
7.0,0,0,0,0,195.0,125.0,21.0,0.4666666666666667,81.33333333333333,0,0
6.0,0,0,0,0,340.0,122.0,5.0,0.4,84.0,0,0
1.0,1,0,1,0,30.0,78.0,8.0,0.0666666666666666,93.33333333333331,1,0
10.0,7,2,0,4,0.0,56.0,3.0,0.6666666666666666,45.33333333333334,1,1
12.0,3,0,0,4,0.0,47.0,13.0,0.8,44.0,1,1
3.0,1,0,0,0,223.0,131.0,6.0,0.2,92.0,0,0
3.0,0,0,0,0,274.0,69.0,4.0,0.2,92.0,0,0
5.0,0,0,0,0,234.0,80.0,3.0,0.3333333333333333,86.66666666666667,0,0
11.0,4,0,0,3,30.0,21.0,15.0,0.7333333333333333,52.66666666666667,1,1
4.0,0,0,0,0,279.0,117.0,2.0,0.2666666666666666,89.33333333333333,0,0
5.0,0,0,0,0,244.0,97.0,12.0,0.3333333333333333,86.66666666666667,0,0
7.0,0,1,0,0,60.0,65.0,14.0,0.4666666666666667,79.33333333333333,1,0
11.0,1,1,1,0,0.0,82.0,3.0,0.7333333333333333,64.66666666666667,1,1
10.0,3,0,2,1,0.0,72.0,13.0,0.6666666666666666,59.33333333333334,1,1
10.0,1,0,1,0,60.0,69.0,9.0,0.6666666666666666,69.33333333333334,1,1
3.0,1,0,0,0,267.0,79.0,2.0,0.2,92.0,0,0
7.0,0,0,0,0,276.0,87.0,3.0,0.4666666666666667,81.33333333333333,0,0
0.0,0,0,0,0,340.0,59.0,9.0,0.0,100.0,0,0
9.0,1,0,0,0,217.0,106.0,16.0,0.6,76.0,0,0
8.0,1,0,0,0,211.0,83.0,23.0,0.5333333333333333,78.66666666666667,0,0
2.0,1,0,0,0,225.0,78.0,16.0,0.1333333333333333,94.66666666666669,0,0
2.0,1,1,0,0,150.0,31.0,15.0,0.1333333333333333,92.66666666666669,1,0
8.0,5,2,1,1,30.0,75.0,12.0,0.5333333333333333,64.66666666666667,1,1
2.0,0,0,0,0,289.0,66.0,17.0,0.1333333333333333,94.66666666666669,0,0
1.0,0,1,0,0,150.0,75.0,15.0,0.0666666666666666,95.33333333333331,1,0
0.0,1,1,0,0,150.0,105.0,21.0,0.0,98.0,1,0
3.0,0,0,0,0,229.0,88.0,12.0,0.2,92.0,0,0
10.0,2,0,2,0,30.0,45.0,9.0,0.6666666666666666,65.33333333333334,1,1
11.0,0,0,0,1,120.0,87.0,8.0,0.7333333333333333,64.66666666666667,1,1
10.0,3,1,2,0,60.0,37.0,22.0,0.6666666666666666,63.33333333333334,1,1
8.0,3,1,1,1,30.0,69.0,4.0,0.5333333333333333,66.66666666666667,1,1
12.0,4,2,0,2,30.0,104.0,1.0,0.8,52.0,1,1
4.0,2,1,0,0,120.0,44.0,7.0,0.2666666666666666,87.33333333333333,1,0
1.0,0,0,0,0,315.0,60.0,2.0,0.0666666666666666,97.33333333333331,0,0
7.0,0,0,0,0,262.0,139.0,19.0,0.4666666666666667,81.33333333333333,0,0
7.0,4,0,0,3,0.0,53.0,23.0,0.4666666666666667,63.33333333333333,1,1
5.0,4,1,2,0,0.0,92.0,21.0,0.3333333333333333,76.66666666666667,1,1
12.0,1,1,1,0,30.0,68.0,10.0,0.8,62.0,1,1
12.0,3,0,0,3,30.0,96.0,14.0,0.8,50.0,1,1
10.0,1,0,0,1,60.0,77.0,7.0,0.6666666666666666,67.33333333333334,1,1
14.0,3,0,0,3,30.0,22.0,21.0,0.9333333333333332,44.66666666666666,1,1
1.0,0,0,0,0,336.0,134.0,1.0,0.0666666666666666,97.33333333333331,0,0
4.0,0,0,0,0,337.0,112.0,16.0,0.2666666666666666,89.33333333333333,0,0
12.0,4,1,0,3,0.0,16.0,19.0,0.8,48.0,1,1
4.0,0,0,0,0,309.0,66.0,2.0,0.2666666666666666,89.33333333333333,0,0
10.0,5,2,2,1,0.0,87.0,23.0,0.6666666666666666,55.33333333333334,1,1
4.0,0,0,0,0,207.0,54.0,17.0,0.2666666666666666,89.33333333333333,0,0
4.0,1,1,0,0,150.0,39.0,18.0,0.2666666666666666,87.33333333333333,1,0
13.0,3,1,0,1,90.0,66.0,8.0,0.8666666666666667,57.33333333333333,1,1
2.0,0,0,0,0,355.0,79.0,5.0,0.1333333333333333,94.66666666666669,0,0
1.0,0,0,0,0,355.0,128.0,10.0,0.0666666666666666,97.33333333333331,0,0
4.0,1,0,1,0,30.0,124.0,20.0,0.2666666666666666,85.33333333333333,1,0
6.0,0,0,0,0,356.0,67.0,12.0,0.4,84.0,0,0
2.0,0,0,0,0,208.0,98.0,14.0,0.1333333333333333,94.66666666666669,0,0
9.0,2,1,0,1,0.0,81.0,15.0,0.6,68.0,1,1
11.0,3,0,1,1,30.0,104.0,7.0,0.7333333333333333,60.66666666666667,1,1
1.0,0,0,0,0,262.0,83.0,5.0,0.0666666666666666,97.33333333333331,0,0
4.0,0,0,0,0,355.0,67.0,8.0,0.2666666666666666,89.33333333333333,0,0
5.0,1,0,0,0,193.0,69.0,18.0,0.3333333333333333,86.66666666666667,0,1
10.0,2,0,2,0,90.0,46.0,14.0,0.6666666666666666,65.33333333333334,1,1
4.0,0,0,0,0,258.0,78.0,14.0,0.2666666666666666,89.33333333333333,0,0
4.0,1,0,0,0,276.0,85.0,12.0,0.2666666666666666,89.33333333333333,0,0
2.0,0,1,0,0,150.0,52.0,5.0,0.1333333333333333,92.66666666666669,1,0
8.0,2,2,1,0,60.0,93.0,6.0,0.5333333333333333,70.66666666666667,1,1
5.0,1,1,0,0,120.0,89.0,11.0,0.3333333333333333,84.66666666666667,1,0
7.0,1,1,0,0,150.0,116.0,6.0,0.4666666666666667,79.33333333333333,1,0
4.0,0,0,0,0,214.0,71.0,2.0,0.2666666666666666,89.33333333333333,0,0
7.0,0,0,0,0,316.0,69.0,16.0,0.4666666666666667,81.33333333333333,0,0
4.0,1,0,1,0,30.0,114.0,12.0,0.2666666666666666,85.33333333333333,1,0
3.0,1,1,0,0,150.0,90.0,5.0,0.2,90.0,1,0
14.0,5,1,1,2,60.0,61.0,7.0,0.9333333333333332,44.66666666666666,1,1
4.0,3,1,2,0,0.0,49.0,12.0,0.2666666666666666,79.33333333333333,1,1
4.0,1,0,0,0,307.0,70.0,1.0,0.2666666666666666,89.33333333333333,0,0
0.0,2,1,0,0,60.0,82.0,22.0,0.0,98.0,1,0
7.0,0,0,0,0,213.0,47.0,22.0,0.4666666666666667,81.33333333333333,0,0
13.0,4,2,0,2,0.0,84.0,18.0,0.8666666666666667,49.33333333333333,1,1
9.0,4,2,1,0,30.0,63.0,1.0,0.6,68.0,1,1
8.0,0,0,0,0,238.0,89.0,22.0,0.5333333333333333,78.66666666666667,0,0
11.0,1,0,0,1,120.0,52.0,23.0,0.7333333333333333,64.66666666666667,1,1
3.0,1,0,0,0,221.0,94.0,8.0,0.2,92.0,0,0
10.0,5,0,2,2,30.0,16.0,15.0,0.6666666666666666,53.33333333333334,1,1
8.0,4,0,3,0,90.0,79.0,1.0,0.5333333333333333,66.66666666666667,1,1
11.0,2,2,0,0,0.0,66.0,6.0,0.7333333333333333,66.66666666666667,1,1
6.0,0,0,1,0,90.0,40.0,20.0,0.4,80.0,1,0
1.0,0,0,0,0,190.0,52.0,22.0,0.0666666666666666,97.33333333333331,0,0
12.0,5,0,2,3,0.0,31.0,14.0,0.8,42.0,1,1
10.0,1,1,1,0,30.0,71.0,23.0,0.6666666666666666,67.33333333333334,1,1
6.0,2,1,0,0,120.0,38.0,2.0,0.4,82.0,1,0
7.0,1,0,0,0,352.0,61.0,23.0,0.4666666666666667,81.33333333333333,0,0
0.0,0,0,0,0,347.0,62.0,14.0,0.0,100.0,0,0
3.0,1,1,0,1,60.0,57.0,18.0,0.2,84.0,1,0
9.0,2,3,0,0,0.0,45.0,16.0,0.6,70.0,1,1
3.0,0,0,0,0,275.0,76.0,5.0,0.2,92.0,0,0
2.0,1,1,0,0,60.0,70.0,6.0,0.1333333333333333,92.66666666666669,1,0
4.0,0,1,0,0,150.0,103.0,2.0,0.2666666666666666,87.33333333333333,1,0
3.0,1,0,0,0,244.0,58.0,12.0,0.2,92.0,0,0
8.0,0,0,0,0,183.0,112.0,24.0,0.5333333333333333,78.66666666666667,0,0
4.0,2,1,0,0,120.0,117.0,6.0,0.2666666666666666,87.33333333333333,1,0
0.0,1,0,0,0,303.0,94.0,4.0,0.0,100.0,0,0
5.0,2,0,0,1,0.0,98.0,22.0,0.3333333333333333,80.66666666666667,1,1
4.0,1,0,1,0,30.0,110.0,23.0,0.2666666666666666,85.33333333333333,1,0
2.0,3,2,0,0,0.0,127.0,1.0,0.1333333333333333,90.66666666666669,1,0
3.0,3,0,1,1,0.0,63.0,1.0,0.2,82.0,1,1
3.0,1,0,0,0,282.0,113.0,19.0,0.2,92.0,0,0
14.0,2,1,0,1,30.0,82.0,12.0,0.9333333333333332,54.66666666666666,1,1
4.0,0,0,0,0,324.0,130.0,4.0,0.2666666666666666,89.33333333333333,0,0
3.0,1,1,0,0,120.0,47.0,20.0,0.2,90.0,1,0
12.0,2,1,1,0,30.0,88.0,10.0,0.8,62.0,1,1
3.0,0,0,0,0,274.0,138.0,4.0,0.2,92.0,0,0
5.0,0,0,0,0,197.0,93.0,8.0,0.3333333333333333,86.66666666666667,0,0
3.0,2,0,1,0,90.0,49.0,11.0,0.2,88.0,1,0
6.0,3,1,1,1,0.0,41.0,3.0,0.4,72.0,1,1
0.0,0,1,0,0,120.0,63.0,19.0,0.0,98.0,1,0
13.0,0,0,0,1,30.0,64.0,4.0,0.8666666666666667,59.33333333333333,1,1
13.0,1,0,1,0,90.0,115.0,22.0,0.8666666666666667,61.33333333333333,1,1
6.0,2,1,1,0,30.0,110.0,3.0,0.4,78.0,1,0
1.0,2,1,0,0,150.0,100.0,10.0,0.0666666666666666,95.33333333333331,1,0
13.0,2,0,1,2,0.0,15.0,1.0,0.8666666666666667,49.33333333333333,1,1
4.0,0,0,0,0,220.0,100.0,6.0,0.2666666666666666,89.33333333333333,0,0
7.0,2,1,0,1,30.0,103.0,1.0,0.4666666666666667,73.33333333333333,1,1
7.0,2,2,0,0,0.0,86.0,11.0,0.4666666666666667,77.33333333333333,1,1
11.0,2,0,2,1,30.0,52.0,11.0,0.7333333333333333,56.66666666666667,1,1
4.0,1,1,0,0,60.0,62.0,23.0,0.2666666666666666,87.33333333333333,1,0
8.0,0,0,0,0,317.0,52.0,3.0,0.5333333333333333,78.66666666666667,0,0
6.0,0,0,1,0,90.0,75.0,9.0,0.4,80.0,1,0
7.0,1,1,0,0,60.0,81.0,4.0,0.4666666666666667,79.33333333333333,1,0
3.0,2,1,0,0,60.0,61.0,13.0,0.2,90.0,1,0
11.0,4,0,1,2,0.0,47.0,3.0,0.7333333333333333,54.66666666666667,1,1
4.0,0,0,0,0,248.0,135.0,18.0,0.2666666666666666,89.33333333333333,0,0
14.0,3,0,1,2,0.0,64.0,25.0,0.9333333333333332,46.66666666666666,1,1
1.0,0,0,0,0,220.0,132.0,14.0,0.0666666666666666,97.33333333333331,0,0
7.0,0,0,0,0,335.0,94.0,2.0,0.4666666666666667,81.33333333333333,0,0
5.0,1,1,0,0,60.0,99.0,3.0,0.3333333333333333,84.66666666666667,1,1
7.0,1,1,0,0,90.0,50.0,24.0,0.4666666666666667,79.33333333333333,1,0
4.0,2,1,1,0,0.0,64.0,20.0,0.2666666666666666,83.33333333333333,1,0
12.0,2,0,1,1,0.0,89.0,8.0,0.8,58.0,1,1
7.0,0,0,0,0,188.0,55.0,23.0,0.4666666666666667,81.33333333333333,0,0
0.0,0,0,0,0,295.0,123.0,3.0,0.0,100.0,0,0
12.0,0,1,0,0,120.0,108.0,15.0,0.8,66.0,1,1
4.0,1,0,0,0,235.0,83.0,18.0,0.2666666666666666,89.33333333333333,0,0
3.0,0,0,0,0,233.0,91.0,16.0,0.2,92.0,0,0
1.0,2,1,0,0,60.0,113.0,16.0,0.0666666666666666,95.33333333333331,1,0
5.0,0,0,0,0,286.0,106.0,24.0,0.3333333333333333,86.66666666666667,0,0
11.0,4,1,1,2,0.0,30.0,15.0,0.7333333333333333,52.66666666666667,1,1
3.0,1,1,0,0,0.0,70.0,16.0,0.2,90.0,1,0
13.0,6,0,0,5,0.0,72.0,9.0,0.8666666666666667,35.33333333333333,1,1
4.0,0,0,0,0,308.0,102.0,12.0,0.2666666666666666,89.33333333333333,0,0
9.0,4,1,2,1,0.0,31.0,9.0,0.6,60.0,1,1
11.0,1,0,1,0,0.0,52.0,22.0,0.7333333333333333,66.66666666666667,1,1
8.0,3,0,1,1,60.0,107.0,5.0,0.5333333333333333,68.66666666666667,1,1
10.0,2,1,0,0,90.0,70.0,3.0,0.6666666666666666,71.33333333333334,1,0
9.0,0,0,1,0,150.0,51.0,10.0,0.6,72.0,1,0
6.0,3,0,2,0,60.0,55.0,15.0,0.4,76.0,1,1
0.0,0,0,0,0,358.0,124.0,3.0,0.0,100.0,0,0
11.0,2,0,1,1,0.0,21.0,3.0,0.7333333333333333,60.66666666666667,1,1
7.0,0,0,0,0,267.0,56.0,15.0,0.4666666666666667,81.33333333333333,0,0
6.0,2,1,0,0,120.0,88.0,21.0,0.4,82.0,1,0
10.0,3,1,1,1,0.0,84.0,12.0,0.6666666666666666,61.33333333333334,1,1
2.0,0,0,0,0,316.0,97.0,2.0,0.1333333333333333,94.66666666666669,0,0
9.0,1,1,0,1,0.0,62.0,18.0,0.6,68.0,1,1
0.0,1,0,1,0,90.0,116.0,6.0,0.0,96.0,1,0
11.0,4,1,2,0,30.0,23.0,2.0,0.7333333333333333,60.66666666666667,1,1
9.0,3,0,2,1,60.0,78.0,25.0,0.6,62.0,1,1
9.0,3,1,1,1,0.0,64.0,1.0,0.6,64.0,1,1
4.0,0,0,0,0,308.0,134.0,21.0,0.2666666666666666,89.33333333333333,0,0
1.0,2,1,0,0,60.0,100.0,10.0,0.0666666666666666,95.33333333333331,1,0
3.0,0,0,0,0,289.0,103.0,24.0,0.2,92.0,0,0
3.0,2,2,0,0,0.0,105.0,17.0,0.2,88.0,1,0
7.0,2,0,0,2,0.0,31.0,22.0,0.4666666666666667,69.33333333333333,1,1
2.0,0,0,0,0,230.0,51.0,11.0,0.1333333333333333,94.66666666666669,0,0
3.0,3,2,0,0,90.0,61.0,6.0,0.2,88.0,1,0
10.0,4,1,2,0,0.0,69.0,17.0,0.6666666666666666,63.33333333333334,1,1
4.0,1,1,0,0,150.0,93.0,23.0,0.2666666666666666,87.33333333333333,1,0
10.0,0,0,1,0,120.0,112.0,20.0,0.6666666666666666,69.33333333333334,1,1
6.0,0,0,0,1,150.0,35.0,13.0,0.4,78.0,1,1
4.0,0,0,0,0,224.0,120.0,4.0,0.2666666666666666,89.33333333333333,0,0
1.0,0,0,0,0,238.0,52.0,3.0,0.0666666666666666,97.33333333333331,0,0
2.0,0,0,0,0,338.0,98.0,20.0,0.1333333333333333,94.66666666666669,0,0
7.0,3,2,1,0,60.0,50.0,9.0,0.4666666666666667,73.33333333333333,1,1
2.0,0,0,0,0,238.0,68.0,17.0,0.1333333333333333,94.66666666666669,0,0
7.0,2,2,0,0,30.0,93.0,3.0,0.4666666666666667,77.33333333333333,1,0
3.0,0,0,0,0,325.0,131.0,9.0,0.2,92.0,0,0
1.0,1,1,0,0,0.0,133.0,21.0,0.0666666666666666,95.33333333333331,1,0
4.0,0,0,0,0,211.0,127.0,21.0,0.2666666666666666,89.33333333333333,0,0
7.0,1,2,0,0,0.0,95.0,10.0,0.4666666666666667,77.33333333333333,1,0
11.0,0,0,0,1,0.0,121.0,3.0,0.7333333333333333,64.66666666666667,1,1
0.0,1,0,0,0,249.0,72.0,25.0,0.0,100.0,0,0
5.0,2,1,0,0,90.0,39.0,24.0,0.3333333333333333,84.66666666666667,1,0
3.0,1,0,0,0,195.0,106.0,9.0,0.2,92.0,0,0
11.0,3,2,1,0,90.0,35.0,9.0,0.7333333333333333,62.66666666666667,1,1
2.0,1,0,0,0,209.0,77.0,19.0,0.1333333333333333,94.66666666666669,0,0
6.0,0,1,0,0,120.0,46.0,25.0,0.4,82.0,1,1
7.0,0,0,0,0,336.0,60.0,7.0,0.4666666666666667,81.33333333333333,0,0
3.0,0,0,0,0,316.0,82.0,18.0,0.2,92.0,0,0
0.0,1,1,0,0,0.0,105.0,6.0,0.0,98.0,1,1
7.0,2,0,1,0,150.0,104.0,6.0,0.4666666666666667,77.33333333333333,1,0
11.0,3,2,0,1,0.0,77.0,15.0,0.7333333333333333,60.66666666666667,1,1
13.0,3,0,2,2,0.0,44.0,13.0,0.8666666666666667,45.33333333333333,1,1
8.0,1,0,0,1,90.0,32.0,5.0,0.5333333333333333,72.66666666666667,1,1
1.0,0,0,0,0,286.0,107.0,6.0,0.0666666666666666,97.33333333333331,0,0
6.0,1,1,0,0,60.0,33.0,7.0,0.4,82.0,1,0
2.0,0,0,0,0,347.0,139.0,25.0,0.1333333333333333,94.66666666666669,0,0
3.0,1,0,0,0,333.0,142.0,10.0,0.2,92.0,0,0
2.0,1,0,0,0,274.0,57.0,17.0,0.1333333333333333,94.66666666666669,0,0
0.0,0,1,0,0,150.0,78.0,2.0,0.0,98.0,1,0
10.0,4,1,1,2,0.0,77.0,20.0,0.6666666666666666,55.33333333333334,1,1
8.0,0,0,0,0,222.0,122.0,23.0,0.5333333333333333,78.66666666666667,0,0
7.0,2,2,1,0,30.0,100.0,14.0,0.4666666666666667,73.33333333333333,1,1
1.0,0,0,0,0,326.0,49.0,10.0,0.0666666666666666,97.33333333333331,0,0
3.0,1,0,1,0,120.0,42.0,3.0,0.2,88.0,1,0
12.0,3,1,1,2,0.0,21.0,11.0,0.8,50.0,1,1
2.0,1,1,0,0,60.0,110.0,23.0,0.1333333333333333,92.66666666666669,1,0
11.0,2,1,1,0,0.0,102.0,11.0,0.7333333333333333,64.66666666666667,1,1
6.0,1,1,1,0,30.0,56.0,24.0,0.4,78.0,1,0
6.0,3,2,0,0,0.0,104.0,5.0,0.4,80.0,1,0
9.0,5,4,0,2,0.0,85.0,8.0,0.6,56.0,1,1
13.0,4,1,0,4,0.0,47.0,3.0,0.8666666666666667,39.33333333333333,1,1
4.0,0,0,0,0,227.0,132.0,23.0,0.2666666666666666,89.33333333333333,0,0
8.0,2,1,1,1,30.0,49.0,10.0,0.5333333333333333,66.66666666666667,1,1
3.0,1,1,0,0,120.0,112.0,21.0,0.2,90.0,1,0
3.0,1,0,1,0,30.0,110.0,2.0,0.2,88.0,1,0
7.0,0,0,0,0,332.0,132.0,9.0,0.4666666666666667,81.33333333333333,0,0
3.0,0,0,0,0,194.0,95.0,12.0,0.2,92.0,0,0
7.0,2,1,1,0,30.0,103.0,10.0,0.4666666666666667,75.33333333333333,1,1
5.0,0,0,0,0,223.0,86.0,13.0,0.3333333333333333,86.66666666666667,0,0
4.0,0,0,0,0,341.0,78.0,19.0,0.2666666666666666,89.33333333333333,0,0
10.0,4,3,1,0,30.0,30.0,25.0,0.6666666666666666,63.33333333333334,1,1
8.0,1,0,0,0,321.0,52.0,15.0,0.5333333333333333,78.66666666666667,0,0
3.0,2,1,0,1,0.0,50.0,19.0,0.2,84.0,1,1
8.0,1,0,0,0,303.0,75.0,19.0,0.5333333333333333,78.66666666666667,0,0
2.0,0,0,0,0,290.0,59.0,6.0,0.1333333333333333,94.66666666666669,0,0
3.0,2,2,0,0,0.0,105.0,4.0,0.2,88.0,1,0
3.0,1,0,0,0,224.0,74.0,10.0,0.2,92.0,0,0
2.0,0,0,0,0,347.0,75.0,13.0,0.1333333333333333,94.66666666666669,0,0
0.0,0,0,0,0,271.0,59.0,9.0,0.0,100.0,0,0
6.0,1,0,0,0,335.0,60.0,25.0,0.4,84.0,0,0
3.0,0,0,0,0,348.0,101.0,7.0,0.2,92.0,0,0
12.0,3,0,2,1,90.0,33.0,25.0,0.8,54.0,1,1
3.0,0,0,0,0,254.0,56.0,21.0,0.2,92.0,0,0
4.0,0,0,0,0,230.0,90.0,1.0,0.2666666666666666,89.33333333333333,0,0
9.0,1,0,1,0,150.0,41.0,18.0,0.6,72.0,1,1
0.0,0,0,0,0,198.0,99.0,8.0,0.0,100.0,0,0
8.0,5,1,2,1,0.0,19.0,3.0,0.5333333333333333,62.66666666666667,1,1
4.0,0,0,0,0,205.0,120.0,9.0,0.2666666666666666,89.33333333333333,0,0
1.0,2,1,0,0,150.0,40.0,14.0,0.0666666666666666,95.33333333333331,1,0
0.0,1,1,0,0,150.0,50.0,16.0,0.0,98.0,1,1
4.0,0,0,0,0,346.0,126.0,11.0,0.2666666666666666,89.33333333333333,0,0
11.0,4,1,1,1,30.0,23.0,14.0,0.7333333333333333,58.66666666666667,1,1
6.0,0,0,0,0,199.0,91.0,14.0,0.4,84.0,0,0
7.0,1,0,0,0,323.0,97.0,17.0,0.4666666666666667,81.33333333333333,0,0
4.0,1,0,0,0,187.0,93.0,16.0,0.2666666666666666,89.33333333333333,0,0
2.0,0,0,0,0,197.0,124.0,11.0,0.1333333333333333,94.66666666666669,0,0
4.0,0,0,0,0,256.0,62.0,5.0,0.2666666666666666,89.33333333333333,0,0
10.0,3,1,1,0,0.0,105.0,10.0,0.6666666666666666,67.33333333333334,1,1
7.0,0,0,0,0,243.0,74.0,7.0,0.4666666666666667,81.33333333333333,0,0
13.0,3,0,1,2,60.0,100.0,25.0,0.8666666666666667,49.33333333333333,1,1
7.0,1,1,1,0,30.0,76.0,19.0,0.4666666666666667,75.33333333333333,1,1
5.0,0,0,0,0,180.0,121.0,1.0,0.3333333333333333,86.66666666666667,0,0
3.0,1,0,0,0,329.0,118.0,14.0,0.2,92.0,0,0
1.0,1,0,0,0,356.0,101.0,20.0,0.0666666666666666,97.33333333333331,0,0
4.0,2,0,1,0,120.0,55.0,25.0,0.2666666666666666,85.33333333333333,1,0
6.0,1,1,0,0,0.0,116.0,18.0,0.4,82.0,1,0
14.0,2,1,1,1,0.0,42.0,24.0,0.9333333333333332,50.66666666666666,1,1
11.0,0,0,0,0,189.0,62.0,1.0,0.7333333333333333,70.66666666666667,0,0
8.0,1,0,0,0,263.0,82.0,17.0,0.5333333333333333,78.66666666666667,0,0
6.0,0,0,0,1,90.0,87.0,24.0,0.4,78.0,1,1
6.0,3,0,2,1,0.0,67.0,21.0,0.4,70.0,1,1
4.0,0,0,0,0,300.0,79.0,19.0,0.2666666666666666,89.33333333333333,0,0
9.0,3,0,1,1,0.0,27.0,3.0,0.6,66.0,1,1
12.0,3,0,2,1,0.0,23.0,18.0,0.8,54.0,1,1
2.0,2,0,1,0,150.0,66.0,7.0,0.1333333333333333,90.66666666666669,1,0
12.0,1,0,1,0,150.0,36.0,7.0,0.8,64.0,1,1
9.0,3,0,2,1,0.0,37.0,20.0,0.6,62.0,1,0
0.0,1,0,0,0,245.0,84.0,17.0,0.0,100.0,0,0
12.0,1,0,1,1,30.0,44.0,20.0,0.8,58.0,1,1
7.0,1,1,0,0,120.0,78.0,11.0,0.4666666666666667,79.33333333333333,1,0
4.0,0,0,0,0,257.0,83.0,24.0,0.2666666666666666,89.33333333333333,0,0
4.0,1,0,0,0,228.0,63.0,18.0,0.2666666666666666,89.33333333333333,0,0
6.0,2,0,0,1,90.0,35.0,9.0,0.4,78.0,1,1
6.0,1,0,1,0,120.0,45.0,22.0,0.4,80.0,1,0
0.0,1,0,0,0,330.0,81.0,25.0,0.0,100.0,0,0
9.0,0,0,0,0,349.0,92.0,23.0,0.6,76.0,0,1
6.0,1,0,2,0,60.0,88.0,11.0,0.4,76.0,1,1
5.0,0,0,0,0,336.0,87.0,4.0,0.3333333333333333,86.66666666666667,0,0
7.0,0,0,0,0,265.0,125.0,13.0,0.4666666666666667,81.33333333333333,0,0
2.0,1,0,0,0,258.0,122.0,5.0,0.1333333333333333,94.66666666666669,0,0
4.0,0,0,0,0,244.0,56.0,2.0,0.2666666666666666,89.33333333333333,0,0
4.0,0,1,0,0,90.0,115.0,16.0,0.2666666666666666,87.33333333333333,1,0
4.0,1,0,0,0,311.0,72.0,21.0,0.2666666666666666,89.33333333333333,0,0
7.0,1,2,0,0,90.0,70.0,19.0,0.4666666666666667,77.33333333333333,1,0
6.0,2,1,0,0,120.0,90.0,12.0,0.4,82.0,1,0
11.0,4,2,1,0,0.0,61.0,23.0,0.7333333333333333,62.66666666666667,1,1
8.0,1,0,0,1,60.0,80.0,7.0,0.5333333333333333,72.66666666666667,1,1
0.0,1,0,0,0,220.0,85.0,19.0,0.0,100.0,0,0
7.0,2,0,1,0,0.0,61.0,12.0,0.4666666666666667,77.33333333333333,1,0
7.0,4,2,1,0,0.0,23.0,23.0,0.4666666666666667,73.33333333333333,1,0
12.0,3,0,4,0,0.0,33.0,6.0,0.8,52.0,1,1
0.0,0,0,0,0,247.0,64.0,14.0,0.0,100.0,0,0
14.0,3,0,1,2,0.0,35.0,25.0,0.9333333333333332,46.66666666666666,1,1
10.0,2,0,2,0,60.0,87.0,10.0,0.6666666666666666,65.33333333333334,1,1
3.0,2,1,0,0,120.0,106.0,13.0,0.2,90.0,1,0
7.0,5,1,2,2,0.0,10.0,6.0,0.4666666666666667,59.33333333333333,1,1
9.0,3,1,1,0,0.0,63.0,20.0,0.6,70.0,1,1
1.0,0,0,0,0,282.0,108.0,17.0,0.0666666666666666,97.33333333333331,0,0
2.0,0,0,0,0,237.0,64.0,15.0,0.1333333333333333,94.66666666666669,0,0
8.0,0,0,0,0,203.0,91.0,5.0,0.5333333333333333,78.66666666666667,0,0
4.0,0,0,0,0,327.0,62.0,23.0,0.2666666666666666,89.33333333333333,0,0
3.0,0,0,0,0,315.0,64.0,7.0,0.2,92.0,0,0
5.0,1,1,0,0,0.0,128.0,13.0,0.3333333333333333,84.66666666666667,1,0
11.0,5,1,2,2,0.0,41.0,18.0,0.7333333333333333,48.66666666666667,1,1
0.0,0,0,1,0,120.0,96.0,17.0,0.0,96.0,1,0
7.0,3,2,0,0,0.0,104.0,2.0,0.4666666666666667,77.33333333333333,1,0
6.0,1,0,0,0,358.0,132.0,23.0,0.4,84.0,0,0
5.0,0,0,0,0,236.0,82.0,15.0,0.3333333333333333,86.66666666666667,0,0
3.0,2,2,0,0,60.0,34.0,2.0,0.2,88.0,1,0
8.0,2,1,0,0,0.0,77.0,2.0,0.5333333333333333,76.66666666666667,1,0
3.0,0,0,0,0,203.0,42.0,3.0,0.2,92.0,0,0
12.0,5,1,2,1,0.0,16.0,13.0,0.8,52.0,1,1
4.0,2,0,1,0,120.0,88.0,14.0,0.2666666666666666,85.33333333333333,1,0
14.0,3,0,1,2,0.0,70.0,25.0,0.9333333333333332,46.66666666666666,1,1
13.0,3,0,2,1,0.0,62.0,20.0,0.8666666666666667,51.33333333333333,1,1
3.0,0,0,0,0,213.0,62.0,4.0,0.2,92.0,0,0
8.0,1,0,1,0,0.0,75.0,17.0,0.5333333333333333,74.66666666666667,1,0
3.0,0,0,0,0,188.0,61.0,10.0,0.2,92.0,0,0
14.0,3,1,0,2,30.0,75.0,25.0,0.9333333333333332,48.66666666666666,1,1
4.0,1,0,0,0,252.0,110.0,15.0,0.2666666666666666,89.33333333333333,0,0
3.0,1,1,0,0,0.0,48.0,14.0,0.2,90.0,1,0
7.0,3,1,1,0,30.0,93.0,14.0,0.4666666666666667,75.33333333333333,1,0
5.0,2,2,0,0,120.0,103.0,19.0,0.3333333333333333,82.66666666666667,1,0
6.0,0,0,0,0,192.0,90.0,8.0,0.4,84.0,0,0
10.0,4,0,2,1,30.0,64.0,16.0,0.6666666666666666,59.33333333333334,1,1
2.0,0,0,0,0,193.0,37.0,6.0,0.1333333333333333,94.66666666666669,0,0
12.0,1,0,1,0,150.0,78.0,13.0,0.8,64.0,1,1
8.0,0,0,0,0,324.0,71.0,8.0,0.5333333333333333,78.66666666666667,0,0
4.0,0,1,0,0,30.0,82.0,18.0,0.2666666666666666,87.33333333333333,1,0
14.0,4,0,1,2,0.0,74.0,19.0,0.9333333333333332,46.66666666666666,1,1
7.0,3,1,1,1,30.0,78.0,11.0,0.4666666666666667,69.33333333333333,1,1
9.0,1,1,0,1,0.0,93.0,1.0,0.6,68.0,1,1
8.0,2,1,1,0,0.0,28.0,25.0,0.5333333333333333,72.66666666666667,1,1
11.0,1,0,0,1,120.0,107.0,5.0,0.7333333333333333,64.66666666666667,1,1
11.0,5,1,0,3,30.0,93.0,9.0,0.7333333333333333,50.66666666666667,1,1
3.0,1,0,0,0,268.0,108.0,19.0,0.2,92.0,0,0
1.0,2,1,0,0,120.0,37.0,3.0,0.0666666666666666,95.33333333333331,1,0
4.0,0,0,1,0,30.0,41.0,11.0,0.2666666666666666,85.33333333333333,1,0
5.0,0,0,0,0,187.0,90.0,13.0,0.3333333333333333,86.66666666666667,0,0
3.0,2,1,0,0,150.0,69.0,21.0,0.2,90.0,1,0
6.0,0,1,0,0,90.0,44.0,10.0,0.4,82.0,1,0
14.0,4,0,1,3,0.0,32.0,13.0,0.9333333333333332,40.66666666666666,1,1
2.0,0,0,0,0,314.0,134.0,20.0,0.1333333333333333,94.66666666666669,0,0
3.0,0,0,0,0,196.0,52.0,17.0,0.2,92.0,0,0
11.0,2,1,0,1,60.0,55.0,18.0,0.7333333333333333,62.66666666666667,1,1
8.0,2,0,1,0,150.0,62.0,14.0,0.5333333333333333,74.66666666666667,1,0
7.0,1,0,0,0,326.0,66.0,5.0,0.4666666666666667,81.33333333333333,0,0
6.0,1,0,0,0,333.0,91.0,17.0,0.4,84.0,0,0
10.0,2,1,2,0,0.0,71.0,6.0,0.6666666666666666,63.33333333333334,1,1
8.0,0,0,0,0,298.0,55.0,16.0,0.5333333333333333,78.66666666666667,0,0
3.0,0,0,0,0,187.0,102.0,10.0,0.2,92.0,0,0
9.0,2,0,2,0,30.0,98.0,13.0,0.6,68.0,1,1
1.0,0,0,0,0,313.0,89.0,14.0,0.0666666666666666,97.33333333333331,0,0
0.0,1,0,0,0,300.0,89.0,25.0,0.0,100.0,0,0
8.0,0,1,0,0,150.0,87.0,12.0,0.5333333333333333,76.66666666666667,1,0
7.0,5,2,2,0,30.0,51.0,7.0,0.4666666666666667,69.33333333333333,1,1
3.0,0,0,0,0,238.0,101.0,20.0,0.2,92.0,0,0
8.0,2,0,3,0,30.0,84.0,5.0,0.5333333333333333,66.66666666666667,1,1
6.0,1,1,1,0,30.0,87.0,4.0,0.4,78.0,1,1
7.0,0,0,0,0,330.0,57.0,18.0,0.4666666666666667,81.33333333333333,0,0
2.0,0,0,0,0,211.0,104.0,7.0,0.1333333333333333,94.66666666666669,0,0
7.0,2,1,1,0,0.0,63.0,4.0,0.4666666666666667,75.33333333333333,1,0
8.0,1,1,0,0,0.0,77.0,4.0,0.5333333333333333,76.66666666666667,1,0
4.0,0,0,0,0,201.0,129.0,15.0,0.2666666666666666,89.33333333333333,0,0
3.0,0,0,0,0,251.0,99.0,15.0,0.2,92.0,0,0
1.0,0,0,0,0,310.0,79.0,21.0,0.0666666666666666,97.33333333333331,0,0
7.0,2,1,0,1,30.0,28.0,11.0,0.4666666666666667,73.33333333333333,1,1
14.0,4,0,3,0,30.0,87.0,2.0,0.9333333333333332,50.66666666666666,1,1
12.0,5,0,2,3,0.0,73.0,15.0,0.8,42.0,1,0
7.0,1,0,1,1,60.0,34.0,8.0,0.4666666666666667,71.33333333333333,1,1
7.0,2,2,0,0,0.0,102.0,5.0,0.4666666666666667,77.33333333333333,1,0
8.0,0,0,0,0,258.0,119.0,12.0,0.5333333333333333,78.66666666666667,0,0
3.0,1,0,1,0,60.0,48.0,21.0,0.2,88.0,1,0
7.0,1,1,0,0,90.0,71.0,24.0,0.4666666666666667,79.33333333333333,1,0
2.0,0,0,0,0,246.0,51.0,20.0,0.1333333333333333,94.66666666666669,0,0
7.0,3,2,0,1,0.0,54.0,16.0,0.4666666666666667,71.33333333333333,1,1
3.0,0,1,0,0,30.0,92.0,21.0,0.2,90.0,1,0
6.0,2,1,0,0,60.0,102.0,3.0,0.4,82.0,1,0
13.0,3,2,0,2,0.0,74.0,1.0,0.8666666666666667,49.33333333333333,1,1
4.0,1,1,0,0,150.0,112.0,14.0,0.2666666666666666,87.33333333333333,1,0
7.0,4,2,1,1,0.0,47.0,18.0,0.4666666666666667,67.33333333333333,1,1
5.0,1,1,0,0,60.0,74.0,22.0,0.3333333333333333,84.66666666666667,1,0
4.0,0,0,0,0,188.0,76.0,16.0,0.2666666666666666,89.33333333333333,0,0
0.0,0,0,0,0,269.0,133.0,11.0,0.0,100.0,0,0
4.0,0,0,0,0,221.0,54.0,3.0,0.2666666666666666,89.33333333333333,0,0
0.0,0,0,0,0,295.0,55.0,18.0,0.0,100.0,0,0
1.0,0,0,0,0,188.0,62.0,7.0,0.0666666666666666,97.33333333333331,0,0
4.0,1,1,0,0,120.0,39.0,5.0,0.2666666666666666,87.33333333333333,1,0
10.0,0,0,0,0,318.0,133.0,25.0,0.6666666666666666,73.33333333333334,0,0
4.0,0,0,0,0,200.0,67.0,4.0,0.2666666666666666,89.33333333333333,0,0
7.0,4,2,2,0,0.0,42.0,22.0,0.4666666666666667,69.33333333333333,1,1
0.0,0,0,1,0,60.0,104.0,18.0,0.0,96.0,1,0
5.0,1,1,1,0,90.0,34.0,25.0,0.3333333333333333,80.66666666666667,1,0
6.0,1,0,2,0,60.0,95.0,11.0,0.4,76.0,1,0
8.0,2,0,1,0,90.0,27.0,16.0,0.5333333333333333,74.66666666666667,1,0
2.0,0,1,0,0,0.0,42.0,20.0,0.1333333333333333,92.66666666666669,1,0
1.0,1,0,0,0,263.0,61.0,23.0,0.0666666666666666,97.33333333333331,0,0
8.0,2,0,2,0,60.0,42.0,17.0,0.5333333333333333,70.66666666666667,1,1
12.0,5,2,0,3,0.0,31.0,2.0,0.8,46.0,1,1
8.0,0,0,0,0,279.0,113.0,19.0,0.5333333333333333,78.66666666666667,0,0
0.0,0,0,0,0,227.0,78.0,6.0,0.0,100.0,0,0
9.0,3,0,2,2,0.0,86.0,2.0,0.6,56.0,1,1
6.0,1,2,0,0,30.0,107.0,25.0,0.4,80.0,1,0
1.0,0,0,0,0,188.0,106.0,23.0,0.0666666666666666,97.33333333333331,0,0
2.0,2,1,0,0,0.0,52.0,3.0,0.1333333333333333,92.66666666666669,1,0
8.0,3,1,2,0,30.0,53.0,2.0,0.5333333333333333,68.66666666666667,1,1
0.0,1,0,0,0,356.0,110.0,4.0,0.0,100.0,0,0
11.0,2,1,1,0,0.0,82.0,8.0,0.7333333333333333,64.66666666666667,1,0
9.0,0,0,0,0,360.0,127.0,4.0,0.6,76.0,0,0
2.0,3,0,2,0,60.0,38.0,10.0,0.1333333333333333,86.66666666666667,1,0
8.0,2,0,1,0,120.0,43.0,15.0,0.5333333333333333,74.66666666666667,1,0
3.0,1,1,0,0,120.0,93.0,19.0,0.2,90.0,1,0
2.0,0,0,0,0,326.0,114.0,25.0,0.1333333333333333,94.66666666666669,0,0
14.0,3,0,1,2,0.0,58.0,3.0,0.9333333333333332,46.66666666666666,1,1
10.0,4,2,0,2,0.0,42.0,10.0,0.6666666666666666,57.33333333333334,1,1
14.0,4,1,1,2,0.0,40.0,8.0,0.9333333333333332,44.66666666666666,1,1
8.0,3,0,1,2,30.0,54.0,2.0,0.5333333333333333,62.66666666666667,1,1
14.0,4,0,0,3,0.0,85.0,16.0,0.9333333333333332,44.66666666666666,1,1
8.0,1,0,0,0,337.0,73.0,9.0,0.5333333333333333,78.66666666666667,0,0
7.0,2,2,0,0,0.0,78.0,18.0,0.4666666666666667,77.33333333333333,1,0
10.0,4,1,1,1,30.0,72.0,17.0,0.6666666666666666,61.33333333333334,1,1
3.0,0,0,1,0,0.0,92.0,4.0,0.2,88.0,1,1
4.0,2,1,0,0,0.0,78.0,22.0,0.2666666666666666,87.33333333333333,1,0
0.0,0,0,0,0,329.0,133.0,5.0,0.0,100.0,0,0
5.0,1,0,0,0,263.0,80.0,8.0,0.3333333333333333,86.66666666666667,0,0
8.0,2,1,0,0,150.0,115.0,4.0,0.5333333333333333,76.66666666666667,1,0
8.0,1,1,0,0,150.0,45.0,9.0,0.5333333333333333,76.66666666666667,1,0
7.0,1,1,1,0,0.0,35.0,9.0,0.4666666666666667,75.33333333333333,1,1
7.0,1,0,0,0,300.0,117.0,18.0,0.4666666666666667,81.33333333333333,0,0
1.0,1,0,0,0,306.0,49.0,2.0,0.0666666666666666,97.33333333333331,0,0
2.0,0,0,0,0,352.0,53.0,7.0,0.1333333333333333,94.66666666666669,0,0
6.0,1,2,0,0,0.0,83.0,24.0,0.4,80.0,1,0
3.0,1,0,0,0,308.0,78.0,11.0,0.2,92.0,0,0
3.0,1,1,0,0,30.0,93.0,9.0,0.2,90.0,1,0
1.0,0,0,0,0,221.0,62.0,11.0,0.0666666666666666,97.33333333333331,0,0
8.0,3,2,1,0,30.0,33.0,18.0,0.5333333333333333,70.66666666666667,1,1
4.0,0,0,0,0,223.0,134.0,8.0,0.2666666666666666,89.33333333333333,0,0
3.0,0,1,0,0,30.0,59.0,11.0,0.2,90.0,1,0
1.0,1,0,0,0,194.0,123.0,10.0,0.0666666666666666,97.33333333333331,0,0
6.0,2,1,0,1,30.0,98.0,9.0,0.4,76.0,1,1
7.0,0,0,0,0,267.0,106.0,10.0,0.4666666666666667,81.33333333333333,0,0
3.0,0,0,0,0,296.0,98.0,9.0,0.2,92.0,0,0
0.0,0,0,0,0,202.0,54.0,10.0,0.0,100.0,0,0
1.0,1,1,0,0,0.0,54.0,9.0,0.0666666666666666,95.33333333333331,1,0
6.0,2,2,0,1,30.0,23.0,22.0,0.4,74.0,1,1
7.0,1,1,1,0,30.0,70.0,25.0,0.4666666666666667,75.33333333333333,1,1
7.0,2,1,0,0,60.0,114.0,5.0,0.4666666666666667,79.33333333333333,1,0
4.0,1,0,1,0,120.0,83.0,10.0,0.2666666666666666,85.33333333333333,1,1
0.0,2,2,0,0,0.0,97.0,8.0,0.0,96.0,1,0
14.0,4,1,0,2,90.0,79.0,21.0,0.9333333333333332,48.66666666666666,1,1
6.0,0,0,1,0,60.0,67.0,7.0,0.4,80.0,1,0
4.0,0,0,0,0,279.0,59.0,12.0,0.2666666666666666,89.33333333333333,0,0
7.0,0,0,0,0,256.0,44.0,4.0,0.4666666666666667,81.33333333333333,0,0
2.0,1,0,0,0,238.0,73.0,14.0,0.1333333333333333,94.66666666666669,0,0
4.0,0,0,0,0,338.0,105.0,14.0,0.2666666666666666,89.33333333333333,0,0
3.0,1,1,0,0,150.0,84.0,13.0,0.2,90.0,1,0
8.0,0,0,0,0,243.0,63.0,5.0,0.5333333333333333,78.66666666666667,0,0
2.0,0,0,0,0,192.0,95.0,2.0,0.1333333333333333,94.66666666666669,0,0
4.0,1,0,0,0,317.0,57.0,19.0,0.2666666666666666,89.33333333333333,0,0
14.0,5,2,0,2,30.0,89.0,2.0,0.9333333333333332,46.66666666666666,1,1
6.0,1,1,0,1,0.0,42.0,22.0,0.4,76.0,1,1
8.0,3,3,0,0,0.0,15.0,10.0,0.5333333333333333,72.66666666666667,1,1
7.0,0,0,0,0,224.0,112.0,23.0,0.4666666666666667,81.33333333333333,0,0
8.0,0,0,1,0,150.0,68.0,8.0,0.5333333333333333,74.66666666666667,1,0
11.0,5,2,2,0,0.0,87.0,9.0,0.7333333333333333,58.66666666666667,1,0
1.0,1,1,0,0,0.0,46.0,25.0,0.0666666666666666,95.33333333333331,1,0
2.0,1,1,0,0,90.0,51.0,5.0,0.1333333333333333,92.66666666666669,1,0
4.0,1,0,0,1,150.0,68.0,20.0,0.2666666666666666,83.33333333333333,1,0
2.0,0,0,0,0,263.0,56.0,7.0,0.1333333333333333,94.66666666666669,0,0
5.0,1,0,1,0,0.0,104.0,11.0,0.3333333333333333,82.66666666666667,1,0
4.0,1,2,0,0,0.0,64.0,11.0,0.2666666666666666,85.33333333333333,1,0
3.0,3,2,0,0,60.0,94.0,14.0,0.2,88.0,1,0
3.0,0,0,0,0,226.0,124.0,4.0,0.2,92.0,0,0
14.0,1,1,1,0,0.0,48.0,6.0,0.9333333333333332,56.66666666666666,1,1
5.0,2,1,0,0,0.0,44.0,9.0,0.3333333333333333,84.66666666666667,1,0
11.0,2,0,0,3,60.0,78.0,20.0,0.7333333333333333,52.66666666666667,1,1
5.0,2,1,0,0,0.0,112.0,5.0,0.3333333333333333,84.66666666666667,1,0
7.0,0,0,0,0,273.0,94.0,6.0,0.4666666666666667,81.33333333333333,0,0
6.0,1,0,1,1,30.0,117.0,8.0,0.4,74.0,1,1
12.0,3,0,1,2,0.0,41.0,25.0,0.8,52.0,1,1
5.0,1,0,0,0,327.0,121.0,9.0,0.3333333333333333,86.66666666666667,0,0
10.0,0,0,0,1,120.0,33.0,1.0,0.6666666666666666,67.33333333333334,1,1
11.0,3,1,1,0,30.0,49.0,22.0,0.7333333333333333,64.66666666666667,1,1
8.0,0,0,1,0,60.0,59.0,8.0,0.5333333333333333,74.66666666666667,1,0
3.0,0,0,0,0,264.0,78.0,24.0,0.2,92.0,0,0
2.0,0,0,0,0,192.0,55.0,1.0,0.1333333333333333,94.66666666666669,0,0
6.0,3,0,1,1,60.0,39.0,25.0,0.4,74.0,1,1
0.0,1,0,0,0,346.0,120.0,18.0,0.0,100.0,0,0
3.0,0,0,0,0,195.0,73.0,12.0,0.2,92.0,0,0
0.0,0,0,0,0,242.0,49.0,14.0,0.0,100.0,0,0
3.0,0,0,0,0,215.0,130.0,16.0,0.2,92.0,0,0
9.0,2,0,1,1,60.0,68.0,14.0,0.6,66.0,1,1
2.0,1,1,0,0,150.0,37.0,16.0,0.1333333333333333,92.66666666666669,1,0
3.0,0,1,0,0,150.0,89.0,11.0,0.2,90.0,1,0
11.0,2,0,2,1,0.0,91.0,5.0,0.7333333333333333,56.66666666666667,1,1
8.0,1,0,0,1,150.0,64.0,23.0,0.5333333333333333,72.66666666666667,1,1
8.0,1,2,0,0,90.0,58.0,3.0,0.5333333333333333,74.66666666666667,1,0
9.0,2,1,0,1,0.0,103.0,11.0,0.6,68.0,1,1
4.0,0,0,0,0,338.0,124.0,2.0,0.2666666666666666,89.33333333333333,0,0
12.0,3,1,2,1,0.0,82.0,14.0,0.8,52.0,1,1
8.0,2,0,2,0,0.0,77.0,21.0,0.5333333333333333,70.66666666666667,1,1
5.0,1,1,0,0,0.0,49.0,20.0,0.3333333333333333,84.66666666666667,1,0
0.0,1,1,0,0,120.0,47.0,23.0,0.0,98.0,1,0
3.0,0,0,0,0,351.0,100.0,21.0,0.2,92.0,0,0
2.0,1,1,0,0,0.0,99.0,20.0,0.1333333333333333,92.66666666666669,1,0
4.0,0,0,0,0,210.0,46.0,12.0,0.2666666666666666,89.33333333333333,0,0
5.0,0,0,0,0,269.0,140.0,23.0,0.3333333333333333,86.66666666666667,0,0
3.0,0,0,0,0,201.0,84.0,1.0,0.2,92.0,0,0
4.0,0,0,0,0,325.0,116.0,18.0,0.2666666666666666,89.33333333333333,0,0
9.0,3,0,3,1,30.0,60.0,17.0,0.6,58.0,1,1
6.0,1,2,0,0,30.0,92.0,13.0,0.4,80.0,1,0
2.0,0,0,0,0,280.0,96.0,8.0,0.1333333333333333,94.66666666666669,0,0
3.0,1,0,0,0,265.0,60.0,21.0,0.2,92.0,0,0
1.0,0,0,0,0,294.0,131.0,13.0,0.0666666666666666,97.33333333333331,0,0
5.0,1,1,0,0,150.0,104.0,9.0,0.3333333333333333,84.66666666666667,1,0
0.0,1,0,0,0,275.0,136.0,6.0,0.0,100.0,0,0
8.0,2,0,2,1,60.0,99.0,6.0,0.5333333333333333,64.66666666666667,1,0
10.0,2,0,2,1,30.0,74.0,12.0,0.6666666666666666,59.33333333333334,1,1
4.0,0,0,0,0,356.0,89.0,20.0,0.2666666666666666,89.33333333333333,0,0
8.0,1,0,0,0,347.0,69.0,5.0,0.5333333333333333,78.66666666666667,0,0
2.0,0,0,0,0,210.0,88.0,19.0,0.1333333333333333,94.66666666666669,0,0
8.0,1,0,1,0,90.0,78.0,3.0,0.5333333333333333,74.66666666666667,1,0
1.0,1,1,0,0,0.0,59.0,14.0,0.0666666666666666,95.33333333333331,1,0
11.0,3,1,0,1,30.0,72.0,19.0,0.7333333333333333,62.66666666666667,1,1
14.0,4,1,0,3,0.0,99.0,23.0,0.9333333333333332,42.66666666666666,1,1
6.0,0,1,0,0,30.0,83.0,14.0,0.4,82.0,1,0
6.0,1,0,0,1,30.0,123.0,24.0,0.4,78.0,1,1
8.0,0,0,0,0,241.0,76.0,16.0,0.5333333333333333,78.66666666666667,0,0
11.0,2,1,0,1,0.0,91.0,5.0,0.7333333333333333,62.66666666666667,1,1
11.0,2,1,1,0,0.0,71.0,2.0,0.7333333333333333,64.66666666666667,1,1
0.0,2,0,1,0,60.0,111.0,19.0,0.0,96.0,1,0
3.0,0,0,0,0,196.0,106.0,25.0,0.2,92.0,0,0
12.0,3,0,0,2,60.0,103.0,4.0,0.8,56.0,1,1
11.0,3,0,1,1,120.0,80.0,5.0,0.7333333333333333,60.66666666666667,1,1
10.0,3,0,1,2,0.0,103.0,16.0,0.6666666666666666,57.33333333333334,1,1
1.0,1,0,0,0,205.0,86.0,20.0,0.0666666666666666,97.33333333333331,0,0
2.0,1,1,0,0,150.0,56.0,17.0,0.1333333333333333,92.66666666666669,1,0
3.0,0,0,1,0,60.0,90.0,11.0,0.2,88.0,1,0
12.0,1,0,1,0,60.0,26.0,6.0,0.8,64.0,1,1
2.0,0,0,0,0,199.0,90.0,11.0,0.1333333333333333,94.66666666666669,0,0
11.0,2,0,3,0,0.0,97.0,25.0,0.7333333333333333,58.66666666666667,1,1
4.0,0,0,0,0,248.0,111.0,7.0,0.2666666666666666,89.33333333333333,0,0
4.0,0,0,1,0,150.0,96.0,25.0,0.2666666666666666,85.33333333333333,1,0
1.0,0,0,0,0,300.0,121.0,1.0,0.0666666666666666,97.33333333333331,0,0
4.0,1,1,0,0,60.0,82.0,3.0,0.2666666666666666,87.33333333333333,1,0
4.0,0,1,0,0,0.0,131.0,8.0,0.2666666666666666,87.33333333333333,1,0
1.0,1,0,0,1,0.0,115.0,10.0,0.0666666666666666,91.33333333333331,1,0
6.0,0,1,0,0,0.0,68.0,14.0,0.4,82.0,1,0
1.0,1,1,0,0,150.0,66.0,25.0,0.0666666666666666,95.33333333333331,1,0
12.0,3,0,4,0,30.0,35.0,17.0,0.8,52.0,1,1
0.0,0,0,0,0,181.0,87.0,7.0,0.0,100.0,0,0
12.0,4,0,2,1,30.0,51.0,19.0,0.8,54.0,1,1
5.0,1,1,0,0,0.0,122.0,10.0,0.3333333333333333,84.66666666666667,1,0
8.0,3,1,1,0,0.0,48.0,8.0,0.5333333333333333,72.66666666666667,1,1
2.0,0,0,0,0,228.0,90.0,11.0,0.1333333333333333,94.66666666666669,0,0
3.0,0,0,0,0,200.0,96.0,23.0,0.2,92.0,0,0
6.0,2,0,1,0,120.0,54.0,7.0,0.4,80.0,1,0
3.0,0,0,0,0,182.0,59.0,23.0,0.2,92.0,0,0
2.0,0,0,0,0,293.0,84.0,19.0,0.1333333333333333,94.66666666666669,0,0
5.0,2,0,1,1,0.0,91.0,16.0,0.3333333333333333,76.66666666666667,1,1
9.0,2,0,1,1,60.0,42.0,10.0,0.6,66.0,1,1
3.0,1,0,0,0,245.0,102.0,17.0,0.2,92.0,0,0
3.0,2,1,0,0,120.0,51.0,15.0,0.2,90.0,1,0
1.0,0,0,0,0,300.0,80.0,12.0,0.0666666666666666,97.33333333333331,0,0
14.0,3,1,1,1,90.0,57.0,20.0,0.9333333333333332,50.66666666666666,1,1
1.0,0,0,0,0,258.0,121.0,5.0,0.0666666666666666,97.33333333333331,0,0
8.0,0,0,0,0,265.0,131.0,7.0,0.5333333333333333,78.66666666666667,0,0
14.0,5,1,1,2,0.0,77.0,14.0,0.9333333333333332,44.66666666666666,1,1
10.0,2,0,1,1,90.0,100.0,5.0,0.6666666666666666,63.33333333333334,1,1
4.0,2,1,1,0,60.0,64.0,19.0,0.2666666666666666,83.33333333333333,1,0
3.0,0,0,0,0,250.0,120.0,15.0,0.2,92.0,0,0
0.0,1,0,0,0,337.0,121.0,10.0,0.0,100.0,0,0
5.0,2,0,0,1,30.0,77.0,2.0,0.3333333333333333,80.66666666666667,1,1
4.0,1,0,0,1,150.0,98.0,10.0,0.2666666666666666,83.33333333333333,1,0
4.0,1,1,0,0,0.0,75.0,6.0,0.2666666666666666,87.33333333333333,1,0
3.0,0,0,0,0,268.0,75.0,17.0,0.2,92.0,0,0
2.0,1,0,0,0,360.0,85.0,6.0,0.1333333333333333,94.66666666666669,0,0
3.0,0,0,0,0,197.0,120.0,25.0,0.2,92.0,0,0
13.0,3,1,0,2,90.0,96.0,5.0,0.8666666666666667,51.33333333333333,1,1
5.0,0,0,1,0,30.0,120.0,20.0,0.3333333333333333,82.66666666666667,1,0
10.0,1,0,1,1,90.0,82.0,24.0,0.6666666666666666,63.33333333333334,1,1
10.0,2,0,1,1,120.0,69.0,16.0,0.6666666666666666,63.33333333333334,1,1
8.0,3,1,2,0,0.0,49.0,3.0,0.5333333333333333,68.66666666666667,1,1
5.0,0,0,0,1,30.0,107.0,14.0,0.3333333333333333,80.66666666666667,1,0
1.0,1,0,0,0,233.0,74.0,23.0,0.0666666666666666,97.33333333333331,0,0
8.0,1,0,0,0,193.0,79.0,9.0,0.5333333333333333,78.66666666666667,0,0
2.0,1,0,0,0,309.0,52.0,23.0,0.1333333333333333,94.66666666666669,0,0
10.0,4,2,0,2,0.0,87.0,17.0,0.6666666666666666,57.33333333333334,1,1
7.0,3,0,2,0,0.0,95.0,17.0,0.4666666666666667,73.33333333333333,1,1
6.0,2,0,1,0,150.0,37.0,14.0,0.4,80.0,1,0
12.0,2,1,1,0,30.0,82.0,8.0,0.8,62.0,1,1
13.0,4,1,0,2,0.0,46.0,6.0,0.8666666666666667,51.33333333333333,1,1
3.0,0,0,0,0,315.0,64.0,21.0,0.2,92.0,0,0
14.0,3,1,1,1,30.0,22.0,5.0,0.9333333333333332,50.66666666666666,1,1
3.0,1,0,0,0,320.0,95.0,10.0,0.2,92.0,0,0
2.0,1,1,0,0,60.0,112.0,21.0,0.1333333333333333,92.66666666666669,1,0
3.0,2,1,1,0,0.0,72.0,17.0,0.2,86.0,1,0
0.0,0,0,0,0,217.0,83.0,20.0,0.0,100.0,0,0
0.0,1,0,1,0,30.0,70.0,23.0,0.0,96.0,1,0
6.0,3,0,1,1,0.0,94.0,16.0,0.4,74.0,1,1
12.0,0,0,1,0,0.0,114.0,20.0,0.8,64.0,1,1
10.0,4,3,1,0,0.0,24.0,5.0,0.6666666666666666,63.33333333333334,1,1
9.0,1,1,0,0,30.0,96.0,1.0,0.6,74.0,1,0
5.0,2,2,0,1,0.0,33.0,22.0,0.3333333333333333,76.66666666666667,1,1
10.0,2,1,1,0,0.0,91.0,19.0,0.6666666666666666,67.33333333333334,1,1
7.0,3,2,1,0,30.0,84.0,5.0,0.4666666666666667,73.33333333333333,1,1
12.0,4,0,2,1,30.0,40.0,10.0,0.8,54.0,1,1
1.0,0,0,0,0,231.0,98.0,20.0,0.0666666666666666,97.33333333333331,0,0
7.0,1,0,1,0,0.0,99.0,17.0,0.4666666666666667,77.33333333333333,1,0
8.0,3,0,3,0,0.0,29.0,5.0,0.5333333333333333,66.66666666666667,1,1
2.0,0,0,0,0,214.0,88.0,1.0,0.1333333333333333,94.66666666666669,0,0
4.0,1,0,0,0,180.0,123.0,25.0,0.2666666666666666,89.33333333333333,0,0
10.0,2,1,0,1,0.0,103.0,14.0,0.6666666666666666,65.33333333333334,1,1
1.0,1,0,0,0,205.0,54.0,15.0,0.0666666666666666,97.33333333333331,0,0
10.0,1,0,1,1,30.0,116.0,7.0,0.6666666666666666,63.33333333333334,1,1
14.0,2,1,0,2,0.0,20.0,10.0,0.9333333333333332,48.66666666666666,1,1
11.0,4,3,0,0,60.0,24.0,9.0,0.7333333333333333,64.66666666666667,1,1
12.0,4,1,1,1,30.0,27.0,16.0,0.8,56.0,1,1
7.0,3,1,1,0,60.0,51.0,16.0,0.4666666666666667,75.33333333333333,1,0
7.0,0,0,0,0,249.0,46.0,12.0,0.4666666666666667,81.33333333333333,0,0
6.0,1,1,1,0,60.0,20.0,25.0,0.4,78.0,1,0
10.0,1,0,0,0,206.0,118.0,1.0,0.6666666666666666,73.33333333333334,0,0
11.0,4,0,1,3,0.0,49.0,14.0,0.7333333333333333,48.66666666666667,1,1
8.0,0,0,0,0,268.0,138.0,2.0,0.5333333333333333,78.66666666666667,0,0
1.0,0,0,0,0,196.0,48.0,9.0,0.0666666666666666,97.33333333333331,0,0
3.0,1,0,0,0,342.0,68.0,25.0,0.2,92.0,0,0
6.0,2,2,0,0,120.0,103.0,13.0,0.4,80.0,1,0
0.0,0,0,0,0,342.0,91.0,9.0,0.0,100.0,0,0
9.0,4,2,0,2,0.0,49.0,22.0,0.6,60.0,1,1
3.0,0,0,0,0,302.0,84.0,25.0,0.2,92.0,0,0
12.0,1,1,0,0,30.0,53.0,3.0,0.8,66.0,1,1
14.0,2,0,1,1,120.0,103.0,6.0,0.9333333333333332,52.66666666666666,1,1
0.0,1,0,0,0,287.0,113.0,2.0,0.0,100.0,0,0
11.0,1,1,0,1,0.0,97.0,23.0,0.7333333333333333,62.66666666666667,1,1
1.0,0,0,0,0,213.0,106.0,18.0,0.0666666666666666,97.33333333333331,0,0
1.0,0,0,0,0,184.0,133.0,3.0,0.0666666666666666,97.33333333333331,0,0
9.0,1,0,1,0,150.0,80.0,24.0,0.6,72.0,1,1
10.0,4,1,2,1,0.0,64.0,7.0,0.6666666666666666,57.33333333333334,1,1
3.0,1,0,0,0,360.0,86.0,18.0,0.2,92.0,0,0
6.0,2,1,0,0,0.0,130.0,10.0,0.4,82.0,1,0
3.0,1,0,0,0,228.0,74.0,13.0,0.2,92.0,0,0
3.0,1,0,0,0,240.0,133.0,12.0,0.2,92.0,0,0
3.0,2,1,0,1,30.0,75.0,9.0,0.2,84.0,1,1
2.0,0,0,0,0,339.0,98.0,8.0,0.1333333333333333,94.66666666666669,0,0
8.0,3,1,1,0,0.0,45.0,4.0,0.5333333333333333,72.66666666666667,1,1
5.0,1,1,0,0,120.0,98.0,2.0,0.3333333333333333,84.66666666666667,1,0
10.0,5,1,1,2,30.0,38.0,2.0,0.6666666666666666,55.33333333333334,1,1
1.0,1,1,0,0,60.0,78.0,12.0,0.0666666666666666,95.33333333333331,1,0
4.0,1,0,0,0,345.0,85.0,16.0,0.2666666666666666,89.33333333333333,0,1
10.0,2,1,0,2,0.0,86.0,14.0,0.6666666666666666,59.33333333333334,1,1
11.0,2,1,1,0,0.0,77.0,10.0,0.7333333333333333,64.66666666666667,1,1
0.0,0,0,0,0,305.0,124.0,9.0,0.0,100.0,0,0
8.0,0,0,0,0,280.0,86.0,25.0,0.5333333333333333,78.66666666666667,0,0
5.0,0,1,0,0,0.0,113.0,7.0,0.3333333333333333,84.66666666666667,1,0
7.0,4,1,1,2,30.0,44.0,5.0,0.4666666666666667,63.33333333333333,1,1
4.0,0,0,0,0,352.0,141.0,25.0,0.2666666666666666,89.33333333333333,0,0
3.0,0,0,0,0,233.0,93.0,19.0,0.2,92.0,0,0
12.0,0,0,0,1,60.0,72.0,7.0,0.8,62.0,1,1
8.0,4,2,1,0,0.0,85.0,25.0,0.5333333333333333,70.66666666666667,1,1
2.0,0,0,0,0,227.0,44.0,19.0,0.1333333333333333,94.66666666666669,0,0
2.0,1,0,1,0,60.0,107.0,16.0,0.1333333333333333,90.66666666666669,1,0
14.0,3,0,0,3,0.0,105.0,4.0,0.9333333333333332,44.66666666666666,1,1
10.0,4,0,1,2,60.0,41.0,11.0,0.6666666666666666,57.33333333333334,1,1
12.0,3,1,0,1,90.0,43.0,17.0,0.8,60.0,1,1
3.0,0,0,0,0,316.0,141.0,15.0,0.2,92.0,0,0
8.0,0,0,0,0,292.0,116.0,10.0,0.5333333333333333,78.66666666666667,0,0
4.0,1,0,0,0,318.0,120.0,8.0,0.2666666666666666,89.33333333333333,0,0
6.0,0,0,1,0,120.0,60.0,4.0,0.4,80.0,1,0
5.0,0,0,0,0,343.0,92.0,22.0,0.3333333333333333,86.66666666666667,0,0
8.0,1,1,1,0,0.0,59.0,16.0,0.5333333333333333,72.66666666666667,1,1
3.0,2,0,0,1,120.0,35.0,25.0,0.2,86.0,1,0
5.0,1,0,0,0,300.0,60.0,10.0,0.3333333333333333,86.66666666666667,0,0
8.0,1,0,0,0,204.0,41.0,25.0,0.5333333333333333,78.66666666666667,0,0
3.0,0,0,0,0,215.0,55.0,1.0,0.2,92.0,0,0
11.0,2,1,0,0,0.0,115.0,18.0,0.7333333333333333,68.66666666666667,1,0
2.0,0,0,0,0,360.0,109.0,9.0,0.1333333333333333,94.66666666666669,0,0
11.0,3,2,0,0,60.0,93.0,3.0,0.7333333333333333,66.66666666666667,1,1
5.0,1,1,0,0,150.0,99.0,22.0,0.3333333333333333,84.66666666666667,1,0
4.0,1,1,0,0,120.0,64.0,21.0,0.2666666666666666,87.33333333333333,1,0
2.0,0,0,0,0,328.0,120.0,10.0,0.1333333333333333,94.66666666666669,0,0
2.0,0,0,0,0,284.0,96.0,12.0,0.1333333333333333,94.66666666666669,0,0
2.0,0,0,0,0,285.0,116.0,7.0,0.1333333333333333,94.66666666666669,0,0
7.0,2,0,1,0,60.0,70.0,9.0,0.4666666666666667,77.33333333333333,1,0
3.0,0,0,0,1,60.0,58.0,19.0,0.2,86.0,1,0
0.0,1,1,0,0,150.0,100.0,3.0,0.0,98.0,1,0
4.0,0,0,0,0,235.0,116.0,20.0,0.2666666666666666,89.33333333333333,0,0
7.0,3,1,2,0,0.0,76.0,11.0,0.4666666666666667,71.33333333333333,1,1
8.0,2,0,0,1,0.0,48.0,3.0,0.5333333333333333,72.66666666666667,1,1
1.0,0,0,0,0,249.0,103.0,17.0,0.0666666666666666,97.33333333333331,0,0
6.0,1,1,0,0,30.0,78.0,21.0,0.4,82.0,1,0
3.0,1,0,0,0,281.0,79.0,2.0,0.2,92.0,0,0
6.0,3,2,2,0,0.0,82.0,7.0,0.4,72.0,1,1
6.0,2,0,1,0,120.0,120.0,18.0,0.4,80.0,1,0
11.0,2,1,2,0,30.0,48.0,7.0,0.7333333333333333,60.66666666666667,1,1
13.0,3,1,1,1,0.0,24.0,17.0,0.8666666666666667,53.33333333333333,1,1
2.0,0,0,1,0,90.0,48.0,18.0,0.1333333333333333,90.66666666666669,1,0
0.0,0,0,0,0,190.0,70.0,25.0,0.0,100.0,0,0
2.0,1,0,0,1,0.0,107.0,5.0,0.1333333333333333,88.66666666666667,1,0
0.0,1,0,0,0,331.0,66.0,3.0,0.0,100.0,0,0
9.0,4,2,3,0,0.0,10.0,20.0,0.6,60.0,1,1
11.0,2,0,1,1,0.0,43.0,1.0,0.7333333333333333,60.66666666666667,1,1
7.0,1,0,1,0,60.0,112.0,18.0,0.4666666666666667,77.33333333333333,1,0
0.0,0,0,0,0,317.0,129.0,10.0,0.0,100.0,0,0
7.0,4,0,2,1,0.0,74.0,4.0,0.4666666666666667,67.33333333333333,1,1
14.0,4,0,1,3,0.0,34.0,13.0,0.9333333333333332,40.66666666666666,1,1
4.0,0,0,0,0,360.0,120.0,8.0,0.2666666666666666,89.33333333333333,0,0
2.0,1,0,0,0,207.0,44.0,6.0,0.1333333333333333,94.66666666666669,0,0
6.0,4,2,1,1,0.0,81.0,13.0,0.4,70.0,1,0
11.0,2,0,2,1,0.0,49.0,1.0,0.7333333333333333,56.66666666666667,1,1
4.0,1,0,1,0,30.0,113.0,25.0,0.2666666666666666,85.33333333333333,1,0
0.0,1,1,0,0,120.0,48.0,16.0,0.0,98.0,1,0
4.0,2,1,1,0,60.0,77.0,18.0,0.2666666666666666,83.33333333333333,1,0
6.0,0,0,0,0,348.0,88.0,6.0,0.4,84.0,0,0
12.0,3,0,1,2,0.0,110.0,10.0,0.8,52.0,1,1
9.0,2,1,2,0,60.0,52.0,10.0,0.6,66.0,1,1
1.0,0,0,0,0,307.0,65.0,3.0,0.0666666666666666,97.33333333333331,0,0
3.0,0,0,0,0,346.0,137.0,7.0,0.2,92.0,0,0
5.0,0,0,0,0,326.0,124.0,1.0,0.3333333333333333,86.66666666666667,0,0
6.0,0,0,0,1,30.0,63.0,13.0,0.4,78.0,1,1
0.0,1,0,0,0,234.0,73.0,5.0,0.0,100.0,0,0
8.0,3,1,1,0,0.0,91.0,7.0,0.5333333333333333,72.66666666666667,1,1
3.0,1,0,2,0,0.0,76.0,25.0,0.2,84.0,1,0
4.0,0,0,0,0,353.0,127.0,13.0,0.2666666666666666,89.33333333333333,0,0
8.0,1,1,0,0,30.0,43.0,23.0,0.5333333333333333,76.66666666666667,1,0
0.0,0,0,0,0,312.0,61.0,4.0,0.0,100.0,0,0
3.0,2,1,0,0,90.0,70.0,24.0,0.2,90.0,1,0
5.0,1,1,0,0,120.0,43.0,3.0,0.3333333333333333,84.66666666666667,1,0
5.0,1,1,0,0,90.0,91.0,9.0,0.3333333333333333,84.66666666666667,1,0
2.0,0,0,0,0,235.0,107.0,14.0,0.1333333333333333,94.66666666666669,0,0
14.0,2,0,1,1,30.0,35.0,14.0,0.9333333333333332,52.66666666666666,1,1
1.0,0,0,0,0,302.0,127.0,2.0,0.0666666666666666,97.33333333333331,0,0
5.0,2,2,0,1,30.0,21.0,6.0,0.3333333333333333,76.66666666666667,1,1
7.0,2,0,1,0,150.0,35.0,15.0,0.4666666666666667,77.33333333333333,1,0
1.0,1,2,0,0,60.0,36.0,20.0,0.0666666666666666,93.33333333333331,1,0
12.0,1,0,0,1,120.0,119.0,10.0,0.8,62.0,1,1
0.0,0,0,0,0,318.0,113.0,15.0,0.0,100.0,0,0
8.0,2,1,0,1,0.0,64.0,19.0,0.5333333333333333,70.66666666666667,1,1
0.0,0,0,0,0,246.0,105.0,4.0,0.0,100.0,0,0
3.0,1,1,1,0,60.0,73.0,16.0,0.2,86.0,1,0
8.0,4,2,2,0,0.0,51.0,9.0,0.5333333333333333,66.66666666666667,1,1
8.0,2,1,1,0,0.0,66.0,21.0,0.5333333333333333,72.66666666666667,1,1
12.0,2,0,1,0,120.0,61.0,10.0,0.8,64.0,1,1
7.0,3,2,0,0,30.0,33.0,11.0,0.4666666666666667,77.33333333333333,1,0
11.0,2,1,0,1,0.0,102.0,6.0,0.7333333333333333,62.66666666666667,1,1
11.0,1,1,1,0,30.0,76.0,2.0,0.7333333333333333,64.66666666666667,1,1
6.0,3,2,1,0,0.0,67.0,23.0,0.4,76.0,1,1
3.0,0,1,0,0,60.0,33.0,1.0,0.2,90.0,1,0
7.0,0,0,0,0,223.0,58.0,11.0,0.4666666666666667,81.33333333333333,0,0
7.0,0,0,1,0,90.0,98.0,5.0,0.4666666666666667,77.33333333333333,1,0
10.0,3,0,3,0,0.0,104.0,6.0,0.6666666666666666,61.33333333333334,1,1
9.0,1,0,1,1,90.0,64.0,14.0,0.6,66.0,1,1
8.0,0,0,0,0,318.0,142.0,3.0,0.5333333333333333,78.66666666666667,0,0
3.0,1,0,0,1,0.0,80.0,10.0,0.2,86.0,1,0
4.0,0,0,0,0,242.0,85.0,23.0,0.2666666666666666,89.33333333333333,0,0
4.0,2,2,0,0,0.0,63.0,24.0,0.2666666666666666,85.33333333333333,1,0
0.0,2,0,1,0,30.0,46.0,14.0,0.0,96.0,1,0
2.0,1,1,0,0,90.0,114.0,6.0,0.1333333333333333,92.66666666666669,1,0
11.0,1,0,1,0,0.0,43.0,4.0,0.7333333333333333,66.66666666666667,1,1
10.0,1,0,0,2,0.0,66.0,23.0,0.6666666666666666,61.33333333333334,1,1
6.0,0,0,0,0,220.0,61.0,4.0,0.4,84.0,0,0
5.0,0,0,1,0,150.0,63.0,5.0,0.3333333333333333,82.66666666666667,1,0
8.0,1,0,0,0,265.0,103.0,2.0,0.5333333333333333,78.66666666666667,0,0
4.0,1,0,0,0,297.0,121.0,7.0,0.2666666666666666,89.33333333333333,0,0
7.0,2,0,1,0,0.0,98.0,15.0,0.4666666666666667,77.33333333333333,1,0
3.0,2,0,1,0,30.0,62.0,11.0,0.2,88.0,1,0
1.0,0,0,0,0,270.0,130.0,25.0,0.0666666666666666,97.33333333333331,0,0
11.0,4,2,1,0,60.0,42.0,16.0,0.7333333333333333,62.66666666666667,1,1
1.0,0,0,1,0,0.0,34.0,23.0,0.0666666666666666,93.33333333333331,1,0
6.0,1,0,1,0,120.0,115.0,15.0,0.4,80.0,1,0
8.0,0,0,0,0,204.0,94.0,20.0,0.5333333333333333,78.66666666666667,0,0
12.0,2,2,1,0,60.0,18.0,11.0,0.8,60.0,1,1
11.0,2,2,1,0,0.0,21.0,9.0,0.7333333333333333,62.66666666666667,1,1
11.0,4,1,2,1,30.0,47.0,11.0,0.7333333333333333,54.66666666666667,1,1
7.0,3,2,0,0,0.0,102.0,9.0,0.4666666666666667,77.33333333333333,1,0
12.0,2,0,1,0,0.0,90.0,20.0,0.8,64.0,1,1
6.0,1,1,0,0,0.0,115.0,7.0,0.4,82.0,1,0
6.0,0,0,0,0,247.0,135.0,15.0,0.4,84.0,0,0
11.0,2,2,0,1,0.0,31.0,5.0,0.7333333333333333,60.66666666666667,1,1
11.0,4,0,3,1,30.0,10.0,2.0,0.7333333333333333,52.66666666666667,1,1
6.0,3,1,0,1,30.0,51.0,6.0,0.4,76.0,1,1
11.0,4,1,2,0,0.0,93.0,21.0,0.7333333333333333,60.66666666666667,1,1
4.0,0,1,0,0,30.0,55.0,17.0,0.2666666666666666,87.33333333333333,1,0
3.0,2,2,0,0,90.0,114.0,4.0,0.2,88.0,1,0
3.0,1,0,0,0,267.0,80.0,2.0,0.2,92.0,0,0
2.0,0,0,0,0,303.0,92.0,15.0,0.1333333333333333,94.66666666666669,0,0
2.0,0,0,0,0,276.0,81.0,17.0,0.1333333333333333,94.66666666666669,0,0
5.0,0,0,0,0,242.0,109.0,19.0,0.3333333333333333,86.66666666666667,0,0
8.0,2,1,1,1,0.0,63.0,23.0,0.5333333333333333,66.66666666666667,1,1
3.0,1,1,0,0,120.0,102.0,1.0,0.2,90.0,1,0
3.0,2,0,1,0,90.0,80.0,13.0,0.2,88.0,1,0
6.0,4,1,1,1,0.0,34.0,13.0,0.4,72.0,1,1
8.0,2,3,0,0,0.0,49.0,3.0,0.5333333333333333,72.66666666666667,1,1
5.0,0,0,0,0,212.0,74.0,22.0,0.3333333333333333,86.66666666666667,0,0
12.0,2,1,2,0,60.0,74.0,10.0,0.8,58.0,1,1
0.0,0,0,0,0,327.0,50.0,5.0,0.0,100.0,0,0
4.0,2,1,0,0,120.0,49.0,18.0,0.2666666666666666,87.33333333333333,1,0
12.0,2,0,2,0,30.0,117.0,24.0,0.8,60.0,1,1
6.0,1,1,0,0,0.0,114.0,3.0,0.4,82.0,1,0
11.0,2,0,1,1,90.0,109.0,24.0,0.7333333333333333,60.66666666666667,1,1
3.0,2,0,1,0,0.0,113.0,20.0,0.2,88.0,1,0
11.0,4,3,0,1,0.0,37.0,20.0,0.7333333333333333,58.66666666666667,1,1
7.0,2,2,0,0,30.0,100.0,11.0,0.4666666666666667,77.33333333333333,1,1
12.0,3,1,1,0,0.0,27.0,6.0,0.8,62.0,1,1
3.0,1,0,1,0,150.0,61.0,10.0,0.2,88.0,1,0
0.0,0,0,0,0,348.0,131.0,11.0,0.0,100.0,0,0
14.0,3,0,2,1,30.0,52.0,24.0,0.9333333333333332,48.66666666666666,1,1
1.0,0,0,0,0,297.0,60.0,3.0,0.0666666666666666,97.33333333333331,0,0
11.0,1,1,0,0,150.0,54.0,15.0,0.7333333333333333,68.66666666666667,1,0
5.0,0,0,1,0,90.0,31.0,6.0,0.3333333333333333,82.66666666666667,1,0
14.0,4,2,0,2,30.0,40.0,10.0,0.9333333333333332,46.66666666666666,1,1
8.0,1,1,0,0,30.0,66.0,21.0,0.5333333333333333,76.66666666666667,1,0
9.0,1,1,0,0,150.0,85.0,12.0,0.6,74.0,1,0
12.0,1,0,0,1,30.0,74.0,20.0,0.8,62.0,1,1
6.0,1,0,1,0,120.0,50.0,23.0,0.4,80.0,1,0
3.0,0,0,0,0,322.0,76.0,15.0,0.2,92.0,0,0
0.0,0,0,0,0,213.0,132.0,13.0,0.0,100.0,0,0
3.0,0,0,0,0,252.0,50.0,19.0,0.2,92.0,0,0
4.0,0,0,0,0,342.0,125.0,7.0,0.2666666666666666,89.33333333333333,0,0
7.0,0,0,0,0,351.0,123.0,21.0,0.4666666666666667,81.33333333333333,0,0
4.0,3,2,0,0,30.0,76.0,17.0,0.2666666666666666,85.33333333333333,1,0
3.0,2,2,0,0,0.0,37.0,18.0,0.2,88.0,1,0
2.0,0,0,0,0,197.0,80.0,17.0,0.1333333333333333,94.66666666666669,0,0
13.0,4,1,1,1,0.0,50.0,12.0,0.8666666666666667,53.33333333333333,1,1
4.0,0,0,0,0,310.0,64.0,3.0,0.2666666666666666,89.33333333333333,0,0
3.0,3,0,2,0,30.0,55.0,20.0,0.2,84.0,1,0
2.0,1,0,0,0,219.0,70.0,13.0,0.1333333333333333,94.66666666666669,0,0
7.0,0,0,0,0,223.0,114.0,4.0,0.4666666666666667,81.33333333333333,0,0
1.0,0,0,0,0,333.0,53.0,19.0,0.0666666666666666,97.33333333333331,0,0
1.0,2,0,1,0,30.0,54.0,8.0,0.0666666666666666,93.33333333333331,1,0
4.0,1,0,1,0,30.0,97.0,19.0,0.2666666666666666,85.33333333333333,1,0
0.0,0,0,0,0,324.0,140.0,10.0,0.0,100.0,0,0
3.0,0,1,0,0,60.0,79.0,2.0,0.2,90.0,1,0
9.0,1,1,1,0,0.0,83.0,5.0,0.6,70.0,1,1
4.0,0,1,0,0,120.0,109.0,19.0,0.2666666666666666,87.33333333333333,1,0
10.0,3,1,1,1,0.0,97.0,15.0,0.6666666666666666,61.33333333333334,1,1
1.0,1,0,0,0,188.0,132.0,22.0,0.0666666666666666,97.33333333333331,0,0
2.0,1,0,0,0,267.0,75.0,9.0,0.1333333333333333,94.66666666666669,0,1
3.0,0,0,0,0,309.0,77.0,19.0,0.2,92.0,0,0
9.0,1,1,0,0,0.0,118.0,10.0,0.6,74.0,1,0
13.0,5,1,2,2,0.0,70.0,8.0,0.8666666666666667,43.33333333333333,1,1
2.0,0,0,0,0,334.0,134.0,10.0,0.1333333333333333,94.66666666666669,0,0
8.0,3,1,1,0,90.0,58.0,8.0,0.5333333333333333,72.66666666666667,1,1
7.0,4,1,1,1,0.0,70.0,16.0,0.4666666666666667,69.33333333333333,1,1
1.0,0,0,0,0,220.0,65.0,22.0,0.0666666666666666,97.33333333333331,0,0
14.0,2,1,0,1,120.0,81.0,12.0,0.9333333333333332,54.66666666666666,1,1
4.0,0,1,0,0,120.0,30.0,8.0,0.2666666666666666,87.33333333333333,1,0
1.0,1,0,0,0,295.0,91.0,4.0,0.0666666666666666,97.33333333333331,0,0
3.0,3,2,0,0,30.0,56.0,20.0,0.2,88.0,1,0
7.0,1,2,0,0,0.0,48.0,24.0,0.4666666666666667,77.33333333333333,1,0
4.0,0,0,0,0,336.0,129.0,19.0,0.2666666666666666,89.33333333333333,0,0
3.0,0,0,0,0,358.0,108.0,7.0,0.2,92.0,0,0
6.0,1,0,1,1,120.0,62.0,18.0,0.4,74.0,1,1
11.0,1,1,0,0,150.0,88.0,24.0,0.7333333333333333,68.66666666666667,1,0
8.0,2,1,1,0,30.0,55.0,4.0,0.5333333333333333,72.66666666666667,1,0
13.0,2,1,0,0,150.0,95.0,23.0,0.8666666666666667,63.33333333333333,1,1
12.0,2,0,1,1,0.0,109.0,15.0,0.8,58.0,1,1
1.0,0,0,0,0,297.0,98.0,17.0,0.0666666666666666,97.33333333333331,0,0
2.0,0,0,0,0,347.0,121.0,24.0,0.1333333333333333,94.66666666666669,0,0
13.0,4,0,3,1,0.0,24.0,21.0,0.8666666666666667,47.33333333333333,1,1
2.0,1,1,0,0,90.0,32.0,19.0,0.1333333333333333,92.66666666666669,1,0
10.0,3,2,0,1,0.0,71.0,2.0,0.6666666666666666,63.33333333333334,1,1
14.0,2,0,1,1,30.0,41.0,17.0,0.9333333333333332,52.66666666666666,1,1
11.0,3,0,1,1,30.0,80.0,22.0,0.7333333333333333,60.66666666666667,1,1
4.0,4,3,1,0,30.0,46.0,4.0,0.2666666666666666,79.33333333333333,1,1
6.0,3,0,1,1,0.0,91.0,6.0,0.4,74.0,1,1
8.0,2,2,0,0,0.0,93.0,20.0,0.5333333333333333,74.66666666666667,1,0
9.0,2,0,1,1,0.0,113.0,1.0,0.6,66.0,1,1
6.0,1,1,0,0,60.0,87.0,16.0,0.4,82.0,1,0
12.0,3,2,1,0,30.0,70.0,21.0,0.8,60.0,1,1
3.0,0,0,0,0,356.0,65.0,17.0,0.2,92.0,0,0
12.0,2,1,1,0,0.0,71.0,12.0,0.8,62.0,1,1
2.0,0,0,0,0,273.0,104.0,25.0,0.1333333333333333,94.66666666666669,0,0
10.0,3,1,0,2,30.0,31.0,25.0,0.6666666666666666,59.33333333333334,1,1
6.0,2,0,1,0,30.0,33.0,19.0,0.4,80.0,1,0
12.0,5,1,1,2,0.0,44.0,15.0,0.8,50.0,1,1
8.0,2,0,1,0,30.0,93.0,18.0,0.5333333333333333,74.66666666666667,1,0
6.0,1,1,0,0,120.0,108.0,4.0,0.4,82.0,1,0
5.0,0,0,0,0,234.0,77.0,12.0,0.3333333333333333,86.66666666666667,0,0
7.0,1,0,2,0,30.0,25.0,9.0,0.4666666666666667,73.33333333333333,1,1
4.0,2,1,0,0,0.0,113.0,1.0,0.2666666666666666,87.33333333333333,1,0
8.0,3,2,0,0,0.0,102.0,14.0,0.5333333333333333,74.66666666666667,1,0
5.0,0,0,1,0,150.0,104.0,14.0,0.3333333333333333,82.66666666666667,1,0
8.0,1,0,0,1,30.0,111.0,22.0,0.5333333333333333,72.66666666666667,1,1
0.0,1,0,0,0,242.0,85.0,19.0,0.0,100.0,0,0
4.0,1,0,0,0,339.0,111.0,20.0,0.2666666666666666,89.33333333333333,0,0
12.0,2,2,0,0,60.0,67.0,18.0,0.8,64.0,1,1
3.0,0,1,0,0,60.0,62.0,7.0,0.2,90.0,1,0
0.0,0,0,0,0,243.0,93.0,20.0,0.0,100.0,0,0
4.0,3,1,1,1,0.0,92.0,3.0,0.2666666666666666,77.33333333333333,1,1
7.0,2,2,0,0,60.0,36.0,21.0,0.4666666666666667,77.33333333333333,1,0
10.0,3,1,1,1,0.0,74.0,10.0,0.6666666666666666,61.33333333333334,1,1
6.0,1,0,1,0,120.0,99.0,9.0,0.4,80.0,1,0
5.0,1,1,0,1,90.0,80.0,9.0,0.3333333333333333,78.66666666666667,1,1
3.0,1,0,0,0,200.0,43.0,20.0,0.2,92.0,0,0
7.0,1,0,0,0,338.0,88.0,16.0,0.4666666666666667,81.33333333333333,0,0
5.0,1,0,1,0,60.0,54.0,2.0,0.3333333333333333,82.66666666666667,1,0
5.0,1,1,0,0,150.0,33.0,14.0,0.3333333333333333,84.66666666666667,1,0
13.0,4,2,1,1,0.0,11.0,19.0,0.8666666666666667,51.33333333333333,1,1
5.0,0,0,0,0,244.0,64.0,8.0,0.3333333333333333,86.66666666666667,0,0
12.0,3,0,2,1,30.0,32.0,15.0,0.8,54.0,1,1
4.0,0,0,0,0,190.0,101.0,11.0,0.2666666666666666,89.33333333333333,0,0
8.0,3,1,0,1,0.0,104.0,25.0,0.5333333333333333,70.66666666666667,1,1
10.0,3,0,3,0,0.0,35.0,5.0,0.6666666666666666,61.33333333333334,1,1
10.0,4,1,1,1,30.0,37.0,4.0,0.6666666666666666,61.33333333333334,1,1
12.0,3,1,0,2,0.0,79.0,20.0,0.8,54.0,1,1
0.0,0,0,0,0,260.0,83.0,23.0,0.0,100.0,0,0
2.0,0,0,0,0,306.0,122.0,17.0,0.1333333333333333,94.66666666666669,0,0
1.0,0,0,0,0,183.0,127.0,23.0,0.0666666666666666,97.33333333333331,0,0
5.0,0,0,0,0,234.0,107.0,23.0,0.3333333333333333,86.66666666666667,0,0
4.0,0,0,0,0,292.0,60.0,6.0,0.2666666666666666,89.33333333333333,0,0
8.0,1,1,0,0,0.0,44.0,3.0,0.5333333333333333,76.66666666666667,1,0
1.0,0,0,0,0,261.0,76.0,8.0,0.0666666666666666,97.33333333333331,0,0
6.0,1,0,1,0,120.0,98.0,4.0,0.4,80.0,1,0
5.0,0,0,0,1,60.0,67.0,24.0,0.3333333333333333,80.66666666666667,1,0
2.0,1,1,0,0,30.0,82.0,5.0,0.1333333333333333,92.66666666666669,1,0
9.0,0,0,1,0,0.0,91.0,25.0,0.6,72.0,1,1
6.0,1,0,0,1,30.0,46.0,25.0,0.4,78.0,1,0
2.0,1,0,0,0,236.0,70.0,5.0,0.1333333333333333,94.66666666666669,0,0
0.0,1,0,0,0,351.0,141.0,11.0,0.0,100.0,0,0
3.0,1,1,0,1,90.0,66.0,21.0,0.2,84.0,1,0
9.0,3,1,2,0,0.0,22.0,21.0,0.6,66.0,1,1
4.0,0,0,0,0,291.0,116.0,8.0,0.2666666666666666,89.33333333333333,0,0
4.0,0,0,0,0,313.0,117.0,6.0,0.2666666666666666,89.33333333333333,0,0
6.0,1,0,0,1,30.0,122.0,22.0,0.4,78.0,1,0
0.0,0,0,0,0,298.0,128.0,16.0,0.0,100.0,0,0
11.0,3,3,0,0,30.0,77.0,8.0,0.7333333333333333,64.66666666666667,1,1
0.0,0,0,0,0,225.0,59.0,13.0,0.0,100.0,0,0
0.0,0,0,0,0,274.0,117.0,19.0,0.0,100.0,0,0
6.0,4,2,2,0,0.0,93.0,14.0,0.4,72.0,1,1
0.0,0,0,0,0,242.0,56.0,20.0,0.0,100.0,0,0
0.0,2,0,1,0,120.0,41.0,5.0,0.0,96.0,1,0
11.0,0,0,0,1,150.0,56.0,1.0,0.7333333333333333,64.66666666666667,1,1
0.0,1,0,0,0,297.0,87.0,20.0,0.0,100.0,0,0
0.0,1,0,0,0,304.0,137.0,7.0,0.0,100.0,0,0
0.0,2,1,0,0,30.0,120.0,1.0,0.0,98.0,1,0
7.0,1,0,1,0,30.0,84.0,9.0,0.4666666666666667,77.33333333333333,1,0
7.0,1,0,0,0,223.0,90.0,7.0,0.4666666666666667,81.33333333333333,0,0
4.0,1,0,0,0,282.0,56.0,25.0,0.2666666666666666,89.33333333333333,0,0
12.0,2,0,1,1,30.0,77.0,25.0,0.8,58.0,1,1
6.0,0,0,0,1,90.0,61.0,24.0,0.4,78.0,1,1
3.0,0,0,0,0,190.0,64.0,6.0,0.2,92.0,0,0
11.0,3,0,0,4,30.0,72.0,3.0,0.7333333333333333,46.66666666666667,1,1
4.0,1,2,0,0,0.0,59.0,21.0,0.2666666666666666,85.33333333333333,1,0
0.0,1,0,0,0,359.0,86.0,4.0,0.0,100.0,0,0
0.0,0,0,0,0,204.0,49.0,14.0,0.0,100.0,0,0
4.0,2,2,0,0,0.0,70.0,5.0,0.2666666666666666,85.33333333333333,1,0
8.0,1,1,0,0,0.0,64.0,2.0,0.5333333333333333,76.66666666666667,1,0
3.0,1,0,0,1,150.0,102.0,11.0,0.2,86.0,1,0
3.0,1,1,0,0,60.0,98.0,9.0,0.2,90.0,1,0
8.0,2,1,1,1,0.0,35.0,20.0,0.5333333333333333,66.66666666666667,1,1
4.0,1,1,0,0,60.0,121.0,4.0,0.2666666666666666,87.33333333333333,1,0
4.0,1,0,1,0,150.0,112.0,17.0,0.2666666666666666,85.33333333333333,1,0
9.0,3,0,2,1,0.0,57.0,16.0,0.6,62.0,1,1
4.0,1,1,0,0,60.0,56.0,16.0,0.2666666666666666,87.33333333333333,1,0
7.0,1,0,0,0,292.0,135.0,8.0,0.4666666666666667,81.33333333333333,0,1
12.0,1,0,1,0,30.0,67.0,15.0,0.8,64.0,1,1
8.0,3,0,3,0,0.0,50.0,1.0,0.5333333333333333,66.66666666666667,1,1
2.0,0,0,0,0,224.0,112.0,2.0,0.1333333333333333,94.66666666666669,0,0
0.0,0,0,0,0,256.0,90.0,22.0,0.0,100.0,0,0
5.0,0,0,0,0,271.0,72.0,20.0,0.3333333333333333,86.66666666666667,0,0
9.0,3,1,0,2,0.0,57.0,22.0,0.6,62.0,1,1
4.0,1,1,0,0,120.0,39.0,3.0,0.2666666666666666,87.33333333333333,1,0
1.0,0,0,0,0,338.0,131.0,14.0,0.0666666666666666,97.33333333333331,0,0
8.0,2,1,0,1,30.0,46.0,13.0,0.5333333333333333,70.66666666666667,1,1
1.0,0,0,0,0,316.0,61.0,5.0,0.0666666666666666,97.33333333333331,0,0
4.0,1,0,0,0,267.0,75.0,20.0,0.2666666666666666,89.33333333333333,0,1
4.0,0,0,0,0,189.0,112.0,23.0,0.2666666666666666,89.33333333333333,0,0
10.0,2,1,0,2,0.0,99.0,20.0,0.6666666666666666,59.33333333333334,1,1
7.0,1,0,0,1,60.0,104.0,13.0,0.4666666666666667,75.33333333333333,1,1
6.0,1,1,0,0,150.0,58.0,13.0,0.4,82.0,1,0
10.0,2,1,0,0,60.0,106.0,1.0,0.6666666666666666,71.33333333333334,1,0
12.0,4,0,0,4,30.0,31.0,18.0,0.8,44.0,1,1
1.0,1,2,0,0,60.0,109.0,19.0,0.0666666666666666,93.33333333333331,1,0
5.0,0,0,0,0,199.0,111.0,15.0,0.3333333333333333,86.66666666666667,0,0
2.0,1,0,0,0,324.0,78.0,2.0,0.1333333333333333,94.66666666666669,0,0
13.0,4,2,0,2,0.0,25.0,5.0,0.8666666666666667,49.33333333333333,1,1
3.0,0,0,0,0,335.0,64.0,13.0,0.2,92.0,0,0
8.0,1,1,0,0,120.0,27.0,18.0,0.5333333333333333,76.66666666666667,1,0
5.0,1,1,0,0,30.0,48.0,3.0,0.3333333333333333,84.66666666666667,1,0
7.0,3,0,3,0,30.0,84.0,6.0,0.4666666666666667,69.33333333333333,1,1
12.0,4,0,0,3,0.0,57.0,9.0,0.8,50.0,1,1
3.0,0,0,0,0,338.0,62.0,4.0,0.2,92.0,0,0
0.0,1,0,0,0,237.0,107.0,16.0,0.0,100.0,0,0
4.0,1,0,1,0,0.0,102.0,18.0,0.2666666666666666,85.33333333333333,1,0
12.0,2,0,2,0,0.0,68.0,24.0,0.8,60.0,1,1
1.0,0,0,0,0,289.0,64.0,12.0,0.0666666666666666,97.33333333333331,0,0
0.0,0,0,0,0,276.0,64.0,20.0,0.0,100.0,0,0
3.0,0,0,1,0,120.0,71.0,18.0,0.2,88.0,1,0
10.0,4,0,0,4,30.0,20.0,13.0,0.6666666666666666,49.33333333333334,1,1
3.0,2,0,1,0,30.0,76.0,23.0,0.2,88.0,1,0
3.0,0,0,0,0,296.0,48.0,22.0,0.2,92.0,0,0
4.0,0,1,0,0,0.0,97.0,15.0,0.2666666666666666,87.33333333333333,1,0
12.0,2,2,0,0,60.0,56.0,3.0,0.8,64.0,1,1
9.0,1,0,0,0,236.0,91.0,3.0,0.6,76.0,0,0
6.0,4,2,1,0,30.0,74.0,7.0,0.4,76.0,1,1
2.0,1,0,0,0,317.0,81.0,4.0,0.1333333333333333,94.66666666666669,0,0
12.0,0,0,0,1,60.0,40.0,17.0,0.8,62.0,1,1
6.0,2,2,0,0,90.0,101.0,1.0,0.4,80.0,1,0
2.0,2,1,0,0,0.0,46.0,24.0,0.1333333333333333,92.66666666666669,1,0
5.0,1,0,0,0,229.0,86.0,3.0,0.3333333333333333,86.66666666666667,0,0
11.0,3,0,0,3,0.0,76.0,16.0,0.7333333333333333,52.66666666666667,1,1
7.0,3,2,0,0,60.0,57.0,6.0,0.4666666666666667,77.33333333333333,1,0
6.0,0,0,0,0,206.0,105.0,5.0,0.4,84.0,0,0
2.0,0,0,0,0,184.0,93.0,5.0,0.1333333333333333,94.66666666666669,0,0
9.0,4,2,1,1,0.0,65.0,19.0,0.6,62.0,1,1
8.0,1,0,0,1,150.0,80.0,5.0,0.5333333333333333,72.66666666666667,1,1
2.0,1,1,0,0,120.0,50.0,3.0,0.1333333333333333,92.66666666666669,1,0
7.0,0,0,1,0,30.0,81.0,15.0,0.4666666666666667,77.33333333333333,1,0
0.0,1,1,0,0,150.0,117.0,20.0,0.0,98.0,1,0
0.0,0,0,0,0,240.0,45.0,8.0,0.0,100.0,0,0
4.0,0,1,0,0,90.0,58.0,15.0,0.2666666666666666,87.33333333333333,1,0
5.0,1,0,1,0,0.0,67.0,20.0,0.3333333333333333,82.66666666666667,1,0
11.0,4,2,2,0,0.0,57.0,23.0,0.7333333333333333,58.66666666666667,1,1
4.0,1,1,0,0,150.0,96.0,21.0,0.2666666666666666,87.33333333333333,1,0
9.0,3,2,1,0,30.0,110.0,16.0,0.6,68.0,1,1
11.0,1,1,0,0,60.0,81.0,13.0,0.7333333333333333,68.66666666666667,1,0
5.0,0,0,0,0,327.0,56.0,23.0,0.3333333333333333,86.66666666666667,0,0
6.0,2,1,1,0,0.0,25.0,20.0,0.4,78.0,1,1
4.0,1,1,0,0,0.0,66.0,21.0,0.2666666666666666,87.33333333333333,1,0
7.0,2,0,0,1,30.0,66.0,2.0,0.4666666666666667,75.33333333333333,1,1
10.0,5,1,1,3,0.0,65.0,7.0,0.6666666666666666,49.33333333333334,1,1
12.0,0,1,0,0,0.0,125.0,17.0,0.8,66.0,1,0
1.0,1,1,0,0,0.0,123.0,20.0,0.0666666666666666,95.33333333333331,1,0
7.0,1,0,0,0,291.0,61.0,5.0,0.4666666666666667,81.33333333333333,0,0
5.0,1,0,0,0,321.0,58.0,5.0,0.3333333333333333,86.66666666666667,0,0
3.0,0,0,0,0,230.0,97.0,1.0,0.2,92.0,0,0
0.0,1,0,0,0,270.0,127.0,4.0,0.0,100.0,0,0
11.0,1,0,1,1,60.0,32.0,16.0,0.7333333333333333,60.66666666666667,1,1
0.0,0,0,1,0,0.0,103.0,5.0,0.0,96.0,1,0
6.0,1,1,1,0,30.0,68.0,11.0,0.4,78.0,1,0
4.0,1,0,0,0,296.0,95.0,14.0,0.2666666666666666,89.33333333333333,0,0
4.0,0,0,1,0,120.0,33.0,17.0,0.2666666666666666,85.33333333333333,1,0
11.0,3,2,0,1,30.0,30.0,22.0,0.7333333333333333,60.66666666666667,1,1
3.0,2,0,1,0,120.0,67.0,19.0,0.2,88.0,1,0
3.0,0,0,0,0,278.0,89.0,25.0,0.2,92.0,0,0
13.0,1,1,0,1,120.0,57.0,25.0,0.8666666666666667,57.33333333333333,1,1
6.0,1,1,0,0,0.0,101.0,3.0,0.4,82.0,1,0
1.0,0,0,0,0,344.0,111.0,20.0,0.0666666666666666,97.33333333333331,0,0
5.0,0,0,0,0,279.0,53.0,16.0,0.3333333333333333,86.66666666666667,0,0
12.0,1,0,0,0,275.0,128.0,19.0,0.8,68.0,0,0
6.0,0,0,0,0,266.0,126.0,24.0,0.4,84.0,0,0
4.0,0,0,0,0,224.0,104.0,24.0,0.2666666666666666,89.33333333333333,0,0
6.0,3,1,0,1,60.0,59.0,1.0,0.4,76.0,1,1
4.0,1,0,1,0,0.0,73.0,7.0,0.2666666666666666,85.33333333333333,1,0
11.0,0,0,0,0,255.0,59.0,20.0,0.7333333333333333,70.66666666666667,0,0
5.0,1,0,0,0,225.0,127.0,19.0,0.3333333333333333,86.66666666666667,0,0
12.0,3,3,0,0,0.0,103.0,23.0,0.8,62.0,1,1
10.0,2,0,1,1,0.0,50.0,15.0,0.6666666666666666,63.33333333333334,1,1
0.0,0,0,0,0,182.0,130.0,10.0,0.0,100.0,0,0
8.0,0,0,0,0,194.0,60.0,21.0,0.5333333333333333,78.66666666666667,0,0
4.0,0,0,0,0,262.0,91.0,12.0,0.2666666666666666,89.33333333333333,0,0
0.0,1,0,0,0,327.0,118.0,25.0,0.0,100.0,0,0
5.0,3,2,0,0,30.0,33.0,10.0,0.3333333333333333,82.66666666666667,1,0
4.0,1,1,0,0,0.0,108.0,1.0,0.2666666666666666,87.33333333333333,1,0
4.0,0,0,0,0,237.0,51.0,22.0,0.2666666666666666,89.33333333333333,0,0
8.0,0,0,0,0,283.0,137.0,4.0,0.5333333333333333,78.66666666666667,0,0
4.0,1,0,0,0,284.0,68.0,21.0,0.2666666666666666,89.33333333333333,0,0
8.0,3,1,0,2,60.0,20.0,7.0,0.5333333333333333,64.66666666666667,1,1
0.0,0,0,0,0,304.0,132.0,22.0,0.0,100.0,0,0
4.0,0,0,0,0,222.0,46.0,10.0,0.2666666666666666,89.33333333333333,0,0
9.0,5,1,3,0,0.0,55.0,14.0,0.6,62.0,1,1
7.0,0,0,0,0,346.0,105.0,12.0,0.4666666666666667,81.33333333333333,0,0
4.0,0,0,0,0,308.0,52.0,16.0,0.2666666666666666,89.33333333333333,0,0
12.0,5,2,0,2,30.0,34.0,25.0,0.8,52.0,1,1
2.0,0,0,0,0,250.0,49.0,14.0,0.1333333333333333,94.66666666666669,0,0
5.0,3,0,3,0,60.0,28.0,6.0,0.3333333333333333,74.66666666666667,1,1
2.0,0,0,0,0,235.0,104.0,12.0,0.1333333333333333,94.66666666666669,0,0
12.0,2,0,1,1,30.0,27.0,24.0,0.8,58.0,1,1
1.0,1,1,0,0,150.0,105.0,17.0,0.0666666666666666,95.33333333333331,1,0
2.0,0,1,0,0,60.0,61.0,24.0,0.1333333333333333,92.66666666666669,1,0
10.0,4,0,1,2,0.0,47.0,15.0,0.6666666666666666,57.33333333333334,1,1
11.0,3,1,1,1,90.0,45.0,2.0,0.7333333333333333,58.66666666666667,1,1
6.0,2,0,0,1,0.0,115.0,15.0,0.4,78.0,1,1
3.0,3,2,0,0,30.0,65.0,5.0,0.2,88.0,1,0
1.0,0,0,0,0,251.0,97.0,1.0,0.0666666666666666,97.33333333333331,0,0
7.0,1,0,0,0,198.0,53.0,20.0,0.4666666666666667,81.33333333333333,0,0
4.0,2,2,0,0,120.0,50.0,23.0,0.2666666666666666,85.33333333333333,1,0
6.0,0,0,0,0,264.0,52.0,2.0,0.4,84.0,0,0
4.0,0,0,0,0,279.0,98.0,20.0,0.2666666666666666,89.33333333333333,0,0
2.0,1,1,0,0,0.0,75.0,1.0,0.1333333333333333,92.66666666666669,1,0
8.0,1,0,0,0,208.0,79.0,5.0,0.5333333333333333,78.66666666666667,0,0
1.0,2,3,0,0,60.0,65.0,1.0,0.0666666666666666,91.33333333333331,1,0
6.0,4,3,0,0,0.0,16.0,10.0,0.4,78.0,1,1
10.0,3,1,0,3,0.0,83.0,9.0,0.6666666666666666,53.33333333333334,1,1
0.0,0,0,0,0,346.0,75.0,9.0,0.0,100.0,0,0
1.0,1,0,0,0,323.0,118.0,2.0,0.0666666666666666,97.33333333333331,0,0
0.0,0,0,0,0,180.0,49.0,4.0,0.0,100.0,0,0
3.0,1,1,0,0,120.0,114.0,9.0,0.2,90.0,1,0
3.0,0,1,0,0,120.0,89.0,5.0,0.2,90.0,1,0
4.0,1,0,0,0,310.0,101.0,17.0,0.2666666666666666,89.33333333333333,0,0
6.0,3,1,2,1,0.0,49.0,25.0,0.4,68.0,1,1
8.0,0,0,0,0,290.0,98.0,15.0,0.5333333333333333,78.66666666666667,0,0
4.0,0,0,0,0,312.0,80.0,3.0,0.2666666666666666,89.33333333333333,0,0
8.0,0,0,0,0,320.0,81.0,25.0,0.5333333333333333,78.66666666666667,0,0
3.0,0,0,0,0,222.0,69.0,3.0,0.2,92.0,0,1
3.0,0,0,0,0,355.0,72.0,10.0,0.2,92.0,0,0
7.0,0,1,0,0,30.0,39.0,24.0,0.4666666666666667,79.33333333333333,1,0
0.0,0,0,0,0,330.0,99.0,20.0,0.0,100.0,0,0
5.0,0,0,0,0,272.0,136.0,5.0,0.3333333333333333,86.66666666666667,0,0
4.0,0,0,0,0,211.0,76.0,18.0,0.2666666666666666,89.33333333333333,0,0
2.0,0,0,0,0,353.0,72.0,7.0,0.1333333333333333,94.66666666666669,0,0
8.0,2,1,0,0,60.0,28.0,4.0,0.5333333333333333,76.66666666666667,1,0
2.0,1,0,0,0,248.0,48.0,22.0,0.1333333333333333,94.66666666666669,0,0
1.0,0,0,0,0,217.0,92.0,19.0,0.0666666666666666,97.33333333333331,0,0
3.0,2,1,0,0,90.0,114.0,6.0,0.2,90.0,1,0
7.0,0,1,0,0,30.0,128.0,12.0,0.4666666666666667,79.33333333333333,1,0
7.0,1,0,0,1,120.0,47.0,22.0,0.4666666666666667,75.33333333333333,1,1
14.0,4,0,2,3,0.0,26.0,23.0,0.9333333333333332,36.66666666666666,1,1
10.0,0,0,0,0,180.0,46.0,6.0,0.6666666666666666,73.33333333333334,0,0
4.0,1,0,0,0,249.0,59.0,15.0,0.2666666666666666,89.33333333333333,0,0
6.0,1,1,0,0,150.0,35.0,2.0,0.4,82.0,1,0
4.0,0,0,0,0,306.0,93.0,7.0,0.2666666666666666,89.33333333333333,0,0
3.0,1,1,0,0,120.0,104.0,15.0,0.2,90.0,1,0
8.0,0,0,0,0,354.0,110.0,15.0,0.5333333333333333,78.66666666666667,0,0
3.0,1,0,0,1,60.0,115.0,20.0,0.2,86.0,1,0
2.0,0,0,0,0,346.0,79.0,17.0,0.1333333333333333,94.66666666666669,0,0
0.0,0,0,0,0,257.0,116.0,15.0,0.0,100.0,0,0
3.0,1,1,0,0,120.0,79.0,12.0,0.2,90.0,1,0
5.0,0,0,0,0,199.0,78.0,3.0,0.3333333333333333,86.66666666666667,0,0
2.0,2,1,0,0,120.0,50.0,19.0,0.1333333333333333,92.66666666666669,1,0
3.0,1,0,0,0,253.0,125.0,1.0,0.2,92.0,0,0
6.0,1,0,1,0,30.0,110.0,21.0,0.4,80.0,1,0
3.0,1,0,0,0,318.0,96.0,12.0,0.2,92.0,0,0
1.0,1,1,0,0,0.0,39.0,17.0,0.0666666666666666,95.33333333333331,1,0
11.0,2,0,2,0,0.0,106.0,23.0,0.7333333333333333,62.66666666666667,1,1
9.0,1,0,0,1,60.0,63.0,7.0,0.6,70.0,1,1
3.0,0,0,0,0,258.0,95.0,1.0,0.2,92.0,0,0
2.0,1,1,0,0,145.0,300.0,3.0,0.17,86.33,0,0
4.0,0,0,0,0,187.0,110.0,1.0,0.2666666666666666,89.33333333333333,0,0
12.0,3,2,0,0,30.0,99.0,9.0,0.8,64.0,1,1
4.0,0,0,0,0,230.0,77.0,9.0,0.2666666666666666,89.33333333333333,0,0
3.0,2,1,1,0,60.0,100.0,18.0,0.2,86.0,1,0
14.0,3,0,0,4,0.0,19.0,1.0,0.9333333333333332,38.66666666666666,1,1
3.0,0,0,1,0,120.0,88.0,10.0,0.2,88.0,1,0
8.0,2,1,0,0,30.0,41.0,18.0,0.5333333333333333,76.66666666666667,1,0
11.0,4,0,0,4,0.0,96.0,2.0,0.7333333333333333,46.66666666666667,1,1
4.0,0,0,0,0,237.0,59.0,19.0,0.2666666666666666,89.33333333333333,0,0
10.0,2,2,0,0,0.0,66.0,18.0,0.6666666666666666,69.33333333333334,1,1
10.0,0,0,0,0,345.0,87.0,2.0,0.6666666666666666,73.33333333333334,0,0
6.0,2,2,1,0,30.0,60.0,12.0,0.4,76.0,1,1
6.0,3,3,0,0,0.0,69.0,19.0,0.4,78.0,1,1
4.0,2,1,0,0,0.0,103.0,10.0,0.2666666666666666,87.33333333333333,1,0
1.0,0,0,0,0,232.0,81.0,4.0,0.0666666666666666,97.33333333333331,0,0
4.0,0,0,0,0,279.0,117.0,18.0,0.2666666666666666,89.33333333333333,0,0
4.0,1,0,0,0,263.0,108.0,12.0,0.2666666666666666,89.33333333333333,0,0
9.0,4,3,1,0,0.0,12.0,12.0,0.6,66.0,1,1
4.0,1,0,0,0,350.0,72.0,11.0,0.2666666666666666,89.33333333333333,0,0
5.0,1,1,0,0,120.0,73.0,22.0,0.3333333333333333,84.66666666666667,1,0
0.0,0,0,0,0,268.0,86.0,21.0,0.0,100.0,0,0
4.0,1,1,1,0,0.0,91.0,16.0,0.2666666666666666,83.33333333333333,1,0
6.0,1,0,1,0,90.0,45.0,23.0,0.4,80.0,1,0
4.0,1,1,0,0,120.0,45.0,5.0,0.2666666666666666,87.33333333333333,1,0
10.0,2,0,3,0,30.0,42.0,11.0,0.6666666666666666,61.33333333333334,1,0
14.0,3,1,0,2,0.0,103.0,7.0,0.9333333333333332,48.66666666666666,1,1
9.0,2,2,0,0,0.0,100.0,6.0,0.6,72.0,1,1
5.0,2,2,0,0,60.0,69.0,21.0,0.3333333333333333,82.66666666666667,1,0
6.0,4,2,1,1,30.0,104.0,7.0,0.4,70.0,1,1
8.0,2,1,1,1,0.0,24.0,23.0,0.5333333333333333,66.66666666666667,1,1
0.0,1,0,0,0,234.0,71.0,18.0,0.0,100.0,0,0
11.0,2,0,1,0,30.0,50.0,15.0,0.7333333333333333,66.66666666666667,1,1
0.0,1,0,0,0,195.0,62.0,19.0,0.0,100.0,0,0
5.0,1,0,1,0,30.0,85.0,13.0,0.3333333333333333,82.66666666666667,1,0
4.0,1,0,0,0,310.0,65.0,16.0,0.2666666666666666,89.33333333333333,0,0
10.0,5,1,1,3,0.0,33.0,19.0,0.6666666666666666,49.33333333333334,1,1
13.0,3,0,0,2,60.0,38.0,16.0,0.8666666666666667,53.33333333333333,1,1
3.0,0,0,0,0,204.0,56.0,17.0,0.2,92.0,0,0
5.0,0,1,0,0,120.0,77.0,17.0,0.3333333333333333,84.66666666666667,1,0
11.0,3,0,1,3,0.0,38.0,2.0,0.7333333333333333,48.66666666666667,1,1
10.0,3,0,2,1,0.0,49.0,3.0,0.6666666666666666,59.33333333333334,1,1
14.0,1,0,0,1,120.0,56.0,6.0,0.9333333333333332,56.66666666666666,1,1
11.0,3,0,0,3,0.0,96.0,21.0,0.7333333333333333,52.66666666666667,1,1
7.0,2,0,1,0,0.0,52.0,1.0,0.4666666666666667,77.33333333333333,1,0
3.0,1,0,0,0,348.0,82.0,16.0,0.2,92.0,0,0
1.0,0,0,0,0,285.0,77.0,25.0,0.0666666666666666,97.33333333333331,0,0
8.0,2,0,1,0,30.0,120.0,17.0,0.5333333333333333,74.66666666666667,1,0
12.0,1,1,1,0,60.0,65.0,10.0,0.8,62.0,1,1
5.0,0,0,0,0,318.0,106.0,24.0,0.3333333333333333,86.66666666666667,0,0
0.0,2,1,0,0,0.0,107.0,12.0,0.0,98.0,1,0
4.0,0,0,0,0,187.0,67.0,22.0,0.2666666666666666,89.33333333333333,0,0
4.0,0,1,0,0,0.0,102.0,15.0,0.2666666666666666,87.33333333333333,1,0
2.0,0,0,0,0,300.0,114.0,9.0,0.1333333333333333,94.66666666666669,0,0
3.0,1,0,0,0,219.0,80.0,22.0,0.2,92.0,0,0
10.0,1,1,1,0,30.0,95.0,10.0,0.6666666666666666,67.33333333333334,1,1
2.0,1,1,0,0,120.0,50.0,22.0,0.1333333333333333,92.66666666666669,1,0
4.0,0,0,0,0,212.0,97.0,5.0,0.2666666666666666,89.33333333333333,0,0
4.0,2,1,0,0,60.0,75.0,2.0,0.2666666666666666,87.33333333333333,1,0
2.0,0,0,0,0,253.0,115.0,1.0,0.1333333333333333,94.66666666666669,0,0
10.0,3,0,0,3,0.0,88.0,4.0,0.6666666666666666,55.33333333333334,1,1
3.0,1,1,0,0,90.0,88.0,17.0,0.2,90.0,1,0
4.0,0,0,0,0,196.0,83.0,12.0,0.2666666666666666,89.33333333333333,0,0
3.0,0,0,0,0,297.0,67.0,22.0,0.2,92.0,0,0
3.0,0,0,0,0,318.0,80.0,10.0,0.2,92.0,0,0
4.0,0,1,0,0,30.0,35.0,10.0,0.2666666666666666,87.33333333333333,1,0
2.0,1,1,0,0,120.0,53.0,13.0,0.1333333333333333,92.66666666666669,1,0
2.0,0,0,0,0,338.0,99.0,24.0,0.1333333333333333,94.66666666666669,0,0
0.0,2,1,0,0,150.0,98.0,9.0,0.0,98.0,1,0
10.0,3,0,1,1,90.0,36.0,20.0,0.6666666666666666,63.33333333333334,1,1
4.0,2,1,0,0,90.0,108.0,4.0,0.2666666666666666,87.33333333333333,1,0
4.0,0,0,0,0,313.0,129.0,17.0,0.2666666666666666,89.33333333333333,0,0
0.0,2,1,0,0,120.0,43.0,18.0,0.0,98.0,1,0
0.0,0,0,1,0,0.0,50.0,17.0,0.0,96.0,1,0
12.0,3,2,0,1,30.0,63.0,7.0,0.8,58.0,1,1
8.0,1,0,1,0,0.0,112.0,15.0,0.5333333333333333,74.66666666666667,1,0
11.0,4,0,1,3,0.0,38.0,19.0,0.7333333333333333,48.66666666666667,1,1
4.0,0,1,0,0,150.0,44.0,13.0,0.2666666666666666,87.33333333333333,1,0
1.0,1,0,0,0,213.0,109.0,12.0,0.0666666666666666,97.33333333333331,0,0
4.0,1,1,0,1,120.0,70.0,19.0,0.2666666666666666,81.33333333333333,1,1
0.0,0,0,0,0,276.0,54.0,11.0,0.0,100.0,0,0
8.0,1,1,0,0,150.0,57.0,12.0,0.5333333333333333,76.66666666666667,1,0
0.0,0,0,0,0,356.0,133.0,22.0,0.0,100.0,0,0
7.0,1,0,1,1,30.0,100.0,24.0,0.4666666666666667,71.33333333333333,1,1
3.0,1,1,0,0,0.0,63.0,10.0,0.2,90.0,1,0
1.0,1,0,0,0,279.0,133.0,12.0,0.0666666666666666,97.33333333333331,0,0
6.0,5,1,2,1,0.0,34.0,10.0,0.4,68.0,1,1
10.0,3,2,0,0,0.0,118.0,15.0,0.6666666666666666,69.33333333333334,1,1
6.0,1,1,0,0,60.0,97.0,8.0,0.4,82.0,1,1
4.0,1,1,0,0,150.0,60.0,23.0,0.2666666666666666,87.33333333333333,1,0
1.0,1,0,0,0,202.0,59.0,23.0,0.0666666666666666,97.33333333333331,0,0
0.0,0,0,0,0,246.0,95.0,1.0,0.0,100.0,0,0
8.0,2,0,0,1,0.0,75.0,10.0,0.5333333333333333,72.66666666666667,1,1
7.0,2,1,0,0,90.0,40.0,5.0,0.4666666666666667,79.33333333333333,1,0
4.0,0,0,0,0,215.0,54.0,19.0,0.2666666666666666,89.33333333333333,0,0
1.0,0,0,0,0,337.0,83.0,23.0,0.0666666666666666,97.33333333333331,0,0
10.0,0,0,0,0,340.0,126.0,23.0,0.6666666666666666,73.33333333333334,0,0
9.0,5,1,2,1,0.0,52.0,13.0,0.6,60.0,1,1
1.0,0,0,0,0,186.0,58.0,2.0,0.0666666666666666,97.33333333333331,0,0
3.0,0,0,0,0,199.0,42.0,3.0,0.2,92.0,0,0
3.0,0,0,0,0,330.0,99.0,22.0,0.2,92.0,0,0
9.0,0,1,0,0,0.0,51.0,13.0,0.6,74.0,1,0
0.0,0,0,0,0,213.0,112.0,5.0,0.0,100.0,0,0
1.0,0,0,0,0,334.0,130.0,21.0,0.0666666666666666,97.33333333333331,0,0
11.0,2,1,0,0,60.0,51.0,4.0,0.7333333333333333,68.66666666666667,1,0
4.0,0,0,0,0,356.0,58.0,20.0,0.2666666666666666,89.33333333333333,0,0
13.0,2,0,1,0,60.0,47.0,23.0,0.8666666666666667,61.33333333333333,1,1
2.0,0,0,0,0,191.0,79.0,7.0,0.1333333333333333,94.66666666666669,0,0
4.0,1,0,0,0,266.0,85.0,20.0,0.2666666666666666,89.33333333333333,0,0
1.0,2,2,0,0,60.0,21.0,20.0,0.0666666666666666,93.33333333333331,1,0
3.0,0,1,0,0,0.0,67.0,19.0,0.2,90.0,1,0
2.0,2,0,0,2,90.0,83.0,20.0,0.1333333333333333,82.66666666666667,1,1
4.0,0,1,0,0,0.0,80.0,2.0,0.2666666666666666,87.33333333333333,1,0
3.0,3,2,1,0,30.0,59.0,25.0,0.2,84.0,1,0
12.0,2,0,0,1,60.0,97.0,13.0,0.8,62.0,1,1
3.0,0,1,0,0,0.0,77.0,13.0,0.2,90.0,1,0
1.0,2,1,0,0,0.0,119.0,24.0,0.0666666666666666,95.33333333333331,1,0
3.0,0,0,0,0,239.0,64.0,18.0,0.2,92.0,0,0
12.0,3,0,2,0,0.0,77.0,8.0,0.8,60.0,1,1
11.0,5,2,1,1,0.0,85.0,1.0,0.7333333333333333,56.66666666666667,1,1
9.0,1,0,0,1,30.0,73.0,2.0,0.6,70.0,1,1
11.0,0,0,0,0,245.0,82.0,5.0,0.7333333333333333,70.66666666666667,0,0
6.0,6,2,1,2,0.0,67.0,25.0,0.4,64.0,1,1
10.0,0,0,1,0,30.0,110.0,25.0,0.6666666666666666,69.33333333333334,1,1
4.0,2,1,1,0,120.0,30.0,7.0,0.2666666666666666,83.33333333333333,1,0
14.0,1,0,0,1,0.0,78.0,20.0,0.9333333333333332,56.66666666666666,1,1
3.0,0,0,0,0,309.0,100.0,10.0,0.2,92.0,0,0
4.0,0,0,0,0,210.0,128.0,23.0,0.2666666666666666,89.33333333333333,0,0
11.0,3,0,2,0,0.0,112.0,6.0,0.7333333333333333,62.66666666666667,1,1
10.0,0,1,0,0,30.0,90.0,23.0,0.6666666666666666,71.33333333333334,1,0
1.0,0,0,0,0,318.0,139.0,5.0,0.0666666666666666,97.33333333333331,0,0
2.0,0,0,0,0,305.0,64.0,2.0,0.1333333333333333,94.66666666666669,0,0
4.0,0,0,0,0,299.0,63.0,15.0,0.2666666666666666,89.33333333333333,0,0
8.0,0,0,0,0,268.0,128.0,5.0,0.5333333333333333,78.66666666666667,0,0
9.0,4,2,1,1,0.0,69.0,15.0,0.6,62.0,1,1
2.0,1,1,0,0,60.0,51.0,2.0,0.1333333333333333,92.66666666666669,1,0
8.0,2,1,2,0,0.0,68.0,17.0,0.5333333333333333,68.66666666666667,1,1
0.0,0,0,0,0,326.0,87.0,25.0,0.0,100.0,0,0
1.0,0,0,0,0,228.0,77.0,15.0,0.0666666666666666,97.33333333333331,0,0
7.0,1,0,0,0,355.0,124.0,9.0,0.4666666666666667,81.33333333333333,0,0
4.0,0,0,0,0,354.0,102.0,18.0,0.2666666666666666,89.33333333333333,0,0
8.0,1,1,0,0,0.0,92.0,20.0,0.5333333333333333,76.66666666666667,1,0
10.0,4,0,2,1,30.0,70.0,3.0,0.6666666666666666,59.33333333333334,1,1
0.0,0,0,0,0,218.0,84.0,7.0,0.0,100.0,0,0
6.0,1,1,0,1,0.0,95.0,6.0,0.4,76.0,1,1
3.0,0,0,0,0,225.0,68.0,22.0,0.2,92.0,0,0
7.0,2,0,1,0,60.0,123.0,11.0,0.4666666666666667,77.33333333333333,1,0
6.0,1,0,1,0,60.0,87.0,8.0,0.4,80.0,1,0
7.0,0,0,0,1,30.0,114.0,19.0,0.4666666666666667,75.33333333333333,1,1
4.0,1,0,0,0,192.0,99.0,20.0,0.2666666666666666,89.33333333333333,0,0
5.0,0,0,0,0,236.0,102.0,4.0,0.3333333333333333,86.66666666666667,0,0
2.0,2,1,0,0,120.0,81.0,12.0,0.1333333333333333,92.66666666666669,1,0
6.0,2,0,0,2,30.0,110.0,15.0,0.4,72.0,1,1
12.0,3,0,2,1,0.0,90.0,18.0,0.8,54.0,1,1
8.0,2,2,0,0,90.0,29.0,11.0,0.5333333333333333,74.66666666666667,1,0
4.0,1,0,0,0,283.0,111.0,24.0,0.2666666666666666,89.33333333333333,0,0
0.0,0,0,0,0,227.0,78.0,15.0,0.0,100.0,0,1
5.0,1,1,0,0,120.0,35.0,20.0,0.3333333333333333,84.66666666666667,1,0
6.0,2,1,1,0,90.0,29.0,1.0,0.4,78.0,1,0
1.0,0,0,0,0,196.0,64.0,3.0,0.0666666666666666,97.33333333333331,0,0
2.0,0,0,0,0,345.0,120.0,22.0,0.1333333333333333,94.66666666666669,0,0
0.0,1,0,0,0,304.0,95.0,20.0,0.0,100.0,0,0
12.0,4,2,2,0,30.0,79.0,10.0,0.8,56.0,1,1
4.0,1,0,1,1,90.0,52.0,7.0,0.2666666666666666,79.33333333333333,1,1
3.0,1,0,0,0,332.0,103.0,5.0,0.2,92.0,0,0
6.0,0,0,1,0,60.0,105.0,7.0,0.4,80.0,1,0
9.0,1,0,1,1,0.0,42.0,1.0,0.6,66.0,1,1
9.0,0,0,0,0,285.0,77.0,16.0,0.6,76.0,0,0
4.0,0,0,0,0,316.0,92.0,1.0,0.2666666666666666,89.33333333333333,0,0
1.0,0,0,0,0,205.0,65.0,18.0,0.0666666666666666,97.33333333333331,0,0
0.0,0,0,0,0,330.0,134.0,16.0,0.0,100.0,0,0
10.0,4,1,3,0,30.0,31.0,2.0,0.6666666666666666,59.33333333333334,1,1
10.0,0,0,0,0,249.0,109.0,13.0,0.6666666666666666,73.33333333333334,0,0
4.0,0,0,0,0,311.0,94.0,17.0,0.2666666666666666,89.33333333333333,0,0
1.0,1,1,0,0,150.0,80.0,6.0,0.0666666666666666,95.33333333333331,1,0
6.0,1,1,1,0,30.0,77.0,12.0,0.4,78.0,1,0
11.0,3,1,2,0,30.0,18.0,6.0,0.7333333333333333,60.66666666666667,1,1
4.0,1,0,0,0,188.0,56.0,17.0,0.2666666666666666,89.33333333333333,0,0
5.0,2,2,0,0,0.0,112.0,19.0,0.3333333333333333,82.66666666666667,1,0
4.0,0,0,0,0,209.0,125.0,2.0,0.2666666666666666,89.33333333333333,0,0
7.0,2,2,0,0,30.0,40.0,24.0,0.4666666666666667,77.33333333333333,1,0
3.0,0,0,0,1,150.0,117.0,18.0,0.2,86.0,1,0
7.0,0,0,0,0,206.0,113.0,23.0,0.4666666666666667,81.33333333333333,0,0
10.0,5,1,1,2,0.0,20.0,14.0,0.6666666666666666,55.33333333333334,1,1
2.0,0,0,0,0,193.0,77.0,11.0,0.1333333333333333,94.66666666666669,0,0
8.0,0,1,0,0,150.0,33.0,14.0,0.5333333333333333,76.66666666666667,1,0
3.0,1,0,0,0,185.0,44.0,12.0,0.2,92.0,0,0
12.0,2,0,0,3,60.0,24.0,22.0,0.8,50.0,1,1
3.0,1,1,0,0,90.0,116.0,12.0,0.2,90.0,1,0
7.0,1,1,0,0,30.0,84.0,6.0,0.4666666666666667,79.33333333333333,1,0
11.0,1,1,0,1,90.0,34.0,3.0,0.7333333333333333,62.66666666666667,1,1
0.0,0,0,0,0,256.0,51.0,5.0,0.0,100.0,0,0
12.0,5,1,3,0,30.0,40.0,7.0,0.8,54.0,1,1
6.0,1,0,0,1,150.0,48.0,11.0,0.4,78.0,1,1
3.0,1,0,0,0,348.0,72.0,4.0,0.2,92.0,0,0
3.0,2,1,0,0,120.0,38.0,9.0,0.2,90.0,1,0
4.0,1,0,0,0,337.0,141.0,9.0,0.2666666666666666,89.33333333333333,0,0
2.0,1,0,0,0,202.0,65.0,13.0,0.1333333333333333,94.66666666666669,0,0
12.0,2,1,0,1,0.0,39.0,2.0,0.8,60.0,1,1
2.0,0,0,0,0,186.0,76.0,7.0,0.1333333333333333,94.66666666666669,0,0
3.0,2,1,0,0,30.0,107.0,14.0,0.2,90.0,1,0
2.0,3,1,1,0,0.0,115.0,13.0,0.1333333333333333,88.66666666666667,1,0
0.0,1,0,1,0,60.0,121.0,1.0,0.0,96.0,1,0
12.0,4,1,1,1,0.0,72.0,15.0,0.8,56.0,1,1
7.0,0,0,0,0,257.0,118.0,1.0,0.4666666666666667,81.33333333333333,0,0
3.0,0,0,0,0,281.0,125.0,5.0,0.2,92.0,0,1
1.0,1,1,0,0,60.0,84.0,5.0,0.0666666666666666,95.33333333333331,1,0
5.0,0,0,0,0,200.0,76.0,4.0,0.3333333333333333,86.66666666666667,0,0
2.0,1,1,0,0,120.0,65.0,11.0,0.1333333333333333,92.66666666666669,1,0
2.0,0,0,0,0,242.0,59.0,20.0,0.1333333333333333,94.66666666666669,0,0
4.0,0,1,0,0,60.0,119.0,20.0,0.2666666666666666,87.33333333333333,1,0
4.0,1,1,0,0,150.0,48.0,4.0,0.2666666666666666,87.33333333333333,1,0
5.0,1,1,0,0,30.0,73.0,12.0,0.3333333333333333,84.66666666666667,1,0
3.0,1,0,1,0,0.0,52.0,22.0,0.2,88.0,1,0
8.0,1,0,1,0,90.0,90.0,18.0,0.5333333333333333,74.66666666666667,1,0
2.0,1,0,0,0,276.0,102.0,17.0,0.1333333333333333,94.66666666666669,0,0
11.0,3,1,1,1,0.0,72.0,20.0,0.7333333333333333,58.66666666666667,1,1
1.0,0,0,0,0,239.0,105.0,4.0,0.0666666666666666,97.33333333333331,0,0
7.0,0,0,1,0,120.0,114.0,22.0,0.4666666666666667,77.33333333333333,1,0
12.0,1,0,0,1,30.0,101.0,3.0,0.8,62.0,1,1
4.0,1,0,0,0,349.0,114.0,23.0,0.2666666666666666,89.33333333333333,0,0
12.0,6,1,2,2,0.0,18.0,17.0,0.8,46.0,1,1
3.0,0,0,1,0,150.0,67.0,24.0,0.2,88.0,1,0
0.0,0,0,0,0,186.0,82.0,19.0,0.0,100.0,0,0
4.0,0,0,0,0,215.0,76.0,20.0,0.2666666666666666,89.33333333333333,0,0
5.0,3,2,0,0,30.0,89.0,19.0,0.3333333333333333,82.66666666666667,1,0
11.0,0,1,0,0,90.0,104.0,23.0,0.7333333333333333,68.66666666666667,1,1
3.0,0,0,0,0,235.0,76.0,16.0,0.2,92.0,0,0
12.0,2,1,1,0,60.0,112.0,15.0,0.8,62.0,1,1
1.0,3,2,0,0,30.0,50.0,5.0,0.0666666666666666,93.33333333333331,1,0
3.0,0,0,0,0,285.0,87.0,7.0,0.2,92.0,0,0
8.0,3,2,0,0,30.0,77.0,9.0,0.5333333333333333,74.66666666666667,1,0
3.0,1,0,0,0,319.0,106.0,13.0,0.2,92.0,0,0
4.0,1,0,1,1,0.0,112.0,16.0,0.2666666666666666,79.33333333333333,1,1
6.0,3,1,2,0,0.0,68.0,12.0,0.4,74.0,1,1
5.0,2,0,2,0,90.0,41.0,8.0,0.3333333333333333,78.66666666666667,1,0
8.0,2,0,2,1,0.0,27.0,21.0,0.5333333333333333,64.66666666666667,1,1
3.0,1,0,0,0,339.0,64.0,15.0,0.2,92.0,0,0
4.0,1,1,0,0,150.0,52.0,2.0,0.2666666666666666,87.33333333333333,1,0
4.0,0,0,0,0,252.0,114.0,16.0,0.2666666666666666,89.33333333333333,0,0
4.0,0,0,0,0,314.0,85.0,17.0,0.2666666666666666,89.33333333333333,0,0
2.0,0,0,0,0,356.0,57.0,15.0,0.1333333333333333,94.66666666666669,0,0
3.0,0,0,0,0,350.0,105.0,13.0,0.2,92.0,0,0
7.0,0,0,0,0,267.0,100.0,4.0,0.4666666666666667,81.33333333333333,0,0
4.0,2,1,0,0,120.0,60.0,10.0,0.2666666666666666,87.33333333333333,1,0
4.0,0,0,0,0,327.0,52.0,25.0,0.2666666666666666,89.33333333333333,0,0
3.0,1,0,0,0,357.0,77.0,6.0,0.2,92.0,0,0
6.0,0,0,0,0,277.0,141.0,6.0,0.4,84.0,0,0
10.0,1,1,0,1,60.0,78.0,25.0,0.6666666666666666,65.33333333333334,1,1
6.0,1,1,1,0,60.0,26.0,17.0,0.4,78.0,1,0
10.0,2,0,2,0,60.0,93.0,13.0,0.6666666666666666,65.33333333333334,1,1
7.0,2,2,1,0,0.0,44.0,12.0,0.4666666666666667,73.33333333333333,1,1
13.0,4,1,0,3,0.0,36.0,2.0,0.8666666666666667,45.33333333333333,1,1
2.0,0,0,0,0,348.0,59.0,4.0,0.1333333333333333,94.66666666666669,0,0
10.0,3,0,0,3,0.0,65.0,21.0,0.6666666666666666,55.33333333333334,1,1
8.0,0,0,0,0,334.0,77.0,21.0,0.5333333333333333,78.66666666666667,0,0
12.0,0,0,0,0,223.0,125.0,6.0,0.8,68.0,0,0
7.0,1,0,0,1,120.0,87.0,5.0,0.4666666666666667,75.33333333333333,1,1
1.0,0,0,0,0,207.0,77.0,5.0,0.0666666666666666,97.33333333333331,0,0
2.0,1,0,0,0,181.0,101.0,10.0,0.1333333333333333,94.66666666666669,0,0
12.0,4,1,2,0,30.0,77.0,10.0,0.8,58.0,1,1
2.0,0,1,0,0,0.0,74.0,10.0,0.1333333333333333,92.66666666666669,1,0
2.0,0,0,0,0,255.0,71.0,21.0,0.1333333333333333,94.66666666666669,0,0
1.0,0,0,0,0,227.0,101.0,10.0,0.0666666666666666,97.33333333333331,0,0
10.0,4,0,0,4,0.0,63.0,10.0,0.6666666666666666,49.33333333333334,1,1
11.0,2,0,2,1,0.0,26.0,9.0,0.7333333333333333,56.66666666666667,1,1
3.0,1,1,1,0,60.0,48.0,15.0,0.2,86.0,1,0
1.0,0,0,0,0,347.0,62.0,8.0,0.0666666666666666,97.33333333333331,0,0
3.0,2,0,1,1,0.0,103.0,10.0,0.2,82.0,1,0
0.0,0,1,0,0,150.0,43.0,10.0,0.0,98.0,1,0
10.0,1,0,1,0,120.0,105.0,8.0,0.6666666666666666,69.33333333333334,1,1
8.0,2,1,1,0,0.0,92.0,9.0,0.5333333333333333,72.66666666666667,1,1
8.0,2,0,1,1,60.0,62.0,5.0,0.5333333333333333,68.66666666666667,1,1
8.0,3,0,1,1,60.0,91.0,9.0,0.5333333333333333,68.66666666666667,1,1
10.0,3,1,1,2,0.0,99.0,6.0,0.6666666666666666,55.33333333333334,1,1
3.0,2,1,1,0,0.0,28.0,18.0,0.2,86.0,1,0
8.0,1,1,0,0,60.0,88.0,3.0,0.5333333333333333,76.66666666666667,1,0
10.0,4,1,1,1,30.0,79.0,4.0,0.6666666666666666,61.33333333333334,1,1
2.0,0,0,0,0,317.0,57.0,2.0,0.1333333333333333,94.66666666666669,0,0
4.0,2,0,0,1,60.0,59.0,18.0,0.2666666666666666,83.33333333333333,1,0
3.0,0,1,0,0,120.0,73.0,13.0,0.2,90.0,1,0
4.0,3,2,1,0,0.0,33.0,18.0,0.2666666666666666,81.33333333333333,1,1
2.0,0,0,0,0,332.0,132.0,9.0,0.1333333333333333,94.66666666666669,0,0
10.0,1,0,1,1,30.0,94.0,11.0,0.6666666666666666,63.33333333333334,1,1
2.0,2,0,0,2,0.0,45.0,25.0,0.1333333333333333,82.66666666666667,1,1
0.0,0,0,0,0,209.0,72.0,7.0,0.0,100.0,0,0
8.0,1,1,0,0,0.0,127.0,8.0,0.5333333333333333,76.66666666666667,1,0
8.0,0,0,0,0,231.0,120.0,1.0,0.5333333333333333,78.66666666666667,0,0
0.0,0,0,0,0,312.0,54.0,11.0,0.0,100.0,0,0
2.0,0,0,0,0,344.0,110.0,15.0,0.1333333333333333,94.66666666666669,0,0
3.0,0,0,0,0,219.0,72.0,12.0,0.2,92.0,0,0
9.0,3,1,2,0,0.0,100.0,15.0,0.6,66.0,1,1
6.0,1,0,1,0,0.0,109.0,10.0,0.4,80.0,1,0
0.0,1,0,0,1,150.0,57.0,6.0,0.0,94.0,1,0
0.0,1,0,0,0,316.0,68.0,10.0,0.0,100.0,0,0
1.0,2,1,0,0,30.0,99.0,13.0,0.0666666666666666,95.33333333333331,1,0
8.0,0,0,0,1,120.0,35.0,17.0,0.5333333333333333,72.66666666666667,1,1
3.0,0,1,0,0,60.0,66.0,1.0,0.2,90.0,1,0
8.0,2,0,1,0,120.0,86.0,9.0,0.5333333333333333,74.66666666666667,1,1
3.0,0,0,1,0,60.0,106.0,11.0,0.2,88.0,1,0
4.0,1,0,0,1,90.0,106.0,18.0,0.2666666666666666,83.33333333333333,1,0
3.0,3,2,1,0,60.0,45.0,2.0,0.2,84.0,1,0
3.0,1,1,0,0,120.0,95.0,4.0,0.2,90.0,1,0
8.0,0,0,0,1,0.0,72.0,19.0,0.5333333333333333,72.66666666666667,1,1
1.0,2,2,0,0,30.0,31.0,23.0,0.0666666666666666,93.33333333333331,1,0
6.0,1,1,1,0,0.0,85.0,18.0,0.4,78.0,1,1
6.0,1,0,0,0,312.0,132.0,16.0,0.4,84.0,0,0
3.0,0,0,0,0,196.0,97.0,20.0,0.2,92.0,0,0
7.0,0,0,0,0,189.0,112.0,9.0,0.4666666666666667,81.33333333333333,0,0
9.0,3,1,0,2,60.0,34.0,7.0,0.6,62.0,1,1
7.0,1,0,0,0,305.0,65.0,5.0,0.4666666666666667,81.33333333333333,0,0
5.0,0,1,0,0,150.0,41.0,7.0,0.3333333333333333,84.66666666666667,1,0
2.0,0,1,0,0,150.0,86.0,24.0,0.1333333333333333,92.66666666666669,1,0
4.0,1,1,0,0,0.0,118.0,5.0,0.2666666666666666,87.33333333333333,1,0
8.0,3,2,1,0,30.0,104.0,4.0,0.5333333333333333,70.66666666666667,1,1
7.0,2,1,1,0,0.0,97.0,20.0,0.4666666666666667,75.33333333333333,1,0
8.0,2,2,0,0,60.0,58.0,1.0,0.5333333333333333,74.66666666666667,1,0
12.0,2,0,0,1,0.0,131.0,10.0,0.8,62.0,1,1
10.0,2,0,1,1,60.0,85.0,13.0,0.6666666666666666,63.33333333333334,1,1
4.0,2,0,1,0,30.0,87.0,9.0,0.2666666666666666,85.33333333333333,1,0
5.0,1,1,0,0,90.0,68.0,5.0,0.3333333333333333,84.66666666666667,1,0
3.0,0,0,0,0,330.0,100.0,3.0,0.2,92.0,0,0
6.0,0,0,0,0,230.0,115.0,8.0,0.4,84.0,0,0
0.0,0,0,0,0,210.0,55.0,23.0,0.0,100.0,0,0
2.0,1,0,0,0,261.0,64.0,5.0,0.1333333333333333,94.66666666666669,0,0
14.0,5,0,2,3,0.0,43.0,3.0,0.9333333333333332,36.66666666666666,1,1
4.0,1,0,0,0,293.0,81.0,22.0,0.2666666666666666,89.33333333333333,0,0
4.0,1,0,1,0,60.0,54.0,12.0,0.2666666666666666,85.33333333333333,1,0
3.0,2,1,0,0,120.0,65.0,4.0,0.2,90.0,1,0
3.0,0,0,0,0,351.0,128.0,23.0,0.2,92.0,0,0
0.0,2,1,0,0,150.0,48.0,6.0,0.0,98.0,1,0
3.0,0,0,0,0,335.0,142.0,11.0,0.2,92.0,0,0
1.0,0,0,0,0,291.0,104.0,21.0,0.0666666666666666,97.33333333333331,0,0
11.0,4,1,0,2,60.0,82.0,21.0,0.7333333333333333,56.66666666666667,1,1
2.0,1,1,0,0,120.0,111.0,24.0,0.1333333333333333,92.66666666666669,1,0
6.0,3,2,2,0,0.0,69.0,15.0,0.4,72.0,1,1
0.0,1,1,0,0,150.0,28.0,7.0,0.0,98.0,1,0
4.0,1,1,0,0,30.0,96.0,24.0,0.2666666666666666,87.33333333333333,1,0
8.0,4,1,1,1,0.0,54.0,12.0,0.5333333333333333,66.66666666666667,1,1
6.0,2,0,2,0,0.0,75.0,13.0,0.4,76.0,1,1
3.0,0,0,0,0,331.0,90.0,20.0,0.2,92.0,0,0
1.0,1,0,0,0,291.0,87.0,18.0,0.0666666666666666,97.33333333333331,0,0
8.0,0,0,0,0,240.0,77.0,23.0,0.5333333333333333,78.66666666666667,0,0
7.0,0,0,0,0,320.0,137.0,13.0,0.4666666666666667,81.33333333333333,0,0
8.0,2,2,1,0,0.0,33.0,15.0,0.5333333333333333,70.66666666666667,1,1
2.0,0,0,0,0,250.0,79.0,15.0,0.1333333333333333,94.66666666666669,0,0
12.0,4,3,0,0,60.0,83.0,12.0,0.8,62.0,1,1
8.0,2,0,1,0,90.0,109.0,15.0,0.5333333333333333,74.66666666666667,1,0
2.0,0,0,0,0,199.0,104.0,24.0,0.1333333333333333,94.66666666666669,0,0
3.0,0,0,0,0,257.0,121.0,18.0,0.2,92.0,0,0
3.0,2,1,0,0,0.0,63.0,16.0,0.2,90.0,1,0
12.0,1,0,1,0,90.0,62.0,23.0,0.8,64.0,1,1
14.0,3,1,0,2,0.0,82.0,21.0,0.9333333333333332,48.66666666666666,1,1
7.0,0,0,0,0,360.0,76.0,23.0,0.4666666666666667,81.33333333333333,0,0
9.0,1,0,0,1,150.0,81.0,6.0,0.6,70.0,1,1
6.0,2,1,1,1,60.0,86.0,16.0,0.4,72.0,1,1
3.0,0,0,0,0,360.0,108.0,16.0,0.2,92.0,0,0
10.0,2,0,1,1,0.0,61.0,10.0,0.6666666666666666,63.33333333333334,1,1
5.0,2,1,0,1,0.0,34.0,6.0,0.3333333333333333,78.66666666666667,1,1
12.0,1,0,0,1,0.0,39.0,18.0,0.8,62.0,1,1
1.0,0,0,0,0,291.0,94.0,5.0,0.0666666666666666,97.33333333333331,0,0
12.0,3,1,0,1,60.0,59.0,14.0,0.8,60.0,1,1
3.0,3,2,0,0,60.0,109.0,6.0,0.2,88.0,1,0
10.0,2,1,0,1,30.0,42.0,18.0,0.6666666666666666,65.33333333333334,1,1
3.0,1,1,0,0,30.0,36.0,16.0,0.2,90.0,1,0
9.0,3,2,1,1,30.0,33.0,14.0,0.6,62.0,1,1
1.0,1,0,0,0,285.0,61.0,2.0,0.0666666666666666,97.33333333333331,0,0
4.0,0,0,0,0,334.0,125.0,14.0,0.2666666666666666,89.33333333333333,0,0
5.0,1,0,1,0,90.0,27.0,14.0,0.3333333333333333,82.66666666666667,1,0
7.0,1,1,0,0,60.0,95.0,24.0,0.4666666666666667,79.33333333333333,1,0
9.0,1,0,1,1,30.0,100.0,6.0,0.6,66.0,1,1
4.0,1,1,0,0,150.0,89.0,19.0,0.2666666666666666,87.33333333333333,1,0
14.0,1,0,0,1,150.0,89.0,4.0,0.9333333333333332,56.66666666666666,1,1
7.0,4,0,3,0,30.0,41.0,10.0,0.4666666666666667,69.33333333333333,1,1
8.0,0,0,0,0,333.0,82.0,14.0,0.5333333333333333,78.66666666666667,0,0
6.0,1,1,0,0,0.0,48.0,16.0,0.4,82.0,1,0
1.0,1,1,0,0,120.0,105.0,10.0,0.0666666666666666,95.33333333333331,1,0
13.0,5,1,3,0,30.0,74.0,5.0,0.8666666666666667,51.33333333333333,1,1
8.0,3,0,1,1,60.0,26.0,18.0,0.5333333333333333,68.66666666666667,1,1
5.0,1,1,1,0,0.0,80.0,8.0,0.3333333333333333,80.66666666666667,1,0
7.0,0,0,0,0,307.0,133.0,17.0,0.4666666666666667,81.33333333333333,0,0
4.0,1,1,0,0,90.0,37.0,1.0,0.2666666666666666,87.33333333333333,1,0
8.0,0,1,0,0,150.0,44.0,18.0,0.5333333333333333,76.66666666666667,1,0
9.0,1,0,0,1,60.0,119.0,18.0,0.6,70.0,1,1
8.0,1,1,0,0,150.0,68.0,4.0,0.5333333333333333,76.66666666666667,1,0
1.0,0,0,0,0,209.0,69.0,17.0,0.0666666666666666,97.33333333333331,0,0
3.0,0,0,0,0,180.0,51.0,21.0,0.2,92.0,0,0
0.0,1,0,0,0,317.0,102.0,13.0,0.0,100.0,0,0
4.0,4,2,0,1,0.0,29.0,20.0,0.2666666666666666,79.33333333333333,1,1
2.0,1,0,1,0,120.0,60.0,17.0,0.1333333333333333,90.66666666666669,1,0
4.0,1,1,0,0,0.0,106.0,17.0,0.2666666666666666,87.33333333333333,1,0
2.0,0,0,0,0,290.0,143.0,12.0,0.1333333333333333,94.66666666666669,0,0
3.0,0,0,0,0,335.0,73.0,1.0,0.2,92.0,0,0
5.0,0,0,0,0,322.0,107.0,19.0,0.3333333333333333,86.66666666666667,0,0
4.0,0,0,0,0,299.0,75.0,11.0,0.2666666666666666,89.33333333333333,0,0
0.0,1,0,0,0,359.0,56.0,16.0,0.0,100.0,0,0
10.0,4,0,1,2,90.0,45.0,22.0,0.6666666666666666,57.33333333333334,1,1
1.0,0,0,0,0,250.0,123.0,9.0,0.0666666666666666,97.33333333333331,0,0
1.0,0,0,0,0,219.0,55.0,1.0,0.0666666666666666,97.33333333333331,0,0
1.0,0,1,0,0,150.0,80.0,21.0,0.0666666666666666,95.33333333333331,1,0
4.0,1,2,0,0,0.0,60.0,13.0,0.2666666666666666,85.33333333333333,1,0
1.0,2,1,0,0,60.0,73.0,18.0,0.0666666666666666,95.33333333333331,1,0
4.0,2,2,0,0,0.0,73.0,22.0,0.2666666666666666,85.33333333333333,1,0
3.0,0,0,0,1,0.0,118.0,8.0,0.2,86.0,1,0
5.0,1,0,0,1,0.0,54.0,18.0,0.3333333333333333,80.66666666666667,1,0
1.0,0,0,0,0,359.0,94.0,22.0,0.0666666666666666,97.33333333333331,0,0
9.0,2,1,0,0,0.0,62.0,11.0,0.6,74.0,1,1
6.0,1,0,0,0,252.0,117.0,9.0,0.4,84.0,0,0
4.0,0,0,0,0,281.0,128.0,4.0,0.2666666666666666,89.33333333333333,0,0
13.0,6,1,1,3,0.0,77.0,18.0,0.8666666666666667,41.33333333333333,1,1
10.0,3,0,2,1,0.0,97.0,22.0,0.6666666666666666,59.33333333333334,1,1
2.0,0,0,0,0,220.0,76.0,14.0,0.1333333333333333,94.66666666666669,0,0
4.0,0,0,0,0,350.0,61.0,15.0,0.2666666666666666,89.33333333333333,0,0
5.0,1,1,0,0,150.0,99.0,9.0,0.3333333333333333,84.66666666666667,1,0
3.0,1,0,0,0,342.0,132.0,5.0,0.2,92.0,0,0
8.0,2,0,1,2,30.0,33.0,21.0,0.5333333333333333,62.66666666666667,1,1
0.0,0,0,0,0,182.0,44.0,16.0,0.0,100.0,0,0
12.0,0,0,0,0,256.0,125.0,5.0,0.8,68.0,0,0
10.0,5,2,0,3,30.0,19.0,9.0,0.6666666666666666,51.33333333333334,1,1
7.0,1,1,0,0,60.0,116.0,17.0,0.4666666666666667,79.33333333333333,1,0
4.0,1,0,0,0,310.0,90.0,5.0,0.2666666666666666,89.33333333333333,0,0
8.0,1,0,1,0,30.0,59.0,1.0,0.5333333333333333,74.66666666666667,1,0
8.0,3,1,2,0,0.0,88.0,5.0,0.5333333333333333,68.66666666666667,1,1
3.0,0,0,0,0,243.0,61.0,2.0,0.2,92.0,0,0
7.0,3,2,1,1,0.0,89.0,8.0,0.4666666666666667,67.33333333333333,1,1
7.0,2,0,2,0,90.0,59.0,2.0,0.4666666666666667,73.33333333333333,1,1
7.0,1,0,1,0,150.0,27.0,23.0,0.4666666666666667,77.33333333333333,1,0
7.0,1,2,0,0,0.0,42.0,20.0,0.4666666666666667,77.33333333333333,1,0
10.0,1,0,0,1,60.0,62.0,12.0,0.6666666666666666,67.33333333333334,1,1
1.0,1,0,0,0,360.0,125.0,8.0,0.0666666666666666,97.33333333333331,0,0
9.0,0,0,1,0,0.0,58.0,7.0,0.6,72.0,1,0
11.0,0,0,0,0,242.0,58.0,24.0,0.7333333333333333,70.66666666666667,0,0
13.0,2,2,0,1,30.0,104.0,21.0,0.8666666666666667,55.33333333333333,1,1
4.0,0,0,0,0,275.0,58.0,10.0,0.2666666666666666,89.33333333333333,0,0
3.0,1,0,0,0,230.0,111.0,5.0,0.2,92.0,0,0
13.0,2,0,1,2,0.0,17.0,25.0,0.8666666666666667,49.33333333333333,1,1
3.0,2,1,0,0,120.0,56.0,9.0,0.2,90.0,1,0
3.0,0,0,0,0,180.0,115.0,21.0,0.2,92.0,0,0
1.0,0,0,0,1,0.0,52.0,19.0,0.0666666666666666,91.33333333333331,1,0
2.0,0,0,0,0,251.0,120.0,22.0,0.1333333333333333,94.66666666666669,0,0
13.0,2,0,1,2,0.0,25.0,25.0,0.8666666666666667,49.33333333333333,1,1
10.0,3,0,1,1,0.0,36.0,16.0,0.6666666666666666,63.33333333333334,1,1
8.0,3,1,1,0,0.0,68.0,21.0,0.5333333333333333,72.66666666666667,1,1
13.0,3,0,0,2,30.0,65.0,15.0,0.8666666666666667,53.33333333333333,1,1
2.0,0,0,0,0,238.0,87.0,4.0,0.1333333333333333,94.66666666666669,0,0
8.0,1,1,0,0,120.0,49.0,15.0,0.5333333333333333,76.66666666666667,1,0
8.0,3,0,2,0,30.0,80.0,18.0,0.5333333333333333,70.66666666666667,1,1
1.0,1,0,0,0,207.0,89.0,16.0,0.0666666666666666,97.33333333333331,0,0
12.0,6,3,0,2,0.0,69.0,1.0,0.8,50.0,1,1
6.0,2,1,1,0,0.0,87.0,1.0,0.4,78.0,1,0
9.0,1,1,0,1,120.0,86.0,7.0,0.6,68.0,1,1
4.0,1,0,0,0,187.0,41.0,23.0,0.2666666666666666,89.33333333333333,0,0
3.0,0,0,0,0,286.0,88.0,2.0,0.2,92.0,0,0
10.0,2,2,1,0,60.0,91.0,11.0,0.6666666666666666,65.33333333333334,1,1
1.0,0,0,0,0,248.0,135.0,7.0,0.0666666666666666,97.33333333333331,0,0
3.0,2,1,0,0,0.0,60.0,16.0,0.2,90.0,1,0
2.0,0,0,0,0,290.0,74.0,11.0,0.1333333333333333,94.66666666666669,0,1
9.0,3,0,0,3,0.0,61.0,19.0,0.6,58.0,1,1
5.0,0,0,0,1,0.0,121.0,8.0,0.3333333333333333,80.66666666666667,1,0
1.0,0,0,0,0,289.0,93.0,21.0,0.0666666666666666,97.33333333333331,0,0
5.0,0,0,0,0,339.0,103.0,23.0,0.3333333333333333,86.66666666666667,0,0
8.0,2,0,1,0,0.0,54.0,12.0,0.5333333333333333,74.66666666666667,1,0
4.0,0,0,0,0,316.0,118.0,7.0,0.2666666666666666,89.33333333333333,0,0
1.0,0,0,0,0,320.0,89.0,17.0,0.0666666666666666,97.33333333333331,0,0
6.0,0,0,0,0,299.0,78.0,7.0,0.4,84.0,0,0
6.0,0,0,0,0,335.0,59.0,12.0,0.4,84.0,0,0
1.0,0,0,0,0,181.0,94.0,9.0,0.0666666666666666,97.33333333333331,0,0
12.0,6,1,0,4,0.0,31.0,10.0,0.8,42.0,1,1
12.0,2,0,1,1,30.0,98.0,21.0,0.8,58.0,1,1
12.0,2,1,1,0,30.0,88.0,3.0,0.8,62.0,1,1
11.0,2,0,2,0,0.0,54.0,10.0,0.7333333333333333,62.66666666666667,1,1
11.0,5,1,0,3,30.0,19.0,20.0,0.7333333333333333,50.66666666666667,1,1
6.0,3,2,1,0,0.0,92.0,23.0,0.4,76.0,1,1
1.0,0,0,0,0,311.0,131.0,15.0,0.0666666666666666,97.33333333333331,0,0
3.0,0,0,1,0,0.0,120.0,3.0,0.2,88.0,1,0
4.0,1,0,1,0,0.0,96.0,8.0,0.2666666666666666,85.33333333333333,1,0
0.0,0,0,0,0,333.0,84.0,25.0,0.0,100.0,0,0
1.0,1,0,1,0,150.0,80.0,6.0,0.0666666666666666,93.33333333333331,1,0
2.0,0,0,0,0,181.0,55.0,2.0,0.1333333333333333,94.66666666666669,0,0
1.0,0,0,0,0,354.0,80.0,4.0,0.0666666666666666,97.33333333333331,0,0
2.0,0,0,0,0,225.0,53.0,16.0,0.1333333333333333,94.66666666666669,0,0
3.0,2,0,1,0,30.0,124.0,14.0,0.2,88.0,1,0
6.0,0,1,0,0,120.0,108.0,10.0,0.4,82.0,1,0
1.0,1,0,0,0,303.0,94.0,23.0,0.0666666666666666,97.33333333333331,0,0
4.0,0,0,0,0,268.0,65.0,14.0,0.2666666666666666,89.33333333333333,0,0
3.0,2,0,1,0,0.0,118.0,13.0,0.2,88.0,1,0
6.0,0,1,0,0,150.0,45.0,16.0,0.4,82.0,1,0
6.0,2,0,0,1,120.0,90.0,4.0,0.4,78.0,1,1
5.0,1,0,0,1,150.0,108.0,18.0,0.3333333333333333,80.66666666666667,1,0
9.0,1,1,1,0,0.0,28.0,5.0,0.6,70.0,1,1
1.0,0,0,0,0,240.0,63.0,11.0,0.0666666666666666,97.33333333333331,0,0
4.0,2,1,1,0,120.0,55.0,21.0,0.2666666666666666,83.33333333333333,1,0
6.0,0,1,0,0,150.0,35.0,11.0,0.4,82.0,1,0
6.0,1,0,0,1,150.0,72.0,8.0,0.4,78.0,1,1
12.0,3,0,1,2,0.0,37.0,13.0,0.8,52.0,1,1
5.0,1,0,0,0,188.0,90.0,2.0,0.3333333333333333,86.66666666666667,0,0
5.0,1,0,0,0,253.0,134.0,19.0,0.3333333333333333,86.66666666666667,0,0
9.0,0,0,1,0,30.0,44.0,14.0,0.6,72.0,1,1
4.0,2,2,0,0,0.0,74.0,10.0,0.2666666666666666,85.33333333333333,1,0
1.0,0,0,0,0,237.0,120.0,13.0,0.0666666666666666,97.33333333333331,0,0
4.0,3,2,0,0,0.0,86.0,24.0,0.2666666666666666,85.33333333333333,1,0
0.0,0,0,1,0,120.0,94.0,17.0,0.0,96.0,1,0
11.0,5,0,1,3,0.0,47.0,5.0,0.7333333333333333,48.66666666666667,1,1
2.0,1,0,0,0,332.0,111.0,7.0,0.1333333333333333,94.66666666666669,0,0
10.0,1,0,0,2,0.0,34.0,4.0,0.6666666666666666,61.33333333333334,1,1
9.0,2,1,2,0,0.0,55.0,13.0,0.6,66.0,1,1
7.0,2,1,0,0,0.0,121.0,25.0,0.4666666666666667,79.33333333333333,1,0
8.0,0,1,0,0,60.0,84.0,4.0,0.5333333333333333,76.66666666666667,1,0
13.0,4,1,0,3,60.0,33.0,10.0,0.8666666666666667,45.33333333333333,1,1
14.0,6,0,2,3,0.0,94.0,24.0,0.9333333333333332,36.66666666666666,1,1
5.0,2,2,0,0,90.0,52.0,21.0,0.3333333333333333,82.66666666666667,1,0
12.0,5,1,1,4,0.0,32.0,24.0,0.8,38.0,1,1
0.0,0,0,0,0,305.0,137.0,20.0,0.0,100.0,0,0
8.0,0,0,0,0,202.0,113.0,4.0,0.5333333333333333,78.66666666666667,0,0
3.0,0,0,0,0,309.0,72.0,25.0,0.2,92.0,0,0
7.0,1,1,0,0,30.0,110.0,17.0,0.4666666666666667,79.33333333333333,1,0
11.0,6,1,2,2,0.0,58.0,17.0,0.7333333333333333,48.66666666666667,1,1
7.0,0,0,0,0,257.0,105.0,9.0,0.4666666666666667,81.33333333333333,0,0
2.0,0,0,0,0,199.0,57.0,12.0,0.1333333333333333,94.66666666666669,0,0
1.0,1,1,0,0,60.0,45.0,19.0,0.0666666666666666,95.33333333333331,1,0
11.0,3,1,1,1,0.0,70.0,18.0,0.7333333333333333,58.66666666666667,1,1
1.0,2,0,1,0,60.0,95.0,25.0,0.0666666666666666,93.33333333333331,1,0
3.0,0,0,0,0,251.0,127.0,10.0,0.2,92.0,0,0
1.0,1,0,0,0,350.0,132.0,1.0,0.0666666666666666,97.33333333333331,0,0
10.0,4,0,3,2,0.0,85.0,4.0,0.6666666666666666,49.33333333333334,1,1
4.0,1,0,0,0,277.0,134.0,18.0,0.2666666666666666,89.33333333333333,0,0
11.0,4,2,1,1,0.0,36.0,4.0,0.7333333333333333,56.66666666666667,1,1
11.0,5,3,2,0,0.0,68.0,24.0,0.7333333333333333,56.66666666666667,1,1
8.0,0,1,0,0,90.0,98.0,16.0,0.5333333333333333,76.66666666666667,1,0
1.0,0,0,0,0,283.0,85.0,13.0,0.0666666666666666,97.33333333333331,0,0
4.0,1,0,0,0,283.0,83.0,10.0,0.2666666666666666,89.33333333333333,0,0
6.0,4,2,0,1,30.0,69.0,5.0,0.4,74.0,1,1
7.0,0,0,0,0,272.0,61.0,22.0,0.4666666666666667,81.33333333333333,0,0
6.0,1,0,1,1,0.0,47.0,24.0,0.4,74.0,1,1
3.0,0,1,0,0,60.0,93.0,12.0,0.2,90.0,1,0
7.0,2,2,0,0,0.0,82.0,3.0,0.4666666666666667,77.33333333333333,1,0
5.0,1,0,1,0,150.0,93.0,16.0,0.3333333333333333,82.66666666666667,1,0
2.0,1,0,0,0,313.0,76.0,14.0,0.1333333333333333,94.66666666666669,0,0
11.0,4,1,3,0,0.0,47.0,23.0,0.7333333333333333,56.66666666666667,1,1
2.0,1,0,0,0,293.0,74.0,12.0,0.1333333333333333,94.66666666666669,0,0
14.0,5,0,3,2,0.0,23.0,7.0,0.9333333333333332,38.66666666666666,1,1
0.0,1,0,0,0,249.0,101.0,22.0,0.0,100.0,0,0
7.0,2,1,1,0,0.0,110.0,16.0,0.4666666666666667,75.33333333333333,1,1
1.0,2,1,0,0,120.0,75.0,17.0,0.0666666666666666,95.33333333333331,1,0
4.0,0,1,0,0,60.0,86.0,19.0,0.2666666666666666,87.33333333333333,1,0
0.0,0,0,0,0,246.0,133.0,23.0,0.0,100.0,0,0
12.0,3,1,0,1,30.0,85.0,6.0,0.8,60.0,1,1
3.0,1,0,1,0,120.0,109.0,3.0,0.2,88.0,1,0
0.0,0,0,0,0,357.0,139.0,15.0,0.0,100.0,0,0
3.0,3,2,0,0,0.0,54.0,9.0,0.2,88.0,1,0
10.0,2,1,0,2,30.0,56.0,6.0,0.6666666666666666,59.33333333333334,1,1
4.0,4,3,0,0,30.0,102.0,14.0,0.2666666666666666,83.33333333333333,1,0
1.0,0,0,0,0,259.0,137.0,8.0,0.0666666666666666,97.33333333333331,0,0
7.0,0,0,0,0,299.0,118.0,3.0,0.4666666666666667,81.33333333333333,0,0
11.0,2,1,0,0,30.0,47.0,12.0,0.7333333333333333,68.66666666666667,1,1
6.0,0,1,0,0,120.0,97.0,17.0,0.4,82.0,1,0
10.0,5,0,1,3,60.0,37.0,13.0,0.6666666666666666,51.33333333333334,1,1
4.0,1,0,0,0,214.0,129.0,13.0,0.2666666666666666,89.33333333333333,0,0
14.0,4,1,0,3,0.0,51.0,4.0,0.9333333333333332,42.66666666666666,1,1
12.0,3,0,0,2,30.0,66.0,6.0,0.8,56.0,1,1
7.0,2,0,1,0,0.0,116.0,24.0,0.4666666666666667,77.33333333333333,1,0
9.0,1,0,1,0,150.0,102.0,16.0,0.6,72.0,1,1
6.0,1,0,1,0,120.0,103.0,19.0,0.4,80.0,1,0
7.0,1,0,0,1,150.0,55.0,25.0,0.4666666666666667,75.33333333333333,1,1
14.0,3,1,1,0,30.0,102.0,1.0,0.9333333333333332,56.66666666666666,1,1
1.0,1,0,0,0,217.0,77.0,24.0,0.0666666666666666,97.33333333333331,0,0
0.0,0,0,0,0,345.0,127.0,16.0,0.0,100.0,0,0
1.0,1,0,0,0,276.0,112.0,6.0,0.0666666666666666,97.33333333333331,0,0
1.0,0,0,0,0,325.0,60.0,17.0,0.0666666666666666,97.33333333333331,0,0
4.0,2,0,1,1,0.0,37.0,5.0,0.2666666666666666,79.33333333333333,1,1
12.0,3,2,1,0,60.0,89.0,13.0,0.8,60.0,1,1
1.0,1,0,1,0,120.0,32.0,6.0,0.0666666666666666,93.33333333333331,1,0
3.0,0,0,0,0,234.0,113.0,16.0,0.2,92.0,0,0
14.0,4,1,2,1,0.0,55.0,3.0,0.9333333333333332,46.66666666666666,1,1
4.0,0,0,0,0,195.0,65.0,17.0,0.2666666666666666,89.33333333333333,0,1
12.0,2,0,2,0,30.0,57.0,9.0,0.8,60.0,1,1
0.0,0,1,0,0,30.0,114.0,8.0,0.0,98.0,1,0
7.0,2,0,0,1,120.0,32.0,25.0,0.4666666666666667,75.33333333333333,1,1
3.0,2,1,0,0,60.0,126.0,6.0,0.2,90.0,1,0
11.0,1,0,1,1,0.0,34.0,20.0,0.7333333333333333,60.66666666666667,1,1
2.0,1,0,0,0,314.0,65.0,12.0,0.1333333333333333,94.66666666666669,0,0
1.0,0,0,0,0,287.0,120.0,6.0,0.0666666666666666,97.33333333333331,0,0
0.0,0,0,0,0,345.0,124.0,8.0,0.0,100.0,0,0
13.0,1,1,0,0,0.0,66.0,8.0,0.8666666666666667,63.33333333333333,1,1
4.0,0,0,0,0,350.0,93.0,17.0,0.2666666666666666,89.33333333333333,0,0
4.0,0,0,0,0,248.0,131.0,8.0,0.2666666666666666,89.33333333333333,0,0
12.0,2,2,0,0,0.0,70.0,6.0,0.8,64.0,1,1
6.0,1,1,0,1,30.0,70.0,12.0,0.4,76.0,1,1
3.0,0,1,0,0,30.0,132.0,3.0,0.2,90.0,1,0
11.0,2,0,0,3,30.0,69.0,12.0,0.7333333333333333,52.66666666666667,1,1
10.0,6,1,1,3,0.0,54.0,16.0,0.6666666666666666,49.33333333333334,1,1
11.0,5,1,3,0,0.0,77.0,15.0,0.7333333333333333,56.66666666666667,1,1
13.0,1,0,1,1,30.0,99.0,18.0,0.8666666666666667,55.33333333333333,1,1
6.0,2,2,1,0,90.0,49.0,3.0,0.4,76.0,1,1
12.0,2,1,0,1,0.0,56.0,5.0,0.8,60.0,1,1
12.0,3,0,1,1,0.0,84.0,20.0,0.8,58.0,1,1
2.0,1,1,0,0,0.0,49.0,4.0,0.1333333333333333,92.66666666666669,1,0
12.0,4,0,2,1,0.0,30.0,16.0,0.8,54.0,1,1
2.0,0,0,0,0,224.0,62.0,25.0,0.1333333333333333,94.66666666666669,0,0
2.0,0,0,0,0,283.0,101.0,8.0,0.1333333333333333,94.66666666666669,0,0
13.0,1,0,1,0,30.0,78.0,2.0,0.8666666666666667,61.33333333333333,1,1
12.0,1,0,1,0,0.0,114.0,10.0,0.8,64.0,1,1
0.0,2,1,0,0,0.0,63.0,6.0,0.0,98.0,1,0
11.0,4,2,1,0,30.0,74.0,23.0,0.7333333333333333,62.66666666666667,1,1
13.0,5,0,0,4,30.0,27.0,24.0,0.8666666666666667,41.33333333333333,1,1
4.0,0,0,0,0,255.0,54.0,20.0,0.2666666666666666,89.33333333333333,0,0
2.0,0,0,0,0,282.0,120.0,12.0,0.1333333333333333,94.66666666666669,0,0
3.0,0,0,0,0,208.0,92.0,9.0,0.2,92.0,0,0
7.0,0,1,0,0,0.0,65.0,11.0,0.4666666666666667,79.33333333333333,1,0
6.0,1,0,1,0,150.0,113.0,9.0,0.4,80.0,1,0
6.0,3,2,0,0,90.0,62.0,25.0,0.4,80.0,1,0
2.0,2,1,0,0,60.0,82.0,2.0,0.1333333333333333,92.66666666666669,1,0
1.0,1,1,1,0,90.0,60.0,17.0,0.0666666666666666,91.33333333333331,1,0
6.0,1,1,1,0,0.0,64.0,16.0,0.4,78.0,1,0
0.0,0,0,0,0,358.0,131.0,19.0,0.0,100.0,0,0
3.0,1,0,0,0,336.0,57.0,9.0,0.2,92.0,0,0
3.0,0,0,0,0,193.0,38.0,18.0,0.2,92.0,0,0
8.0,3,1,0,2,60.0,89.0,15.0,0.5333333333333333,64.66666666666667,1,1
0.0,1,0,0,0,214.0,63.0,5.0,0.0,100.0,0,0
7.0,1,2,0,0,0.0,37.0,1.0,0.4666666666666667,77.33333333333333,1,1
0.0,0,0,0,0,283.0,104.0,4.0,0.0,100.0,0,0
7.0,1,0,0,0,189.0,110.0,15.0,0.4666666666666667,81.33333333333333,0,0
1.0,2,2,0,0,120.0,90.0,22.0,0.0666666666666666,93.33333333333331,1,0
3.0,0,0,0,0,290.0,76.0,16.0,0.2,92.0,0,0
0.0,1,0,0,0,247.0,74.0,6.0,0.0,100.0,0,0
8.0,0,1,0,0,90.0,101.0,23.0,0.5333333333333333,76.66666666666667,1,0
9.0,3,0,2,0,60.0,50.0,1.0,0.6,68.0,1,1
5.0,4,0,1,2,0.0,28.0,17.0,0.3333333333333333,70.66666666666667,1,1
2.0,0,0,0,0,213.0,75.0,6.0,0.1333333333333333,94.66666666666669,0,0
2.0,1,0,0,0,256.0,127.0,8.0,0.1333333333333333,94.66666666666669,0,0
6.0,2,2,0,1,0.0,98.0,20.0,0.4,74.0,1,1
1.0,0,0,0,0,242.0,56.0,8.0,0.0666666666666666,97.33333333333331,0,0
10.0,1,0,1,1,0.0,72.0,19.0,0.6666666666666666,63.33333333333334,1,1
3.0,3,1,0,1,0.0,28.0,17.0,0.2,84.0,1,1
2.0,0,0,0,0,237.0,55.0,12.0,0.1333333333333333,94.66666666666669,0,0
11.0,6,1,1,3,0.0,53.0,5.0,0.7333333333333333,46.66666666666667,1,1
12.0,1,0,0,1,90.0,89.0,22.0,0.8,62.0,1,1
4.0,0,0,0,0,216.0,105.0,6.0,0.2666666666666666,89.33333333333333,0,0
1.0,0,0,0,0,347.0,128.0,7.0,0.0666666666666666,97.33333333333331,0,0
3.0,0,0,0,0,188.0,70.0,24.0,0.2,92.0,0,0
8.0,1,1,0,0,60.0,57.0,1.0,0.5333333333333333,76.66666666666667,1,0
7.0,2,1,0,0,120.0,60.0,10.0,0.4666666666666667,79.33333333333333,1,0
0.0,0,1,0,0,90.0,108.0,5.0,0.0,98.0,1,0
1.0,0,1,0,0,60.0,92.0,4.0,0.0666666666666666,95.33333333333331,1,0
7.0,1,0,0,0,225.0,98.0,17.0,0.4666666666666667,81.33333333333333,0,0
5.0,0,1,0,0,30.0,69.0,6.0,0.3333333333333333,84.66666666666667,1,0
9.0,2,1,0,1,0.0,103.0,18.0,0.6,68.0,1,1
2.0,2,0,3,0,30.0,61.0,11.0,0.1333333333333333,82.66666666666667,1,1
9.0,1,0,1,0,0.0,85.0,7.0,0.6,72.0,1,0
11.0,2,1,1,0,0.0,62.0,3.0,0.7333333333333333,64.66666666666667,1,0
3.0,0,0,0,0,245.0,92.0,6.0,0.2,92.0,0,0
10.0,3,0,2,0,0.0,42.0,13.0,0.6666666666666666,65.33333333333334,1,1
1.0,0,0,0,0,294.0,110.0,17.0,0.0666666666666666,97.33333333333331,0,0
12.0,3,0,0,2,60.0,75.0,24.0,0.8,56.0,1,1
3.0,0,0,0,0,282.0,79.0,15.0,0.2,92.0,0,0
3.0,1,0,0,0,254.0,73.0,3.0,0.2,92.0,0,0
6.0,3,1,1,0,30.0,27.0,17.0,0.4,78.0,1,0
3.0,0,0,0,0,245.0,90.0,25.0,0.2,92.0,0,0
7.0,0,1,0,0,90.0,113.0,24.0,0.4666666666666667,79.33333333333333,1,0
6.0,2,0,1,0,60.0,74.0,4.0,0.4,80.0,1,0
3.0,2,1,0,0,150.0,38.0,2.0,0.2,90.0,1,0
1.0,0,0,0,0,222.0,58.0,17.0,0.0666666666666666,97.33333333333331,0,0
12.0,3,2,0,1,0.0,82.0,18.0,0.8,58.0,1,1
5.0,0,0,0,0,223.0,103.0,22.0,0.3333333333333333,86.66666666666667,0,0
6.0,4,1,2,0,0.0,96.0,8.0,0.4,74.0,1,1
1.0,0,0,0,0,182.0,128.0,14.0,0.0666666666666666,97.33333333333331,0,0
8.0,0,0,0,0,311.0,74.0,8.0,0.5333333333333333,78.66666666666667,0,0
4.0,0,0,0,0,344.0,138.0,21.0,0.2666666666666666,89.33333333333333,0,0
4.0,0,1,0,0,0.0,101.0,4.0,0.2666666666666666,87.33333333333333,1,0
0.0,1,0,0,0,322.0,109.0,14.0,0.0,100.0,0,0
8.0,0,0,1,0,150.0,112.0,4.0,0.5333333333333333,74.66666666666667,1,0
3.0,1,0,0,0,249.0,125.0,3.0,0.2,92.0,0,0
12.0,3,0,0,2,90.0,32.0,2.0,0.8,56.0,1,1
0.0,1,1,0,0,150.0,51.0,9.0,0.0,98.0,1,0
3.0,2,0,1,0,0.0,72.0,20.0,0.2,88.0,1,0
12.0,2,0,2,0,90.0,49.0,3.0,0.8,60.0,1,0
10.0,1,2,0,0,30.0,31.0,22.0,0.6666666666666666,69.33333333333334,1,1
4.0,0,0,0,0,183.0,56.0,22.0,0.2666666666666666,89.33333333333333,0,0
3.0,0,0,0,0,268.0,121.0,4.0,0.2,92.0,0,0
3.0,1,0,0,0,199.0,112.0,19.0,0.2,92.0,0,0
12.0,2,0,0,2,30.0,40.0,16.0,0.8,56.0,1,1
8.0,0,0,0,1,30.0,55.0,20.0,0.5333333333333333,72.66666666666667,1,1
4.0,2,1,0,0,0.0,79.0,1.0,0.2666666666666666,87.33333333333333,1,0
6.0,0,0,0,0,226.0,78.0,13.0,0.4,84.0,0,0
14.0,1,1,0,1,0.0,52.0,18.0,0.9333333333333332,54.66666666666666,1,1
4.0,0,0,0,0,292.0,83.0,13.0,0.2666666666666666,89.33333333333333,0,0
10.0,1,0,0,1,60.0,112.0,13.0,0.6666666666666666,67.33333333333334,1,1
6.0,3,1,0,1,0.0,34.0,20.0,0.4,76.0,1,1
1.0,1,0,0,0,278.0,133.0,21.0,0.0666666666666666,97.33333333333331,0,1
2.0,0,0,1,0,0.0,98.0,5.0,0.1333333333333333,90.66666666666669,1,0
8.0,0,0,1,0,150.0,88.0,3.0,0.5333333333333333,74.66666666666667,1,0
6.0,1,0,0,0,228.0,101.0,1.0,0.4,84.0,0,0
3.0,1,0,0,0,275.0,108.0,5.0,0.2,92.0,0,0
4.0,0,0,0,0,215.0,54.0,9.0,0.2666666666666666,89.33333333333333,0,0
4.0,1,0,0,0,264.0,114.0,19.0,0.2666666666666666,89.33333333333333,0,0
8.0,1,0,0,1,0.0,73.0,11.0,0.5333333333333333,72.66666666666667,1,1
8.0,1,1,0,0,90.0,120.0,6.0,0.5333333333333333,76.66666666666667,1,0
7.0,3,1,1,2,0.0,17.0,4.0,0.4666666666666667,63.33333333333333,1,1
4.0,0,0,0,0,283.0,134.0,15.0,0.2666666666666666,89.33333333333333,0,0
3.0,0,0,0,0,340.0,61.0,8.0,0.2,92.0,0,0
3.0,0,0,0,0,239.0,100.0,21.0,0.2,92.0,0,0
4.0,1,1,0,0,0.0,75.0,8.0,0.2666666666666666,87.33333333333333,1,0
3.0,0,0,0,0,188.0,46.0,21.0,0.2,92.0,0,0
2.0,1,1,0,0,150.0,109.0,24.0,0.1333333333333333,92.66666666666669,1,0
4.0,0,0,0,0,189.0,96.0,10.0,0.2666666666666666,89.33333333333333,0,0
0.0,1,1,0,0,90.0,62.0,8.0,0.0,98.0,1,0
0.0,1,0,0,0,213.0,127.0,24.0,0.0,100.0,0,0
1.0,0,0,0,0,257.0,138.0,2.0,0.0666666666666666,97.33333333333331,0,0
0.0,0,0,0,0,210.0,48.0,9.0,0.0,100.0,0,0
12.0,1,1,0,0,0.0,94.0,25.0,0.8,66.0,1,1
2.0,0,0,0,0,297.0,100.0,13.0,0.1333333333333333,94.66666666666669,0,1
2.0,0,0,0,0,340.0,65.0,25.0,0.1333333333333333,94.66666666666669,0,0
10.0,1,0,0,2,0.0,51.0,22.0,0.6666666666666666,61.33333333333334,1,1
14.0,3,0,1,2,0.0,66.0,9.0,0.9333333333333332,46.66666666666666,1,1
7.0,1,1,1,0,30.0,51.0,3.0,0.4666666666666667,75.33333333333333,1,0
4.0,0,1,0,0,60.0,107.0,7.0,0.2666666666666666,87.33333333333333,1,0
3.0,0,0,0,0,200.0,49.0,4.0,0.2,92.0,0,0
12.0,0,0,0,0,195.0,127.0,2.0,0.8,68.0,0,1
10.0,3,2,0,1,0.0,83.0,24.0,0.6666666666666666,63.33333333333334,1,1
12.0,4,0,1,4,0.0,82.0,20.0,0.8,40.0,1,1
8.0,0,0,0,0,329.0,70.0,14.0,0.5333333333333333,78.66666666666667,0,0
9.0,4,1,0,2,0.0,93.0,4.0,0.6,62.0,1,1
1.0,0,0,0,0,297.0,141.0,20.0,0.0666666666666666,97.33333333333331,0,0
0.0,0,1,0,0,150.0,31.0,13.0,0.0,98.0,1,0
8.0,3,1,1,0,120.0,67.0,21.0,0.5333333333333333,72.66666666666667,1,0
0.0,0,0,0,0,234.0,76.0,9.0,0.0,100.0,0,0
0.0,1,0,0,0,227.0,109.0,23.0,0.0,100.0,0,0
6.0,2,0,1,1,0.0,48.0,15.0,0.4,74.0,1,1
8.0,3,2,0,0,90.0,103.0,21.0,0.5333333333333333,74.66666666666667,1,0
4.0,0,0,0,0,196.0,51.0,17.0,0.2666666666666666,89.33333333333333,0,0
9.0,0,0,1,0,0.0,101.0,8.0,0.6,72.0,1,0
9.0,1,0,2,0,0.0,56.0,4.0,0.6,68.0,1,1
2.0,0,0,0,0,209.0,64.0,19.0,0.1333333333333333,94.66666666666669,0,0
10.0,5,1,0,3,0.0,70.0,9.0,0.6666666666666666,53.33333333333334,1,1
11.0,1,1,0,0,0.0,87.0,4.0,0.7333333333333333,68.66666666666667,1,0
8.0,2,1,0,0,120.0,97.0,5.0,0.5333333333333333,76.66666666666667,1,0
2.0,2,0,1,0,150.0,90.0,6.0,0.1333333333333333,90.66666666666669,1,0
6.0,1,0,1,0,90.0,82.0,12.0,0.4,80.0,1,0
3.0,2,1,1,0,0.0,46.0,16.0,0.2,86.0,1,0
12.0,2,1,0,2,0.0,104.0,23.0,0.8,54.0,1,1
14.0,5,0,3,1,60.0,67.0,5.0,0.9333333333333332,44.66666666666666,1,1
6.0,1,0,0,0,315.0,109.0,25.0,0.4,84.0,0,0
3.0,0,0,0,0,292.0,79.0,6.0,0.2,92.0,0,0
5.0,3,2,0,0,30.0,32.0,8.0,0.3333333333333333,82.66666666666667,1,1
12.0,2,0,0,3,0.0,98.0,19.0,0.8,50.0,1,1
1.0,1,0,0,0,293.0,99.0,4.0,0.0666666666666666,97.33333333333331,0,0
0.0,2,0,1,0,60.0,83.0,3.0,0.0,96.0,1,0
6.0,1,1,0,0,90.0,64.0,10.0,0.4,82.0,1,0
8.0,1,0,0,0,352.0,77.0,13.0,0.5333333333333333,78.66666666666667,0,0
9.0,0,0,0,0,242.0,55.0,20.0,0.6,76.0,0,0
4.0,0,1,0,0,0.0,61.0,20.0,0.2666666666666666,87.33333333333333,1,0
4.0,0,0,0,0,276.0,93.0,22.0,0.2666666666666666,89.33333333333333,0,0
0.0,1,1,0,0,150.0,48.0,16.0,0.0,98.0,1,0
7.0,0,0,0,0,214.0,72.0,15.0,0.4666666666666667,81.33333333333333,0,0
5.0,1,1,0,0,150.0,39.0,6.0,0.3333333333333333,84.66666666666667,1,0
6.0,0,0,0,0,268.0,105.0,16.0,0.4,84.0,0,0
8.0,4,1,3,0,0.0,66.0,13.0,0.5333333333333333,64.66666666666667,1,1
4.0,0,0,0,0,294.0,120.0,18.0,0.2666666666666666,89.33333333333333,0,0
1.0,1,0,0,0,302.0,133.0,24.0,0.0666666666666666,97.33333333333331,0,0
3.0,0,0,0,1,0.0,92.0,8.0,0.2,86.0,1,0
1.0,1,1,0,0,30.0,59.0,24.0,0.0666666666666666,95.33333333333331,1,0
2.0,0,0,1,0,120.0,81.0,12.0,0.1333333333333333,90.66666666666669,1,0
1.0,0,0,0,0,198.0,89.0,12.0,0.0666666666666666,97.33333333333331,0,0
13.0,0,1,0,0,0.0,69.0,16.0,0.8666666666666667,63.33333333333333,1,1
4.0,0,0,0,0,267.0,81.0,19.0,0.2666666666666666,89.33333333333333,0,0
3.0,1,0,0,0,198.0,62.0,22.0,0.2,92.0,0,0
5.0,1,0,1,0,0.0,72.0,22.0,0.3333333333333333,82.66666666666667,1,0
0.0,0,0,0,0,247.0,57.0,13.0,0.0,100.0,0,0
0.0,1,0,0,0,239.0,126.0,19.0,0.0,100.0,0,0
2.0,1,1,0,0,30.0,110.0,11.0,0.1333333333333333,92.66666666666669,1,0
13.0,4,2,0,1,60.0,64.0,20.0,0.8666666666666667,55.33333333333333,1,1
6.0,0,0,0,0,284.0,120.0,19.0,0.4,84.0,0,0
2.0,0,0,0,0,198.0,99.0,6.0,0.1333333333333333,94.66666666666669,0,0
4.0,1,0,0,1,60.0,74.0,17.0,0.2666666666666666,83.33333333333333,1,0
0.0,0,0,0,0,188.0,70.0,13.0,0.0,100.0,0,0
9.0,2,1,1,0,0.0,54.0,19.0,0.6,70.0,1,1
10.0,3,2,1,0,30.0,73.0,13.0,0.6666666666666666,65.33333333333334,1,1
6.0,1,1,0,0,0.0,80.0,14.0,0.4,82.0,1,0
13.0,4,0,2,1,30.0,87.0,22.0,0.8666666666666667,51.33333333333333,1,1
1.0,0,0,0,0,227.0,102.0,17.0,0.0666666666666666,97.33333333333331,0,0
7.0,3,1,1,0,60.0,89.0,25.0,0.4666666666666667,75.33333333333333,1,1
11.0,1,0,0,1,30.0,47.0,16.0,0.7333333333333333,64.66666666666667,1,1
7.0,0,0,1,0,0.0,54.0,20.0,0.4666666666666667,77.33333333333333,1,0
6.0,1,1,1,0,0.0,68.0,3.0,0.4,78.0,1,0
14.0,1,0,1,0,60.0,109.0,16.0,0.9333333333333332,58.66666666666666,1,1
4.0,1,0,0,0,352.0,133.0,4.0,0.2666666666666666,89.33333333333333,0,0
2.0,0,1,0,0,0.0,102.0,12.0,0.1333333333333333,92.66666666666669,1,0
0.0,0,1,0,0,150.0,64.0,4.0,0.0,98.0,1,0
11.0,3,1,2,0,0.0,49.0,17.0,0.7333333333333333,60.66666666666667,1,1
1.0,0,0,0,0,182.0,94.0,5.0,0.0666666666666666,97.33333333333331,0,0
3.0,1,0,0,0,255.0,115.0,15.0,0.2,92.0,0,0
2.0,0,0,0,0,296.0,117.0,17.0,0.1333333333333333,94.66666666666669,0,0
10.0,4,3,1,0,30.0,18.0,12.0,0.6666666666666666,63.33333333333334,1,1
0.0,2,1,0,0,60.0,53.0,23.0,0.0,98.0,1,0
3.0,1,2,0,0,0.0,62.0,19.0,0.2,88.0,1,0
7.0,1,0,0,0,292.0,115.0,13.0,0.4666666666666667,81.33333333333333,0,0
2.0,1,0,0,0,321.0,54.0,13.0,0.1333333333333333,94.66666666666669,0,0
12.0,3,1,1,1,90.0,38.0,23.0,0.8,56.0,1,1
8.0,2,1,0,1,60.0,82.0,16.0,0.5333333333333333,70.66666666666667,1,1
6.0,0,0,0,0,278.0,70.0,4.0,0.4,84.0,0,0
3.0,1,1,0,0,90.0,97.0,12.0,0.2,90.0,1,0
11.0,3,0,4,0,0.0,47.0,1.0,0.7333333333333333,54.66666666666667,1,1
2.0,2,2,0,0,90.0,40.0,4.0,0.1333333333333333,90.66666666666669,1,0
8.0,0,1,0,0,150.0,107.0,4.0,0.5333333333333333,76.66666666666667,1,0
8.0,4,1,0,2,0.0,27.0,20.0,0.5333333333333333,64.66666666666667,1,1
0.0,0,0,0,0,291.0,83.0,5.0,0.0,100.0,0,0
2.0,0,0,0,0,199.0,101.0,14.0,0.1333333333333333,94.66666666666669,0,0
4.0,0,0,0,0,339.0,140.0,7.0,0.2666666666666666,89.33333333333333,0,0
6.0,3,1,0,1,120.0,92.0,13.0,0.4,76.0,1,1
6.0,2,0,0,1,90.0,33.0,11.0,0.4,78.0,1,1
12.0,4,1,2,0,60.0,55.0,6.0,0.8,58.0,1,1
11.0,2,2,0,0,0.0,73.0,15.0,0.7333333333333333,66.66666666666667,1,1
7.0,3,2,1,1,0.0,22.0,9.0,0.4666666666666667,67.33333333333333,1,1
12.0,3,2,0,1,0.0,40.0,8.0,0.8,58.0,1,1
1.0,1,0,1,0,120.0,109.0,18.0,0.0666666666666666,93.33333333333331,1,0
2.0,0,0,0,0,256.0,109.0,1.0,0.1333333333333333,94.66666666666669,0,1
5.0,0,0,0,0,275.0,124.0,21.0,0.3333333333333333,86.66666666666667,0,0
2.0,0,0,0,0,282.0,107.0,23.0,0.1333333333333333,94.66666666666669,0,0
11.0,1,0,0,2,60.0,56.0,1.0,0.7333333333333333,58.66666666666667,1,1
7.0,0,0,0,0,222.0,110.0,5.0,0.4666666666666667,81.33333333333333,0,0
1.0,0,0,0,0,211.0,44.0,16.0,0.0666666666666666,97.33333333333331,0,0
2.0,0,0,0,0,321.0,133.0,23.0,0.1333333333333333,94.66666666666669,0,0
0.0,0,0,0,0,331.0,54.0,14.0,0.0,100.0,0,0
3.0,0,0,0,0,236.0,120.0,18.0,0.2,92.0,0,0
2.0,0,0,0,0,242.0,100.0,3.0,0.1333333333333333,94.66666666666669,0,0
4.0,1,1,0,0,90.0,123.0,24.0,0.2666666666666666,87.33333333333333,1,0
8.0,1,1,0,0,120.0,45.0,21.0,0.5333333333333333,76.66666666666667,1,0
12.0,4,1,2,0,30.0,36.0,4.0,0.8,58.0,1,1
3.0,1,1,0,0,60.0,44.0,7.0,0.2,90.0,1,0
3.0,1,0,0,1,90.0,37.0,23.0,0.2,86.0,1,0
8.0,0,1,0,0,60.0,101.0,22.0,0.5333333333333333,76.66666666666667,1,0
11.0,3,0,2,1,0.0,42.0,16.0,0.7333333333333333,56.66666666666667,1,1
6.0,0,0,1,0,0.0,121.0,21.0,0.4,80.0,1,0
3.0,0,0,0,0,353.0,102.0,20.0,0.2,92.0,0,0
3.0,0,0,0,0,293.0,136.0,7.0,0.2,92.0,0,0
6.0,2,1,2,0,0.0,38.0,21.0,0.4,74.0,1,1
7.0,3,0,2,0,90.0,35.0,13.0,0.4666666666666667,73.33333333333333,1,1
12.0,0,0,0,0,270.0,91.0,21.0,0.8,68.0,0,0
1.0,0,0,1,0,0.0,85.0,13.0,0.0666666666666666,93.33333333333331,1,0
3.0,0,0,0,0,275.0,97.0,24.0,0.2,92.0,0,0
8.0,1,0,0,0,276.0,80.0,13.0,0.5333333333333333,78.66666666666667,0,0
2.0,0,0,0,0,254.0,139.0,23.0,0.1333333333333333,94.66666666666669,0,0
0.0,1,2,0,0,60.0,61.0,22.0,0.0,96.0,1,0
0.0,0,0,0,0,255.0,104.0,23.0,0.0,100.0,0,0
0.0,1,0,0,0,282.0,137.0,14.0,0.0,100.0,0,0
1.0,1,0,0,0,279.0,104.0,13.0,0.0666666666666666,97.33333333333331,0,0
8.0,2,1,0,1,0.0,76.0,3.0,0.5333333333333333,70.66666666666667,1,1
2.0,0,1,0,0,0.0,110.0,25.0,0.1333333333333333,92.66666666666669,1,0
11.0,1,0,1,1,60.0,93.0,6.0,0.7333333333333333,60.66666666666667,1,1
0.0,0,0,0,0,192.0,111.0,7.0,0.0,100.0,0,0
1.0,2,0,1,0,120.0,76.0,11.0,0.0666666666666666,93.33333333333331,1,1
3.0,1,1,0,0,90.0,87.0,22.0,0.2,90.0,1,0
4.0,1,1,0,0,0.0,91.0,12.0,0.2666666666666666,87.33333333333333,1,0
4.0,0,0,0,0,207.0,92.0,8.0,0.2666666666666666,89.33333333333333,0,0
4.0,1,0,1,0,60.0,103.0,22.0,0.2666666666666666,85.33333333333333,1,0
3.0,0,0,0,0,319.0,120.0,2.0,0.2,92.0,0,0
2.0,1,0,0,0,235.0,88.0,9.0,0.1333333333333333,94.66666666666669,0,0
3.0,0,0,0,0,278.0,79.0,23.0,0.2,92.0,0,0
4.0,1,0,0,0,318.0,122.0,13.0,0.2666666666666666,89.33333333333333,0,0
3.0,1,0,0,0,313.0,98.0,22.0,0.2,92.0,0,0
8.0,1,0,0,0,284.0,87.0,6.0,0.5333333333333333,78.66666666666667,0,0
0.0,0,0,0,0,250.0,69.0,19.0,0.0,100.0,0,0
12.0,2,1,1,0,90.0,56.0,17.0,0.8,62.0,1,1
3.0,0,0,0,0,268.0,96.0,9.0,0.2,92.0,0,0
5.0,0,0,0,0,226.0,73.0,4.0,0.3333333333333333,86.66666666666667,0,0
3.0,0,0,0,0,325.0,89.0,19.0,0.2,92.0,0,0
11.0,4,2,1,0,30.0,61.0,7.0,0.7333333333333333,62.66666666666667,1,1
3.0,1,0,0,0,229.0,109.0,23.0,0.2,92.0,0,0
7.0,0,0,1,0,90.0,67.0,9.0,0.4666666666666667,77.33333333333333,1,0
4.0,0,0,0,0,324.0,96.0,12.0,0.2666666666666666,89.33333333333333,0,0
8.0,0,1,0,0,60.0,119.0,19.0,0.5333333333333333,76.66666666666667,1,0
2.0,2,1,1,0,90.0,32.0,3.0,0.1333333333333333,88.66666666666667,1,0
1.0,1,0,0,0,242.0,81.0,3.0,0.0666666666666666,97.33333333333331,0,0
13.0,5,1,3,1,0.0,33.0,13.0,0.8666666666666667,45.33333333333333,1,1
10.0,4,2,2,0,0.0,86.0,20.0,0.6666666666666666,61.33333333333334,1,1
3.0,1,0,0,0,354.0,117.0,16.0,0.2,92.0,0,0
0.0,1,1,0,0,0.0,122.0,7.0,0.0,98.0,1,0
0.0,0,0,0,0,308.0,99.0,12.0,0.0,100.0,0,0
8.0,4,1,2,0,30.0,83.0,2.0,0.5333333333333333,68.66666666666667,1,1
0.0,0,0,0,0,302.0,67.0,19.0,0.0,100.0,0,0
2.0,2,1,0,0,90.0,82.0,16.0,0.1333333333333333,92.66666666666669,1,0
2.0,1,0,0,0,355.0,122.0,13.0,0.1333333333333333,94.66666666666669,0,0
1.0,0,0,0,0,337.0,137.0,17.0,0.0666666666666666,97.33333333333331,0,0
8.0,3,1,1,0,0.0,90.0,7.0,0.5333333333333333,72.66666666666667,1,0
4.0,0,1,0,0,120.0,69.0,25.0,0.2666666666666666,87.33333333333333,1,0
6.0,4,1,1,2,0.0,91.0,7.0,0.4,66.0,1,1
6.0,2,2,0,0,30.0,46.0,16.0,0.4,80.0,1,0
12.0,5,1,3,0,60.0,55.0,13.0,0.8,54.0,1,1
7.0,2,1,0,1,30.0,100.0,25.0,0.4666666666666667,73.33333333333333,1,1
4.0,0,0,0,0,348.0,120.0,11.0,0.2666666666666666,89.33333333333333,0,0
5.0,1,1,0,0,60.0,54.0,14.0,0.3333333333333333,84.66666666666667,1,0
8.0,4,3,0,1,0.0,41.0,6.0,0.5333333333333333,66.66666666666667,1,1
9.0,4,2,0,2,0.0,51.0,21.0,0.6,60.0,1,1
0.0,0,0,1,0,60.0,60.0,19.0,0.0,96.0,1,0
4.0,1,0,0,0,236.0,107.0,6.0,0.2666666666666666,89.33333333333333,0,0
0.0,2,1,0,0,120.0,31.0,18.0,0.0,98.0,1,1
3.0,1,2,0,0,30.0,58.0,9.0,0.2,88.0,1,0
7.0,3,1,1,1,60.0,30.0,18.0,0.4666666666666667,69.33333333333333,1,1
7.0,1,1,0,0,150.0,104.0,7.0,0.4666666666666667,79.33333333333333,1,0
2.0,0,0,0,0,226.0,116.0,9.0,0.1333333333333333,94.66666666666669,0,0
7.0,2,0,2,0,30.0,89.0,13.0,0.4666666666666667,73.33333333333333,1,1
1.0,0,0,0,0,279.0,53.0,11.0,0.0666666666666666,97.33333333333331,0,0
2.0,1,0,0,0,251.0,81.0,20.0,0.1333333333333333,94.66666666666669,0,0
7.0,0,0,0,0,187.0,64.0,10.0,0.4666666666666667,81.33333333333333,0,0
12.0,2,0,1,1,0.0,116.0,22.0,0.8,58.0,1,1
3.0,2,1,0,0,0.0,120.0,6.0,0.2,90.0,1,0
3.0,0,1,0,0,120.0,116.0,20.0,0.2,90.0,1,0
3.0,0,0,0,0,232.0,133.0,20.0,0.2,92.0,0,0
6.0,0,0,0,0,333.0,138.0,3.0,0.4,84.0,0,0
7.0,0,0,0,0,214.0,67.0,13.0,0.4666666666666667,81.33333333333333,0,0
4.0,0,0,0,0,340.0,127.0,12.0,0.2666666666666666,89.33333333333333,0,0
2.0,1,0,0,0,197.0,77.0,25.0,0.1333333333333333,94.66666666666669,0,0
13.0,2,0,3,0,90.0,32.0,6.0,0.8666666666666667,53.33333333333333,1,1
7.0,2,1,1,0,90.0,99.0,13.0,0.4666666666666667,75.33333333333333,1,1
3.0,2,1,0,0,150.0,37.0,10.0,0.2,90.0,1,0
1.0,0,0,0,0,187.0,83.0,20.0,0.0666666666666666,97.33333333333331,0,0
4.0,0,0,0,0,349.0,120.0,21.0,0.2666666666666666,89.33333333333333,0,0
13.0,4,0,0,3,30.0,79.0,21.0,0.8666666666666667,47.33333333333333,1,1
6.0,2,1,1,0,30.0,106.0,6.0,0.4,78.0,1,0
0.0,1,1,0,0,90.0,45.0,22.0,0.0,98.0,1,0
3.0,0,0,0,0,189.0,101.0,5.0,0.2,92.0,0,0
3.0,1,0,1,0,90.0,79.0,22.0,0.2,88.0,1,0
6.0,1,1,0,0,60.0,77.0,4.0,0.4,82.0,1,0
1.0,0,0,0,0,270.0,112.0,25.0,0.0666666666666666,97.33333333333331,0,0
9.0,0,0,0,0,306.0,59.0,24.0,0.6,76.0,0,0
13.0,2,1,0,1,90.0,64.0,21.0,0.8666666666666667,57.33333333333333,1,1
1.0,0,1,0,0,90.0,47.0,2.0,0.0666666666666666,95.33333333333331,1,0
7.0,4,0,1,2,0.0,26.0,17.0,0.4666666666666667,65.33333333333333,1,1
2.0,2,1,0,0,0.0,73.0,17.0,0.1333333333333333,92.66666666666669,1,0
7.0,0,0,0,0,228.0,58.0,24.0,0.4666666666666667,81.33333333333333,0,0
5.0,2,0,1,0,0.0,56.0,3.0,0.3333333333333333,82.66666666666667,1,0
9.0,1,2,0,0,0.0,77.0,10.0,0.6,72.0,1,0
4.0,0,0,0,0,360.0,134.0,10.0,0.2666666666666666,89.33333333333333,0,0
12.0,2,1,0,2,0.0,18.0,11.0,0.8,54.0,1,1
11.0,1,0,0,1,30.0,32.0,21.0,0.7333333333333333,64.66666666666667,1,0
2.0,0,0,0,0,196.0,53.0,3.0,0.1333333333333333,94.66666666666669,0,0
2.0,0,0,0,0,208.0,90.0,12.0,0.1333333333333333,94.66666666666669,0,0
12.0,4,2,0,1,0.0,103.0,19.0,0.8,58.0,1,1
7.0,2,0,1,0,60.0,116.0,8.0,0.4666666666666667,77.33333333333333,1,0
2.0,1,0,0,0,357.0,135.0,8.0,0.1333333333333333,94.66666666666669,0,0
6.0,1,0,0,0,353.0,80.0,3.0,0.4,84.0,0,0
0.0,1,0,0,0,264.0,130.0,11.0,0.0,100.0,0,0
6.0,1,1,0,0,0.0,33.0,23.0,0.4,82.0,1,0
1.0,0,0,0,0,224.0,116.0,17.0,0.0666666666666666,97.33333333333331,0,0
2.0,0,0,0,0,253.0,87.0,16.0,0.1333333333333333,94.66666666666669,0,0
11.0,6,0,3,2,0.0,49.0,3.0,0.7333333333333333,46.66666666666667,1,1
3.0,0,1,0,0,150.0,27.0,12.0,0.2,90.0,1,0
4.0,2,2,1,0,30.0,34.0,10.0,0.2666666666666666,81.33333333333333,1,1
7.0,0,0,0,0,237.0,59.0,3.0,0.4666666666666667,81.33333333333333,0,0
3.0,1,0,0,0,254.0,133.0,16.0,0.2,92.0,0,0
13.0,1,0,1,0,60.0,33.0,4.0,0.8666666666666667,61.33333333333333,1,1
8.0,2,3,0,0,30.0,22.0,12.0,0.5333333333333333,72.66666666666667,1,1
11.0,1,1,1,0,0.0,34.0,4.0,0.7333333333333333,64.66666666666667,1,1
4.0,1,0,0,0,227.0,101.0,3.0,0.2666666666666666,89.33333333333333,0,0
4.0,0,0,0,0,180.0,114.0,19.0,0.2666666666666666,89.33333333333333,0,0
4.0,1,0,1,0,90.0,79.0,10.0,0.2666666666666666,85.33333333333333,1,0
7.0,0,1,0,0,150.0,69.0,12.0,0.4666666666666667,79.33333333333333,1,0
3.0,0,0,0,0,186.0,111.0,7.0,0.2,92.0,0,0
1.0,1,0,0,0,189.0,52.0,24.0,0.0666666666666666,97.33333333333331,0,0
3.0,0,0,0,0,248.0,115.0,16.0,0.2,92.0,0,0
4.0,0,0,0,0,204.0,67.0,19.0,0.2666666666666666,89.33333333333333,0,0
10.0,4,0,2,1,0.0,41.0,21.0,0.6666666666666666,59.33333333333334,1,1
6.0,4,2,1,0,0.0,42.0,23.0,0.4,76.0,1,1
3.0,3,0,2,0,60.0,48.0,2.0,0.2,84.0,1,0
14.0,1,0,0,1,0.0,40.0,21.0,0.9333333333333332,56.66666666666666,1,1
6.0,2,0,0,1,150.0,56.0,10.0,0.4,78.0,1,1
8.0,0,0,0,0,270.0,90.0,21.0,0.5333333333333333,78.66666666666667,0,0
0.0,0,0,0,0,350.0,60.0,3.0,0.0,100.0,0,0
12.0,2,1,0,0,60.0,115.0,22.0,0.8,66.0,1,1
2.0,1,0,0,0,349.0,50.0,3.0,0.1333333333333333,94.66666666666669,0,0
5.0,1,0,1,0,30.0,57.0,20.0,0.3333333333333333,82.66666666666667,1,0
6.0,2,2,0,0,60.0,110.0,4.0,0.4,80.0,1,0
6.0,1,0,1,0,90.0,76.0,16.0,0.4,80.0,1,0
11.0,5,2,1,1,0.0,43.0,11.0,0.7333333333333333,56.66666666666667,1,1
6.0,0,0,0,0,294.0,119.0,11.0,0.4,84.0,0,0
12.0,4,1,1,2,0.0,10.0,18.0,0.8,50.0,1,1
13.0,6,1,2,3,0.0,21.0,11.0,0.8666666666666667,37.33333333333333,1,1
10.0,2,0,2,1,0.0,81.0,18.0,0.6666666666666666,59.33333333333334,1,1
12.0,1,0,1,0,90.0,88.0,10.0,0.8,64.0,1,1
2.0,0,0,0,0,325.0,62.0,5.0,0.1333333333333333,94.66666666666669,0,0
2.0,1,1,0,0,90.0,41.0,1.0,0.1333333333333333,92.66666666666669,1,0
3.0,0,0,0,0,266.0,87.0,18.0,0.2,92.0,0,0
9.0,3,3,0,0,0.0,52.0,19.0,0.6,70.0,1,1
3.0,0,0,0,0,355.0,126.0,12.0,0.2,92.0,0,0
6.0,1,0,0,0,219.0,67.0,19.0,0.4,84.0,0,0
4.0,1,0,0,0,241.0,106.0,13.0,0.2666666666666666,89.33333333333333,0,0
6.0,1,0,0,0,319.0,84.0,22.0,0.4,84.0,0,0
2.0,0,0,0,0,217.0,124.0,3.0,0.1333333333333333,94.66666666666669,0,0
6.0,1,0,0,0,353.0,73.0,25.0,0.4,84.0,0,0
11.0,3,1,1,0,60.0,34.0,15.0,0.7333333333333333,64.66666666666667,1,1
7.0,2,0,1,0,60.0,49.0,22.0,0.4666666666666667,77.33333333333333,1,0
5.0,0,1,0,0,120.0,75.0,24.0,0.3333333333333333,84.66666666666667,1,0
2.0,1,1,0,0,145.0,300.0,3.0,0.17,86.33,0,0
3.0,0,0,0,0,206.0,76.0,5.0,0.2,92.0,0,0
4.0,1,0,1,0,0.0,110.0,24.0,0.2666666666666666,85.33333333333333,1,0
6.0,2,1,0,2,0.0,111.0,4.0,0.4,70.0,1,1
1.0,0,0,0,0,359.0,116.0,19.0,0.0666666666666666,97.33333333333331,0,0
3.0,2,1,0,0,120.0,90.0,10.0,0.2,90.0,1,0
1.0,0,0,0,0,301.0,92.0,24.0,0.0666666666666666,97.33333333333331,0,0
6.0,0,0,0,0,279.0,134.0,3.0,0.4,84.0,0,0
9.0,2,2,0,0,30.0,27.0,13.0,0.6,72.0,1,1
7.0,1,1,0,0,150.0,59.0,19.0,0.4666666666666667,79.33333333333333,1,0
6.0,2,1,0,1,60.0,83.0,15.0,0.4,76.0,1,1
1.0,1,1,0,0,0.0,58.0,11.0,0.0666666666666666,95.33333333333331,1,0
11.0,3,0,1,1,120.0,49.0,7.0,0.7333333333333333,60.66666666666667,1,1
0.0,1,1,0,0,150.0,38.0,18.0,0.0,98.0,1,0
5.0,1,1,0,0,60.0,85.0,6.0,0.3333333333333333,84.66666666666667,1,0
11.0,3,0,3,0,60.0,104.0,24.0,0.7333333333333333,58.66666666666667,1,1
12.0,4,1,2,0,30.0,29.0,15.0,0.8,58.0,1,1
6.0,1,1,0,0,120.0,110.0,9.0,0.4,82.0,1,0
3.0,1,0,0,0,183.0,65.0,11.0,0.2,92.0,0,0
2.0,0,0,0,0,278.0,90.0,18.0,0.1333333333333333,94.66666666666669,0,0
0.0,0,1,0,0,30.0,119.0,18.0,0.0,98.0,1,0
9.0,4,1,2,0,0.0,82.0,17.0,0.6,66.0,1,1
8.0,3,0,3,0,90.0,89.0,4.0,0.5333333333333333,66.66666666666667,1,1
14.0,3,0,1,2,60.0,50.0,15.0,0.9333333333333332,46.66666666666666,1,1
5.0,0,0,0,0,315.0,69.0,22.0,0.3333333333333333,86.66666666666667,0,0
9.0,0,1,0,0,150.0,114.0,22.0,0.6,74.0,1,0
2.0,0,0,0,0,349.0,112.0,18.0,0.1333333333333333,94.66666666666669,0,0
13.0,2,0,0,2,0.0,66.0,5.0,0.8666666666666667,53.33333333333333,1,1
7.0,1,1,0,0,60.0,96.0,13.0,0.4666666666666667,79.33333333333333,1,0
5.0,1,0,1,0,90.0,33.0,13.0,0.3333333333333333,82.66666666666667,1,0
6.0,2,0,1,0,60.0,82.0,21.0,0.4,80.0,1,0
1.0,1,1,0,0,90.0,69.0,3.0,0.0666666666666666,95.33333333333331,1,0
3.0,1,0,0,0,224.0,115.0,7.0,0.2,92.0,0,0
3.0,0,0,0,0,302.0,115.0,18.0,0.2,92.0,0,0
13.0,3,2,1,0,30.0,69.0,22.0,0.8666666666666667,57.33333333333333,1,1
1.0,0,0,0,0,305.0,56.0,3.0,0.0666666666666666,97.33333333333331,0,0
6.0,0,0,0,0,271.0,52.0,20.0,0.4,84.0,0,0
5.0,3,0,1,2,0.0,64.0,11.0,0.3333333333333333,70.66666666666667,1,1
10.0,4,1,2,1,0.0,71.0,22.0,0.6666666666666666,57.33333333333334,1,1
6.0,0,0,0,0,249.0,51.0,20.0,0.4,84.0,0,0
8.0,2,0,0,1,30.0,92.0,23.0,0.5333333333333333,72.66666666666667,1,1
6.0,0,0,0,0,204.0,50.0,13.0,0.4,84.0,0,0
4.0,0,0,0,0,213.0,97.0,2.0,0.2666666666666666,89.33333333333333,0,0
8.0,1,0,1,0,0.0,39.0,2.0,0.5333333333333333,74.66666666666667,1,0
8.0,5,1,2,2,0.0,11.0,8.0,0.5333333333333333,56.66666666666667,1,1
8.0,0,0,0,1,30.0,113.0,23.0,0.5333333333333333,72.66666666666667,1,1
3.0,0,0,0,0,347.0,89.0,8.0,0.2,92.0,0,0
3.0,0,0,0,0,354.0,116.0,11.0,0.2,92.0,0,0
4.0,0,0,0,0,327.0,92.0,24.0,0.2666666666666666,89.33333333333333,0,0
4.0,0,1,0,0,150.0,94.0,23.0,0.2666666666666666,87.33333333333333,1,0
8.0,1,1,0,0,90.0,64.0,2.0,0.5333333333333333,76.66666666666667,1,0
5.0,0,0,0,0,357.0,61.0,19.0,0.3333333333333333,86.66666666666667,0,0
11.0,1,0,1,0,90.0,46.0,18.0,0.7333333333333333,66.66666666666667,1,1
4.0,0,0,0,0,285.0,97.0,17.0,0.2666666666666666,89.33333333333333,0,0
8.0,0,0,0,0,300.0,140.0,14.0,0.5333333333333333,78.66666666666667,0,0
4.0,0,0,0,0,185.0,61.0,24.0,0.2666666666666666,89.33333333333333,0,0
3.0,2,1,0,0,30.0,75.0,13.0,0.2,90.0,1,0
6.0,1,0,0,1,30.0,38.0,4.0,0.4,78.0,1,1
5.0,1,0,1,0,30.0,103.0,16.0,0.3333333333333333,82.66666666666667,1,0
10.0,4,1,0,3,30.0,14.0,21.0,0.6666666666666666,53.33333333333334,1,1
4.0,2,1,0,0,90.0,100.0,22.0,0.2666666666666666,87.33333333333333,1,0
2.0,1,0,1,0,0.0,41.0,5.0,0.1333333333333333,90.66666666666669,1,0
13.0,4,0,2,2,0.0,80.0,9.0,0.8666666666666667,45.33333333333333,1,1
11.0,2,0,0,1,0.0,122.0,5.0,0.7333333333333333,64.66666666666667,1,1
8.0,1,1,0,0,120.0,96.0,25.0,0.5333333333333333,76.66666666666667,1,0
8.0,4,2,2,0,0.0,91.0,3.0,0.5333333333333333,66.66666666666667,1,1
2.0,0,1,0,0,90.0,83.0,13.0,0.1333333333333333,92.66666666666669,1,0
6.0,1,0,0,0,355.0,55.0,5.0,0.4,84.0,0,0
14.0,3,1,1,2,30.0,81.0,23.0,0.9333333333333332,44.66666666666666,1,1
0.0,0,0,0,0,227.0,42.0,16.0,0.0,100.0,0,0
14.0,3,1,1,2,0.0,59.0,1.0,0.9333333333333332,44.66666666666666,1,1
3.0,1,1,0,0,0.0,121.0,11.0,0.2,90.0,1,0
10.0,3,0,1,1,60.0,47.0,15.0,0.6666666666666666,63.33333333333334,1,1
5.0,0,0,0,0,348.0,52.0,8.0,0.3333333333333333,86.66666666666667,0,0
4.0,0,1,0,0,150.0,105.0,3.0,0.2666666666666666,87.33333333333333,1,0
3.0,1,0,1,0,90.0,84.0,22.0,0.2,88.0,1,0
13.0,3,0,2,1,0.0,75.0,16.0,0.8666666666666667,51.33333333333333,1,1
3.0,1,0,0,0,284.0,144.0,22.0,0.2,92.0,0,0
5.0,1,1,0,0,30.0,111.0,4.0,0.3333333333333333,84.66666666666667,1,0
4.0,1,0,0,0,219.0,74.0,23.0,0.2666666666666666,89.33333333333333,0,0
1.0,2,1,0,0,120.0,47.0,18.0,0.0666666666666666,95.33333333333331,1,0
0.0,2,1,0,0,150.0,64.0,13.0,0.0,98.0,1,0
3.0,0,0,0,0,333.0,114.0,23.0,0.2,92.0,0,0
4.0,1,0,0,0,233.0,75.0,18.0,0.2666666666666666,89.33333333333333,0,0
9.0,1,0,0,0,331.0,107.0,25.0,0.6,76.0,0,0
10.0,4,0,1,3,0.0,45.0,2.0,0.6666666666666666,51.33333333333334,1,1
0.0,2,2,0,0,90.0,47.0,10.0,0.0,96.0,1,0
8.0,2,1,0,0,120.0,92.0,9.0,0.5333333333333333,76.66666666666667,1,0
3.0,0,0,0,0,243.0,51.0,15.0,0.2,92.0,0,0
6.0,1,0,0,2,0.0,53.0,18.0,0.4,72.0,1,1
2.0,1,0,0,0,181.0,131.0,15.0,0.1333333333333333,94.66666666666669,0,0
8.0,0,0,0,1,90.0,46.0,16.0,0.5333333333333333,72.66666666666667,1,1
12.0,4,2,1,0,30.0,82.0,23.0,0.8,60.0,1,1
9.0,5,2,2,1,0.0,22.0,6.0,0.6,58.0,1,1
6.0,2,0,0,1,150.0,39.0,2.0,0.4,78.0,1,0
12.0,3,3,0,1,0.0,71.0,20.0,0.8,56.0,1,1
4.0,1,0,0,0,254.0,66.0,7.0,0.2666666666666666,89.33333333333333,0,0
4.0,0,0,0,0,296.0,109.0,3.0,0.2666666666666666,89.33333333333333,0,0
0.0,1,0,0,0,191.0,106.0,22.0,0.0,100.0,0,0
10.0,3,0,0,2,90.0,107.0,13.0,0.6666666666666666,61.33333333333334,1,1
2.0,0,1,0,0,150.0,83.0,14.0,0.1333333333333333,92.66666666666669,1,1
1.0,1,0,0,0,277.0,60.0,22.0,0.0666666666666666,97.33333333333331,0,0
10.0,4,0,2,1,30.0,60.0,9.0,0.6666666666666666,59.33333333333334,1,1
6.0,1,1,0,0,120.0,41.0,24.0,0.4,82.0,1,0
10.0,2,0,1,1,30.0,37.0,4.0,0.6666666666666666,63.33333333333334,1,1
11.0,2,3,0,0,0.0,81.0,10.0,0.7333333333333333,64.66666666666667,1,1
4.0,0,0,0,0,312.0,123.0,7.0,0.2666666666666666,89.33333333333333,0,0
3.0,0,0,0,0,206.0,125.0,24.0,0.2,92.0,0,0
2.0,0,0,0,0,217.0,75.0,22.0,0.1333333333333333,94.66666666666669,0,0
3.0,1,1,0,0,150.0,47.0,21.0,0.2,90.0,1,0
12.0,4,3,0,0,60.0,60.0,21.0,0.8,62.0,1,1
5.0,1,0,0,0,343.0,97.0,11.0,0.3333333333333333,86.66666666666667,0,0
8.0,3,0,1,2,0.0,37.0,15.0,0.5333333333333333,62.66666666666667,1,1
4.0,0,0,0,1,30.0,50.0,12.0,0.2666666666666666,83.33333333333333,1,0
4.0,0,0,0,0,263.0,122.0,22.0,0.2666666666666666,89.33333333333333,0,0
1.0,0,0,0,0,234.0,68.0,13.0,0.0666666666666666,97.33333333333331,0,0
13.0,5,2,1,1,0.0,85.0,20.0,0.8666666666666667,51.33333333333333,1,1
8.0,1,0,0,0,193.0,105.0,4.0,0.5333333333333333,78.66666666666667,0,0
4.0,2,1,0,0,30.0,53.0,8.0,0.2666666666666666,87.33333333333333,1,0
8.0,0,0,0,0,213.0,107.0,11.0,0.5333333333333333,78.66666666666667,0,0
6.0,0,0,0,0,356.0,83.0,21.0,0.4,84.0,0,0
10.0,0,0,0,1,30.0,119.0,3.0,0.6666666666666666,67.33333333333334,1,1
7.0,0,0,0,0,247.0,48.0,1.0,0.4666666666666667,81.33333333333333,0,0
4.0,1,0,0,0,190.0,106.0,17.0,0.2666666666666666,89.33333333333333,0,0
9.0,1,0,0,1,30.0,92.0,5.0,0.6,70.0,1,1
1.0,1,1,0,0,60.0,77.0,3.0,0.0666666666666666,95.33333333333331,1,1
4.0,1,0,0,0,208.0,51.0,13.0,0.2666666666666666,89.33333333333333,0,0
6.0,0,0,0,0,300.0,89.0,13.0,0.4,84.0,0,0
3.0,1,1,0,0,150.0,81.0,23.0,0.2,90.0,1,0
14.0,3,2,0,2,0.0,38.0,14.0,0.9333333333333332,46.66666666666666,1,1
7.0,2,1,0,0,30.0,110.0,3.0,0.4666666666666667,79.33333333333333,1,0
2.0,0,0,0,0,220.0,52.0,17.0,0.1333333333333333,94.66666666666669,0,0
12.0,5,0,4,1,30.0,60.0,3.0,0.8,46.0,1,1
7.0,2,1,0,1,0.0,56.0,10.0,0.4666666666666667,73.33333333333333,1,1
3.0,0,0,0,0,196.0,100.0,2.0,0.2,92.0,0,0
12.0,1,0,0,1,90.0,29.0,3.0,0.8,62.0,1,1
5.0,2,1,0,1,120.0,67.0,23.0,0.3333333333333333,78.66666666666667,1,1
6.0,1,0,0,0,309.0,72.0,25.0,0.4,84.0,0,0
10.0,2,1,0,1,30.0,40.0,3.0,0.6666666666666666,65.33333333333334,1,1
5.0,0,0,0,0,250.0,128.0,10.0,0.3333333333333333,86.66666666666667,0,0
9.0,1,0,1,0,120.0,98.0,22.0,0.6,72.0,1,0
5.0,2,0,1,0,60.0,76.0,24.0,0.3333333333333333,82.66666666666667,1,1
0.0,0,0,1,0,90.0,97.0,18.0,0.0,96.0,1,0
2.0,1,0,0,0,219.0,54.0,18.0,0.1333333333333333,94.66666666666669,0,0
3.0,0,0,0,0,246.0,84.0,3.0,0.2,92.0,0,1
0.0,0,0,0,0,252.0,89.0,12.0,0.0,100.0,0,1
2.0,0,0,0,0,225.0,122.0,25.0,0.1333333333333333,94.66666666666669,0,0
9.0,3,2,1,0,60.0,23.0,8.0,0.6,68.0,1,1
3.0,2,3,0,0,60.0,66.0,11.0,0.2,86.0,1,0
3.0,0,0,0,0,339.0,132.0,8.0,0.2,92.0,0,0
10.0,4,0,3,0,0.0,62.0,17.0,0.6666666666666666,61.33333333333334,1,1
6.0,4,1,2,0,30.0,74.0,8.0,0.4,74.0,1,1
6.0,1,0,0,1,0.0,133.0,14.0,0.4,78.0,1,0
3.0,1,0,0,0,360.0,75.0,22.0,0.2,92.0,0,0
3.0,3,1,1,0,60.0,52.0,6.0,0.2,86.0,1,0
10.0,5,1,1,3,30.0,69.0,2.0,0.6666666666666666,49.33333333333334,1,1
5.0,1,0,0,0,219.0,75.0,11.0,0.3333333333333333,86.66666666666667,0,0
3.0,0,0,0,0,344.0,61.0,11.0,0.2,92.0,0,0
5.0,0,0,1,0,30.0,55.0,10.0,0.3333333333333333,82.66666666666667,1,0
3.0,0,0,0,0,353.0,104.0,20.0,0.2,92.0,0,0
4.0,0,0,0,0,242.0,105.0,2.0,0.2666666666666666,89.33333333333333,0,0
5.0,0,0,0,0,328.0,47.0,23.0,0.3333333333333333,86.66666666666667,0,0
4.0,0,0,0,0,189.0,96.0,25.0,0.2666666666666666,89.33333333333333,0,0
12.0,3,2,2,0,30.0,97.0,2.0,0.8,56.0,1,1
8.0,3,1,1,1,0.0,30.0,2.0,0.5333333333333333,66.66666666666667,1,1
6.0,0,0,0,0,221.0,74.0,5.0,0.4,84.0,0,0
3.0,2,1,1,0,60.0,57.0,4.0,0.2,86.0,1,0
3.0,0,0,0,0,196.0,96.0,24.0,0.2,92.0,0,0
0.0,0,0,0,0,223.0,95.0,4.0,0.0,100.0,0,0
1.0,0,0,0,0,279.0,102.0,13.0,0.0666666666666666,97.33333333333331,0,0
4.0,0,1,0,0,120.0,70.0,18.0,0.2666666666666666,87.33333333333333,1,0
6.0,2,2,0,0,0.0,81.0,11.0,0.4,80.0,1,0
3.0,1,0,0,0,207.0,88.0,22.0,0.2,92.0,0,0
9.0,2,1,1,1,0.0,26.0,8.0,0.6,64.0,1,1
3.0,1,0,0,0,184.0,94.0,24.0,0.2,92.0,0,0
4.0,2,1,0,0,60.0,30.0,21.0,0.2666666666666666,87.33333333333333,1,0
3.0,0,0,0,0,351.0,52.0,22.0,0.2,92.0,0,0
3.0,0,0,0,0,275.0,139.0,5.0,0.2,92.0,0,0
1.0,0,0,0,0,329.0,61.0,15.0,0.0666666666666666,97.33333333333331,0,0
3.0,0,0,0,0,334.0,95.0,4.0,0.2,92.0,0,0
2.0,0,0,0,0,283.0,116.0,18.0,0.1333333333333333,94.66666666666669,0,0
7.0,3,2,0,0,90.0,109.0,13.0,0.4666666666666667,77.33333333333333,1,0
0.0,0,0,0,0,330.0,106.0,21.0,0.0,100.0,0,0
3.0,1,0,0,0,337.0,97.0,23.0,0.2,92.0,0,0
4.0,0,1,0,0,150.0,46.0,22.0,0.2666666666666666,87.33333333333333,1,0
6.0,1,0,0,0,263.0,88.0,2.0,0.4,84.0,0,0
0.0,0,0,0,0,340.0,136.0,2.0,0.0,100.0,0,0
3.0,1,0,0,0,183.0,92.0,22.0,0.2,92.0,0,0
2.0,0,0,0,0,291.0,130.0,12.0,0.1333333333333333,94.66666666666669,0,0
3.0,0,0,0,0,279.0,132.0,23.0,0.2,92.0,0,0
12.0,0,0,1,0,60.0,105.0,14.0,0.8,64.0,1,1
8.0,1,0,1,0,150.0,116.0,25.0,0.5333333333333333,74.66666666666667,1,0
1.0,1,0,0,0,344.0,103.0,24.0,0.0666666666666666,97.33333333333331,0,0
12.0,1,0,1,0,150.0,43.0,4.0,0.8,64.0,1,1
0.0,0,0,0,0,333.0,84.0,17.0,0.0,100.0,0,0
4.0,1,1,0,0,90.0,65.0,14.0,0.2666666666666666,87.33333333333333,1,0
7.0,1,1,0,0,0.0,51.0,3.0,0.4666666666666667,79.33333333333333,1,0
12.0,2,0,2,1,30.0,40.0,24.0,0.8,54.0,1,1
3.0,1,0,0,0,248.0,67.0,19.0,0.2,92.0,0,0
8.0,0,0,0,0,324.0,56.0,3.0,0.5333333333333333,78.66666666666667,0,0
4.0,2,1,1,0,30.0,32.0,15.0,0.2666666666666666,83.33333333333333,1,0
5.0,0,0,0,0,204.0,95.0,25.0,0.3333333333333333,86.66666666666667,0,0
5.0,0,0,0,0,296.0,141.0,22.0,0.3333333333333333,86.66666666666667,0,0
5.0,1,1,0,0,120.0,60.0,16.0,0.3333333333333333,84.66666666666667,1,0
13.0,5,1,3,1,30.0,16.0,11.0,0.8666666666666667,45.33333333333333,1,1
8.0,1,1,0,0,90.0,54.0,4.0,0.5333333333333333,76.66666666666667,1,0
10.0,4,3,0,1,0.0,42.0,24.0,0.6666666666666666,61.33333333333334,1,1
4.0,0,0,0,0,253.0,80.0,5.0,0.2666666666666666,89.33333333333333,0,0
1.0,0,0,0,0,211.0,88.0,6.0,0.0666666666666666,97.33333333333331,0,0
3.0,1,1,1,0,30.0,38.0,24.0,0.2,86.0,1,0
4.0,0,0,0,0,286.0,130.0,19.0,0.2666666666666666,89.33333333333333,0,0
7.0,1,0,1,0,60.0,59.0,5.0,0.4666666666666667,77.33333333333333,1,0
8.0,1,1,0,0,150.0,71.0,13.0,0.5333333333333333,76.66666666666667,1,0
2.0,0,0,0,0,240.0,49.0,5.0,0.1333333333333333,94.66666666666669,0,0
11.0,1,1,0,0,0.0,84.0,9.0,0.7333333333333333,68.66666666666667,1,0
1.0,1,0,0,0,345.0,104.0,14.0,0.0666666666666666,97.33333333333331,0,0
3.0,1,1,0,0,150.0,78.0,11.0,0.2,90.0,1,0
0.0,0,0,0,0,275.0,108.0,7.0,0.0,100.0,0,0
5.0,1,0,0,1,30.0,42.0,21.0,0.3333333333333333,80.66666666666667,1,0
5.0,0,0,0,0,217.0,119.0,5.0,0.3333333333333333,86.66666666666667,0,0
2.0,0,0,0,0,342.0,83.0,13.0,0.1333333333333333,94.66666666666669,0,0
3.0,1,0,0,1,150.0,77.0,20.0,0.2,86.0,1,0
10.0,3,0,1,2,90.0,66.0,19.0,0.6666666666666666,57.33333333333334,1,1
6.0,0,0,0,0,207.0,79.0,16.0,0.4,84.0,0,0
3.0,1,0,1,0,0.0,80.0,23.0,0.2,88.0,1,0
4.0,0,0,0,0,342.0,139.0,25.0,0.2666666666666666,89.33333333333333,0,0
4.0,1,0,1,0,120.0,105.0,2.0,0.2666666666666666,85.33333333333333,1,0
0.0,0,0,0,0,334.0,78.0,3.0,0.0,100.0,0,0
11.0,5,2,0,2,0.0,58.0,16.0,0.7333333333333333,54.66666666666667,1,1
0.0,1,0,0,0,289.0,131.0,2.0,0.0,100.0,0,0
8.0,3,4,0,0,0.0,77.0,15.0,0.5333333333333333,70.66666666666667,1,1
9.0,3,2,0,1,30.0,28.0,19.0,0.6,66.0,1,1
8.0,0,0,0,0,345.0,131.0,8.0,0.5333333333333333,78.66666666666667,0,0
2.0,1,0,0,0,251.0,71.0,3.0,0.1333333333333333,94.66666666666669,0,0
4.0,2,2,0,0,0.0,122.0,9.0,0.2666666666666666,85.33333333333333,1,0
7.0,2,2,0,0,0.0,79.0,10.0,0.4666666666666667,77.33333333333333,1,0
1.0,1,1,0,0,60.0,125.0,9.0,0.0666666666666666,95.33333333333331,1,0
6.0,2,0,0,1,120.0,48.0,7.0,0.4,78.0,1,1
5.0,1,0,0,0,231.0,87.0,16.0,0.3333333333333333,86.66666666666667,0,0
11.0,5,1,1,3,30.0,10.0,24.0,0.7333333333333333,46.66666666666667,1,1
2.0,0,0,0,0,291.0,120.0,14.0,0.1333333333333333,94.66666666666669,0,0
1.0,2,1,0,0,30.0,93.0,5.0,0.0666666666666666,95.33333333333331,1,0
2.0,1,0,0,0,232.0,125.0,18.0,0.1333333333333333,94.66666666666669,0,0
7.0,0,1,0,0,120.0,36.0,5.0,0.4666666666666667,79.33333333333333,1,0
1.0,0,0,0,0,297.0,142.0,24.0,0.0666666666666666,97.33333333333331,0,0
11.0,2,0,2,1,0.0,77.0,13.0,0.7333333333333333,56.66666666666667,1,1
10.0,0,1,0,0,0.0,103.0,2.0,0.6666666666666666,71.33333333333334,1,0
0.0,0,0,0,0,204.0,56.0,18.0,0.0,100.0,0,0
3.0,1,0,0,0,325.0,76.0,6.0,0.2,92.0,0,0
4.0,1,0,0,0,281.0,78.0,19.0,0.2666666666666666,89.33333333333333,0,0
7.0,1,0,0,1,30.0,42.0,6.0,0.4666666666666667,75.33333333333333,1,1
7.0,4,2,0,1,30.0,85.0,7.0,0.4666666666666667,71.33333333333333,1,1
2.0,0,0,0,0,190.0,108.0,9.0,0.1333333333333333,94.66666666666669,0,0
1.0,0,0,0,0,207.0,65.0,10.0,0.0666666666666666,97.33333333333331,0,0
10.0,3,0,2,0,30.0,98.0,15.0,0.6666666666666666,65.33333333333334,1,1
13.0,2,0,1,2,0.0,24.0,24.0,0.8666666666666667,49.33333333333333,1,1
7.0,2,0,1,0,30.0,41.0,18.0,0.4666666666666667,77.33333333333333,1,0
6.0,3,2,1,0,0.0,41.0,24.0,0.4,76.0,1,1
2.0,1,0,0,0,213.0,77.0,10.0,0.1333333333333333,94.66666666666669,0,0
1.0,0,0,0,0,314.0,129.0,7.0,0.0666666666666666,97.33333333333331,0,0
6.0,0,0,0,0,251.0,113.0,4.0,0.4,84.0,0,0
12.0,2,0,3,0,0.0,85.0,6.0,0.8,56.0,1,1
0.0,1,1,0,0,60.0,34.0,15.0,0.0,98.0,1,0
6.0,2,1,1,0,60.0,72.0,23.0,0.4,78.0,1,0
10.0,0,1,0,0,0.0,69.0,1.0,0.6666666666666666,71.33333333333334,1,0
6.0,1,0,0,0,344.0,124.0,21.0,0.4,84.0,0,0
0.0,1,0,0,0,263.0,112.0,1.0,0.0,100.0,0,0
0.0,0,0,0,0,215.0,118.0,8.0,0.0,100.0,0,0
10.0,0,0,0,0,217.0,104.0,15.0,0.6666666666666666,73.33333333333334,0,0
10.0,3,0,1,2,60.0,78.0,12.0,0.6666666666666666,57.33333333333334,1,1
3.0,1,1,0,0,30.0,43.0,23.0,0.2,90.0,1,0
1.0,0,0,0,0,208.0,126.0,21.0,0.0666666666666666,97.33333333333331,0,0
12.0,4,1,1,2,0.0,50.0,17.0,0.8,50.0,1,1
14.0,6,0,2,3,0.0,64.0,4.0,0.9333333333333332,36.66666666666666,1,1
0.0,0,0,0,0,205.0,105.0,17.0,0.0,100.0,0,0
10.0,2,0,1,2,0.0,30.0,8.0,0.6666666666666666,57.33333333333334,1,1
3.0,0,0,0,0,310.0,111.0,9.0,0.2,92.0,0,0
1.0,2,1,0,0,60.0,41.0,3.0,0.0666666666666666,95.33333333333331,1,0
14.0,3,0,1,2,0.0,57.0,9.0,0.9333333333333332,46.66666666666666,1,1
0.0,0,0,0,0,305.0,122.0,20.0,0.0,100.0,0,0
6.0,0,0,0,0,229.0,97.0,12.0,0.4,84.0,0,0
11.0,2,1,2,0,60.0,77.0,10.0,0.7333333333333333,60.66666666666667,1,1
12.0,4,0,2,2,30.0,59.0,23.0,0.8,48.0,1,1
5.0,1,1,0,0,30.0,64.0,1.0,0.3333333333333333,84.66666666666667,1,0
0.0,2,1,0,0,120.0,66.0,24.0,0.0,98.0,1,0
6.0,1,1,0,0,120.0,32.0,13.0,0.4,82.0,1,0
6.0,5,3,2,0,30.0,17.0,25.0,0.4,70.0,1,1
4.0,1,0,0,0,321.0,72.0,22.0,0.2666666666666666,89.33333333333333,0,0
2.0,0,0,0,0,339.0,99.0,24.0,0.1333333333333333,94.66666666666669,0,0
3.0,1,0,0,0,359.0,71.0,11.0,0.2,92.0,0,0
6.0,4,1,1,1,60.0,61.0,1.0,0.4,72.0,1,1
8.0,1,1,0,0,120.0,85.0,16.0,0.5333333333333333,76.66666666666667,1,0
7.0,0,0,0,0,323.0,101.0,23.0,0.4666666666666667,81.33333333333333,0,0
7.0,2,1,1,0,60.0,63.0,22.0,0.4666666666666667,75.33333333333333,1,1
2.0,0,0,0,0,307.0,92.0,12.0,0.1333333333333333,94.66666666666669,0,0
2.0,1,1,0,0,145.0,300.0,3.0,0.17,86.33,0,0
8.0,1,0,1,0,30.0,89.0,5.0,0.5333333333333333,74.66666666666667,1,0
2.0,1,1,0,0,150.0,69.0,1.0,0.1333333333333333,92.66666666666669,1,0
2.0,0,0,0,0,251.0,118.0,10.0,0.1333333333333333,94.66666666666669,0,0
1.0,0,0,0,0,299.0,85.0,17.0,0.0666666666666666,97.33333333333331,0,0
3.0,1,0,0,1,0.0,48.0,8.0,0.2,86.0,1,0
1.0,0,0,0,0,324.0,71.0,25.0,0.0666666666666666,97.33333333333331,0,0
12.0,2,0,1,1,0.0,69.0,7.0,0.8,58.0,1,1
3.0,0,0,0,0,188.0,79.0,7.0,0.2,92.0,0,0
6.0,1,0,1,0,60.0,59.0,21.0,0.4,80.0,1,0
2.0,2,1,0,0,120.0,30.0,21.0,0.1333333333333333,92.66666666666669,1,0
8.0,3,0,2,1,0.0,24.0,8.0,0.5333333333333333,64.66666666666667,1,1
1.0,0,0,0,0,311.0,54.0,2.0,0.0666666666666666,97.33333333333331,0,0
0.0,0,0,0,0,312.0,102.0,3.0,0.0,100.0,0,0
12.0,0,0,0,0,251.0,68.0,22.0,0.8,68.0,0,0
4.0,0,0,1,0,0.0,89.0,10.0,0.2666666666666666,85.33333333333333,1,1
5.0,1,1,0,0,60.0,83.0,5.0,0.3333333333333333,84.66666666666667,1,0
10.0,5,1,2,2,0.0,31.0,13.0,0.6666666666666666,51.33333333333334,1,1
4.0,0,0,1,0,120.0,73.0,18.0,0.2666666666666666,85.33333333333333,1,0
6.0,2,2,0,0,60.0,70.0,18.0,0.4,80.0,1,0
5.0,1,0,1,0,90.0,34.0,21.0,0.3333333333333333,82.66666666666667,1,0
3.0,0,1,0,0,0.0,67.0,18.0,0.2,90.0,1,0
0.0,0,0,0,0,233.0,123.0,11.0,0.0,100.0,0,0
1.0,1,1,0,0,60.0,26.0,9.0,0.0666666666666666,95.33333333333331,1,0
12.0,2,0,2,0,0.0,89.0,15.0,0.8,60.0,1,1
2.0,0,0,0,0,264.0,60.0,9.0,0.1333333333333333,94.66666666666669,0,0
7.0,1,1,0,1,90.0,112.0,1.0,0.4666666666666667,73.33333333333333,1,1
0.0,1,1,0,0,60.0,109.0,8.0,0.0,98.0,1,0
7.0,4,2,1,1,30.0,51.0,15.0,0.4666666666666667,67.33333333333333,1,1
1.0,1,1,0,0,120.0,47.0,8.0,0.0666666666666666,95.33333333333331,1,0
1.0,0,0,0,0,229.0,132.0,9.0,0.0666666666666666,97.33333333333331,0,0
13.0,4,1,1,1,30.0,27.0,4.0,0.8666666666666667,53.33333333333333,1,1
8.0,0,0,0,0,214.0,69.0,12.0,0.5333333333333333,78.66666666666667,0,0
14.0,3,0,1,2,60.0,16.0,16.0,0.9333333333333332,46.66666666666666,1,1
5.0,1,1,0,0,150.0,103.0,20.0,0.3333333333333333,84.66666666666667,1,0
7.0,3,1,1,0,0.0,109.0,17.0,0.4666666666666667,75.33333333333333,1,1
0.0,0,1,0,0,30.0,99.0,7.0,0.0,98.0,1,0
0.0,2,1,0,0,150.0,67.0,24.0,0.0,98.0,1,0
5.0,0,0,0,0,345.0,127.0,17.0,0.3333333333333333,86.66666666666667,0,0
7.0,2,2,0,0,0.0,70.0,1.0,0.4666666666666667,77.33333333333333,1,0
8.0,1,0,1,0,120.0,112.0,3.0,0.5333333333333333,74.66666666666667,1,0
4.0,0,0,0,0,289.0,51.0,6.0,0.2666666666666666,89.33333333333333,0,0
10.0,2,1,2,0,30.0,79.0,4.0,0.6666666666666666,63.33333333333334,1,1
6.0,2,0,1,2,0.0,86.0,11.0,0.4,68.0,1,1
3.0,1,0,0,0,279.0,84.0,9.0,0.2,92.0,0,0
7.0,3,1,0,1,0.0,104.0,21.0,0.4666666666666667,73.33333333333333,1,1
4.0,0,0,0,0,182.0,54.0,12.0,0.2666666666666666,89.33333333333333,0,1
13.0,2,0,1,0,60.0,63.0,11.0,0.8666666666666667,61.33333333333333,1,1
4.0,1,1,0,0,90.0,69.0,2.0,0.2666666666666666,87.33333333333333,1,0
4.0,0,0,0,0,338.0,90.0,25.0,0.2666666666666666,89.33333333333333,0,0
0.0,0,0,0,0,334.0,87.0,12.0,0.0,100.0,0,0
5.0,2,1,0,0,150.0,111.0,17.0,0.3333333333333333,84.66666666666667,1,0
10.0,4,1,1,2,30.0,21.0,14.0,0.6666666666666666,55.33333333333334,1,1
5.0,1,0,0,0,223.0,74.0,18.0,0.3333333333333333,86.66666666666667,0,0
2.0,0,0,0,0,334.0,73.0,3.0,0.1333333333333333,94.66666666666669,0,0
13.0,2,1,1,0,0.0,78.0,25.0,0.8666666666666667,59.33333333333333,1,1
9.0,0,1,0,0,90.0,82.0,7.0,0.6,74.0,1,0
4.0,0,0,0,0,242.0,87.0,13.0,0.2666666666666666,89.33333333333333,0,0
1.0,1,0,0,0,223.0,80.0,4.0,0.0666666666666666,97.33333333333331,0,0
0.0,0,0,0,0,355.0,96.0,4.0,0.0,100.0,0,0
5.0,2,0,0,1,0.0,67.0,6.0,0.3333333333333333,80.66666666666667,1,1
9.0,2,0,2,0,0.0,104.0,5.0,0.6,68.0,1,1
11.0,3,2,1,0,0.0,86.0,5.0,0.7333333333333333,62.66666666666667,1,1
14.0,3,0,1,2,30.0,28.0,22.0,0.9333333333333332,46.66666666666666,1,1
5.0,1,0,0,0,313.0,124.0,18.0,0.3333333333333333,86.66666666666667,0,0
12.0,2,2,1,0,0.0,88.0,15.0,0.8,60.0,1,1
0.0,0,0,0,0,352.0,59.0,3.0,0.0,100.0,0,0
11.0,2,0,0,1,0.0,111.0,13.0,0.7333333333333333,64.66666666666667,1,1
10.0,2,1,0,0,0.0,35.0,16.0,0.6666666666666666,71.33333333333334,1,0
12.0,2,1,1,1,30.0,25.0,1.0,0.8,56.0,1,1
10.0,1,1,0,0,30.0,67.0,25.0,0.6666666666666666,71.33333333333334,1,0
1.0,0,0,0,0,336.0,131.0,13.0,0.0666666666666666,97.33333333333331,0,0
8.0,2,0,0,2,30.0,72.0,5.0,0.5333333333333333,66.66666666666667,1,1
1.0,0,0,0,0,333.0,76.0,25.0,0.0666666666666666,97.33333333333331,0,0
0.0,0,0,0,0,321.0,136.0,8.0,0.0,100.0,0,0
8.0,0,0,0,0,251.0,114.0,7.0,0.5333333333333333,78.66666666666667,0,0
10.0,2,1,1,0,30.0,102.0,6.0,0.6666666666666666,67.33333333333334,1,1
10.0,4,0,1,3,60.0,30.0,14.0,0.6666666666666666,51.33333333333334,1,1
1.0,2,1,0,0,0.0,131.0,3.0,0.0666666666666666,95.33333333333331,1,0
3.0,0,0,0,0,322.0,82.0,16.0,0.2,92.0,0,0
7.0,4,3,1,0,30.0,69.0,14.0,0.4666666666666667,71.33333333333333,1,1
0.0,0,0,0,0,306.0,127.0,18.0,0.0,100.0,0,0
4.0,0,0,0,0,190.0,89.0,5.0,0.2666666666666666,89.33333333333333,0,0
1.0,0,1,0,0,30.0,71.0,5.0,0.0666666666666666,95.33333333333331,1,0
7.0,0,0,0,1,120.0,77.0,1.0,0.4666666666666667,75.33333333333333,1,1
10.0,4,1,1,1,0.0,89.0,8.0,0.6666666666666666,61.33333333333334,1,1
4.0,0,0,0,0,226.0,116.0,22.0,0.2666666666666666,89.33333333333333,0,0
4.0,1,0,0,0,283.0,82.0,11.0,0.2666666666666666,89.33333333333333,0,0
4.0,0,0,0,0,218.0,95.0,4.0,0.2666666666666666,89.33333333333333,0,0
9.0,3,1,2,0,0.0,48.0,4.0,0.6,66.0,1,1
8.0,3,2,0,0,90.0,30.0,1.0,0.5333333333333333,74.66666666666667,1,1
4.0,1,1,0,0,120.0,26.0,6.0,0.2666666666666666,87.33333333333333,1,0
3.0,0,0,0,0,239.0,110.0,2.0,0.2,92.0,0,0
8.0,1,0,0,0,220.0,115.0,23.0,0.5333333333333333,78.66666666666667,0,0
7.0,1,0,0,0,248.0,135.0,14.0,0.4666666666666667,81.33333333333333,0,0
8.0,2,1,0,0,120.0,54.0,24.0,0.5333333333333333,76.66666666666667,1,0
6.0,5,2,0,3,0.0,43.0,24.0,0.4,62.0,1,1
8.0,1,1,0,0,90.0,37.0,19.0,0.5333333333333333,76.66666666666667,1,0
4.0,0,0,0,0,200.0,70.0,8.0,0.2666666666666666,89.33333333333333,0,0
12.0,4,0,0,4,0.0,49.0,7.0,0.8,44.0,1,1
4.0,0,0,0,0,310.0,121.0,22.0,0.2666666666666666,89.33333333333333,0,0
1.0,0,0,1,0,30.0,91.0,24.0,0.0666666666666666,93.33333333333331,1,0
11.0,2,0,1,1,0.0,106.0,8.0,0.7333333333333333,60.66666666666667,1,1
0.0,0,0,0,0,248.0,72.0,8.0,0.0,100.0,0,0
3.0,0,1,0,0,0.0,97.0,7.0,0.2,90.0,1,0
1.0,0,0,0,0,240.0,97.0,20.0,0.0666666666666666,97.33333333333331,0,0
8.0,2,0,0,1,30.0,106.0,6.0,0.5333333333333333,72.66666666666667,1,1
10.0,0,0,0,1,60.0,92.0,14.0,0.6666666666666666,67.33333333333334,1,1
7.0,3,0,0,2,0.0,94.0,24.0,0.4666666666666667,69.33333333333333,1,1
13.0,4,0,2,1,0.0,24.0,12.0,0.8666666666666667,51.33333333333333,1,1
3.0,2,0,0,1,30.0,76.0,22.0,0.2,86.0,1,0
4.0,1,0,0,0,276.0,117.0,19.0,0.2666666666666666,89.33333333333333,0,0
6.0,0,0,0,0,246.0,126.0,3.0,0.4,84.0,0,0
4.0,0,0,0,0,274.0,126.0,25.0,0.2666666666666666,89.33333333333333,0,0
4.0,1,1,0,0,90.0,34.0,15.0,0.2666666666666666,87.33333333333333,1,0
3.0,1,1,0,0,30.0,60.0,11.0,0.2,90.0,1,0
4.0,1,0,0,0,258.0,62.0,8.0,0.2666666666666666,89.33333333333333,0,0
4.0,0,0,0,0,268.0,131.0,3.0,0.2666666666666666,89.33333333333333,0,0
4.0,2,2,0,0,30.0,103.0,16.0,0.2666666666666666,85.33333333333333,1,0
1.0,1,0,0,0,193.0,79.0,18.0,0.0666666666666666,97.33333333333331,0,1
6.0,0,0,0,0,256.0,67.0,3.0,0.4,84.0,0,0
7.0,1,1,0,0,150.0,113.0,7.0,0.4666666666666667,79.33333333333333,1,0
1.0,0,1,0,0,0.0,126.0,3.0,0.0666666666666666,95.33333333333331,1,0
1.0,1,0,0,0,259.0,116.0,21.0,0.0666666666666666,97.33333333333331,0,0
5.0,1,0,0,1,120.0,93.0,25.0,0.3333333333333333,80.66666666666667,1,1
4.0,1,0,1,0,30.0,84.0,3.0,0.2666666666666666,85.33333333333333,1,0
5.0,2,0,2,0,0.0,77.0,25.0,0.3333333333333333,78.66666666666667,1,1
7.0,2,0,1,0,30.0,31.0,20.0,0.4666666666666667,77.33333333333333,1,0
11.0,6,1,1,3,0.0,76.0,9.0,0.7333333333333333,46.66666666666667,1,1
6.0,1,0,0,0,279.0,122.0,9.0,0.4,84.0,0,0
3.0,2,0,0,1,150.0,53.0,3.0,0.2,86.0,1,0
12.0,5,1,1,2,0.0,20.0,22.0,0.8,50.0,1,1
12.0,1,0,1,1,0.0,41.0,19.0,0.8,58.0,1,1
6.0,3,2,1,1,0.0,37.0,1.0,0.4,70.0,1,1
0.0,0,0,0,0,317.0,69.0,4.0,0.0,100.0,0,0
6.0,4,2,1,1,0.0,93.0,2.0,0.4,70.0,1,1
6.0,0,0,0,0,192.0,94.0,24.0,0.4,84.0,0,0
0.0,0,0,0,0,266.0,65.0,12.0,0.0,100.0,0,0
8.0,0,0,1,0,0.0,98.0,9.0,0.5333333333333333,74.66666666666667,1,0
3.0,0,0,0,0,195.0,78.0,5.0,0.2,92.0,0,0
13.0,2,1,0,1,0.0,105.0,25.0,0.8666666666666667,57.33333333333333,1,1
7.0,5,1,2,1,0.0,75.0,18.0,0.4666666666666667,65.33333333333333,1,1
11.0,3,0,0,4,0.0,81.0,18.0,0.7333333333333333,46.66666666666667,1,1
6.0,3,3,0,0,0.0,40.0,6.0,0.4,78.0,1,1
1.0,1,0,0,0,228.0,69.0,15.0,0.0666666666666666,97.33333333333331,0,0
11.0,5,1,2,1,0.0,10.0,14.0,0.7333333333333333,54.66666666666667,1,1
2.0,0,0,0,0,245.0,127.0,13.0,0.1333333333333333,94.66666666666669,0,0
1.0,0,0,0,0,313.0,55.0,20.0,0.0666666666666666,97.33333333333331,0,0
7.0,2,0,2,0,0.0,74.0,3.0,0.4666666666666667,73.33333333333333,1,1
11.0,2,1,0,0,0.0,112.0,8.0,0.7333333333333333,68.66666666666667,1,1
7.0,1,0,0,0,193.0,77.0,23.0,0.4666666666666667,81.33333333333333,0,0
3.0,0,0,0,0,356.0,59.0,18.0,0.2,92.0,0,0
1.0,0,0,0,0,204.0,65.0,5.0,0.0666666666666666,97.33333333333331,0,0
4.0,2,2,1,0,0.0,62.0,16.0,0.2666666666666666,81.33333333333333,1,0
4.0,1,0,1,0,120.0,28.0,9.0,0.2666666666666666,85.33333333333333,1,0
3.0,0,0,0,0,221.0,86.0,21.0,0.2,92.0,0,0
8.0,1,1,0,0,0.0,76.0,13.0,0.5333333333333333,76.66666666666667,1,0
5.0,3,2,0,0,30.0,59.0,12.0,0.3333333333333333,82.66666666666667,1,0
2.0,1,0,0,0,296.0,90.0,19.0,0.1333333333333333,94.66666666666669,0,0
3.0,1,0,0,0,332.0,93.0,6.0,0.2,92.0,0,0
4.0,1,0,0,0,295.0,114.0,21.0,0.2666666666666666,89.33333333333333,0,1
5.0,0,0,0,0,222.0,48.0,15.0,0.3333333333333333,86.66666666666667,0,0
7.0,0,0,0,0,246.0,127.0,14.0,0.4666666666666667,81.33333333333333,0,0
1.0,0,0,0,0,325.0,104.0,18.0,0.0666666666666666,97.33333333333331,0,0
11.0,2,0,1,1,60.0,56.0,13.0,0.7333333333333333,60.66666666666667,1,1
6.0,0,0,0,0,227.0,110.0,17.0,0.4,84.0,0,0
8.0,3,2,0,0,0.0,68.0,8.0,0.5333333333333333,74.66666666666667,1,0
4.0,1,1,0,0,0.0,77.0,1.0,0.2666666666666666,87.33333333333333,1,0
3.0,0,0,0,0,181.0,64.0,25.0,0.2,92.0,0,0
8.0,2,2,0,0,60.0,74.0,18.0,0.5333333333333333,74.66666666666667,1,1
4.0,0,0,0,0,264.0,71.0,7.0,0.2666666666666666,89.33333333333333,0,0
2.0,0,0,0,0,201.0,48.0,19.0,0.1333333333333333,94.66666666666669,0,0
9.0,0,1,0,0,120.0,37.0,15.0,0.6,74.0,1,0
4.0,0,0,1,0,30.0,104.0,2.0,0.2666666666666666,85.33333333333333,1,0
6.0,2,1,1,0,0.0,61.0,1.0,0.4,78.0,1,0
3.0,0,0,0,0,225.0,59.0,19.0,0.2,92.0,0,0
4.0,2,1,1,0,30.0,54.0,6.0,0.2666666666666666,83.33333333333333,1,0
0.0,2,1,0,0,0.0,63.0,17.0,0.0,98.0,1,0
12.0,1,1,0,0,90.0,69.0,5.0,0.8,66.0,1,0
8.0,1,0,0,0,188.0,110.0,21.0,0.5333333333333333,78.66666666666667,0,0
0.0,0,0,0,0,331.0,78.0,4.0,0.0,100.0,0,0
5.0,0,0,0,0,288.0,128.0,8.0,0.3333333333333333,86.66666666666667,0,0
9.0,1,0,1,0,0.0,105.0,19.0,0.6,72.0,1,1
1.0,0,0,0,0,308.0,68.0,15.0,0.0666666666666666,97.33333333333331,0,0
7.0,2,1,0,0,150.0,79.0,7.0,0.4666666666666667,79.33333333333333,1,0
10.0,2,1,1,1,0.0,102.0,8.0,0.6666666666666666,61.33333333333334,1,1
11.0,2,2,0,0,90.0,34.0,25.0,0.7333333333333333,66.66666666666667,1,1
1.0,0,0,0,0,248.0,81.0,25.0,0.0666666666666666,97.33333333333331,0,0
4.0,0,0,0,0,293.0,86.0,7.0,0.2666666666666666,89.33333333333333,0,0
1.0,1,1,0,0,30.0,124.0,25.0,0.0666666666666666,95.33333333333331,1,0
6.0,0,1,0,0,30.0,74.0,2.0,0.4,82.0,1,0
0.0,0,0,0,0,265.0,118.0,22.0,0.0,100.0,0,0
2.0,2,1,0,0,0.0,42.0,4.0,0.1333333333333333,92.66666666666669,1,0
3.0,2,1,0,0,30.0,98.0,8.0,0.2,90.0,1,0
5.0,4,1,1,1,0.0,84.0,25.0,0.3333333333333333,74.66666666666667,1,1
10.0,6,1,3,1,0.0,44.0,9.0,0.6666666666666666,53.33333333333334,1,1
2.0,0,0,0,0,317.0,45.0,11.0,0.1333333333333333,94.66666666666669,0,0
12.0,4,0,3,2,0.0,57.0,17.0,0.8,44.0,1,1
8.0,0,0,0,1,120.0,47.0,19.0,0.5333333333333333,72.66666666666667,1,1
14.0,1,0,0,2,60.0,62.0,20.0,0.9333333333333332,50.66666666666666,1,1
0.0,0,0,0,0,222.0,72.0,18.0,0.0,100.0,0,0
0.0,0,0,0,0,191.0,84.0,20.0,0.0,100.0,0,0
11.0,4,1,0,3,30.0,33.0,8.0,0.7333333333333333,50.66666666666667,1,1
14.0,3,1,2,1,0.0,70.0,1.0,0.9333333333333332,46.66666666666666,1,1
7.0,1,0,0,0,216.0,107.0,21.0,0.4666666666666667,81.33333333333333,0,0
12.0,2,0,0,1,0.0,65.0,21.0,0.8,62.0,1,1
14.0,2,1,1,1,90.0,17.0,3.0,0.9333333333333332,50.66666666666666,1,1
4.0,0,0,1,0,60.0,50.0,10.0,0.2666666666666666,85.33333333333333,1,0
4.0,1,0,0,0,321.0,81.0,21.0,0.2666666666666666,89.33333333333333,0,0
4.0,0,0,0,0,272.0,90.0,23.0,0.2666666666666666,89.33333333333333,0,0
11.0,2,1,1,0,0.0,62.0,20.0,0.7333333333333333,64.66666666666667,1,1
3.0,2,2,0,0,60.0,80.0,7.0,0.2,88.0,1,0
0.0,0,0,0,0,261.0,94.0,5.0,0.0,100.0,0,0
0.0,0,0,0,0,244.0,69.0,4.0,0.0,100.0,0,0
8.0,3,0,1,1,60.0,89.0,25.0,0.5333333333333333,68.66666666666667,1,1
6.0,2,0,2,0,0.0,67.0,7.0,0.4,76.0,1,1
6.0,3,1,0,2,0.0,103.0,16.0,0.4,70.0,1,1
4.0,0,0,0,0,296.0,106.0,21.0,0.2666666666666666,89.33333333333333,0,0
6.0,2,1,0,0,60.0,45.0,17.0,0.4,82.0,1,0
1.0,0,0,0,0,216.0,54.0,15.0,0.0666666666666666,97.33333333333331,0,0
4.0,1,0,0,0,264.0,49.0,21.0,0.2666666666666666,89.33333333333333,0,0
0.0,0,0,0,0,360.0,121.0,15.0,0.0,100.0,0,0
4.0,0,0,0,0,301.0,74.0,20.0,0.2666666666666666,89.33333333333333,0,0
1.0,0,0,0,0,184.0,115.0,20.0,0.0666666666666666,97.33333333333331,0,0
3.0,0,0,0,0,359.0,73.0,13.0,0.2,92.0,0,0
3.0,0,0,0,0,225.0,80.0,11.0,0.2,92.0,0,0
3.0,1,0,0,0,289.0,96.0,13.0,0.2,92.0,0,0
0.0,0,0,0,0,250.0,132.0,12.0,0.0,100.0,0,0
3.0,0,0,0,0,218.0,120.0,20.0,0.2,92.0,0,0
12.0,1,0,0,2,30.0,58.0,3.0,0.8,56.0,1,1
4.0,0,0,0,0,354.0,128.0,10.0,0.2666666666666666,89.33333333333333,0,0
9.0,4,1,0,2,60.0,50.0,11.0,0.6,62.0,1,1
8.0,1,2,0,0,120.0,103.0,20.0,0.5333333333333333,74.66666666666667,1,1
10.0,3,1,2,0,0.0,100.0,6.0,0.6666666666666666,63.33333333333334,1,1
2.0,0,0,0,0,240.0,73.0,19.0,0.1333333333333333,94.66666666666669,0,0
5.0,1,1,0,0,120.0,111.0,4.0,0.3333333333333333,84.66666666666667,1,0
7.0,1,1,0,0,90.0,67.0,18.0,0.4666666666666667,79.33333333333333,1,0
4.0,0,0,0,0,348.0,85.0,21.0,0.2666666666666666,89.33333333333333,0,0
7.0,4,3,1,1,0.0,97.0,17.0,0.4666666666666667,65.33333333333333,1,1
5.0,0,1,0,0,30.0,105.0,24.0,0.3333333333333333,84.66666666666667,1,0
1.0,2,1,0,0,90.0,119.0,18.0,0.0666666666666666,95.33333333333331,1,0
5.0,3,2,1,0,0.0,25.0,12.0,0.3333333333333333,78.66666666666667,1,1
0.0,2,1,0,0,30.0,94.0,4.0,0.0,98.0,1,0
1.0,1,0,0,0,350.0,132.0,10.0,0.0666666666666666,97.33333333333331,0,0
1.0,0,0,0,0,295.0,116.0,18.0,0.0666666666666666,97.33333333333331,0,0
7.0,2,1,0,1,30.0,70.0,2.0,0.4666666666666667,73.33333333333333,1,1
7.0,0,0,0,0,330.0,57.0,22.0,0.4666666666666667,81.33333333333333,0,0
1.0,0,0,0,0,348.0,89.0,17.0,0.0666666666666666,97.33333333333331,0,0
6.0,2,0,2,1,0.0,56.0,22.0,0.4,70.0,1,1
3.0,2,0,0,2,0.0,30.0,23.0,0.2,80.0,1,1
6.0,0,0,0,0,287.0,46.0,8.0,0.4,84.0,0,0
6.0,0,0,0,0,330.0,71.0,24.0,0.4,84.0,0,0
8.0,2,1,1,1,30.0,54.0,22.0,0.5333333333333333,66.66666666666667,1,1
12.0,2,0,2,1,30.0,103.0,22.0,0.8,54.0,1,1
11.0,4,1,1,2,0.0,99.0,11.0,0.7333333333333333,52.66666666666667,1,1
3.0,0,0,0,0,193.0,125.0,22.0,0.2,92.0,0,0
8.0,0,1,0,0,30.0,106.0,17.0,0.5333333333333333,76.66666666666667,1,0
6.0,5,1,3,1,0.0,82.0,16.0,0.4,64.0,1,0
9.0,4,2,0,1,30.0,37.0,11.0,0.6,66.0,1,1
2.0,0,1,0,0,30.0,66.0,18.0,0.1333333333333333,92.66666666666669,1,0
1.0,1,0,0,0,309.0,90.0,10.0,0.0666666666666666,97.33333333333331,0,0
3.0,1,0,0,0,313.0,104.0,20.0,0.2,92.0,0,0
11.0,2,0,1,0,120.0,94.0,22.0,0.7333333333333333,66.66666666666667,1,1
1.0,1,1,0,0,0.0,65.0,15.0,0.0666666666666666,95.33333333333331,1,0
5.0,2,0,1,1,120.0,46.0,7.0,0.3333333333333333,76.66666666666667,1,1
3.0,1,0,0,0,345.0,64.0,24.0,0.2,92.0,0,0
2.0,1,0,0,0,341.0,76.0,22.0,0.1333333333333333,94.66666666666669,0,0
12.0,4,2,2,1,0.0,45.0,13.0,0.8,50.0,1,1
0.0,0,0,0,0,324.0,59.0,6.0,0.0,100.0,0,0
3.0,1,0,2,0,120.0,60.0,18.0,0.2,84.0,1,0
0.0,0,0,0,0,263.0,85.0,23.0,0.0,100.0,0,0
4.0,1,0,0,0,251.0,124.0,12.0,0.2666666666666666,89.33333333333333,0,0
8.0,5,3,1,0,0.0,37.0,3.0,0.5333333333333333,68.66666666666667,1,1
3.0,0,0,0,0,191.0,48.0,5.0,0.2,92.0,0,0
0.0,1,0,0,0,212.0,111.0,20.0,0.0,100.0,0,0
4.0,1,0,0,0,187.0,82.0,10.0,0.2666666666666666,89.33333333333333,0,0
8.0,1,0,1,0,120.0,84.0,19.0,0.5333333333333333,74.66666666666667,1,0
1.0,0,0,0,0,199.0,99.0,25.0,0.0666666666666666,97.33333333333331,0,0
8.0,2,0,1,2,0.0,49.0,20.0,0.5333333333333333,62.66666666666667,1,1
4.0,1,1,0,0,90.0,32.0,15.0,0.2666666666666666,87.33333333333333,1,0
6.0,2,2,1,0,0.0,67.0,19.0,0.4,76.0,1,1
0.0,0,0,0,0,186.0,128.0,11.0,0.0,100.0,0,0
0.0,1,1,0,0,0.0,89.0,12.0,0.0,98.0,1,0
8.0,2,1,0,0,0.0,59.0,23.0,0.5333333333333333,76.66666666666667,1,0
5.0,2,0,1,1,120.0,70.0,17.0,0.3333333333333333,76.66666666666667,1,1
4.0,0,0,0,0,312.0,71.0,24.0,0.2666666666666666,89.33333333333333,0,0
12.0,4,1,1,1,0.0,62.0,20.0,0.8,56.0,1,1
1.0,0,0,0,0,243.0,120.0,24.0,0.0666666666666666,97.33333333333331,0,0
3.0,1,1,0,0,150.0,54.0,10.0,0.2,90.0,1,0
2.0,0,0,0,0,244.0,82.0,16.0,0.1333333333333333,94.66666666666669,0,0
12.0,3,1,1,1,30.0,82.0,3.0,0.8,56.0,1,1
3.0,0,0,0,0,274.0,65.0,19.0,0.2,92.0,0,0
4.0,1,0,0,0,333.0,72.0,9.0,0.2666666666666666,89.33333333333333,0,0
6.0,0,1,0,0,0.0,76.0,12.0,0.4,82.0,1,0
9.0,1,0,0,1,120.0,48.0,17.0,0.6,70.0,1,1
7.0,0,1,0,0,60.0,46.0,1.0,0.4666666666666667,79.33333333333333,1,0
3.0,0,0,0,0,288.0,105.0,19.0,0.2,92.0,0,0
11.0,1,1,1,0,90.0,105.0,8.0,0.7333333333333333,64.66666666666667,1,1
5.0,3,2,0,0,0.0,40.0,14.0,0.3333333333333333,82.66666666666667,1,0
4.0,2,1,1,0,60.0,72.0,2.0,0.2666666666666666,83.33333333333333,1,0
10.0,3,2,1,0,0.0,64.0,12.0,0.6666666666666666,65.33333333333334,1,1
3.0,1,1,0,0,90.0,63.0,16.0,0.2,90.0,1,0
14.0,2,0,2,0,0.0,40.0,22.0,0.9333333333333332,54.66666666666666,1,1
5.0,2,1,0,0,60.0,94.0,8.0,0.3333333333333333,84.66666666666667,1,0
3.0,2,0,1,0,60.0,56.0,6.0,0.2,88.0,1,0
4.0,3,2,0,0,90.0,33.0,1.0,0.2666666666666666,85.33333333333333,1,0
4.0,0,0,0,0,182.0,121.0,11.0,0.2666666666666666,89.33333333333333,0,0
8.0,1,1,0,0,60.0,115.0,22.0,0.5333333333333333,76.66666666666667,1,0
5.0,0,1,0,0,120.0,25.0,13.0,0.3333333333333333,84.66666666666667,1,0
13.0,4,0,2,2,30.0,89.0,2.0,0.8666666666666667,45.33333333333333,1,1
6.0,0,0,0,0,351.0,117.0,22.0,0.4,84.0,0,0
12.0,4,0,3,0,30.0,24.0,6.0,0.8,56.0,1,1
7.0,0,0,0,0,255.0,109.0,20.0,0.4666666666666667,81.33333333333333,0,0
2.0,0,0,0,0,225.0,84.0,5.0,0.1333333333333333,94.66666666666669,0,0
5.0,0,0,0,0,321.0,130.0,2.0,0.3333333333333333,86.66666666666667,0,0
5.0,0,1,0,0,120.0,79.0,14.0,0.3333333333333333,84.66666666666667,1,0
9.0,5,1,4,0,30.0,89.0,4.0,0.6,58.0,1,1
12.0,3,0,0,3,30.0,24.0,8.0,0.8,50.0,1,1
14.0,5,2,0,3,0.0,74.0,2.0,0.9333333333333332,40.66666666666666,1,1
7.0,3,0,1,1,30.0,61.0,2.0,0.4666666666666667,71.33333333333333,1,1
7.0,2,2,0,0,0.0,49.0,23.0,0.4666666666666667,77.33333333333333,1,0
12.0,4,0,1,2,30.0,51.0,17.0,0.8,52.0,1,1
2.0,1,1,0,0,120.0,113.0,6.0,0.1333333333333333,92.66666666666669,1,0
11.0,2,1,1,1,30.0,39.0,6.0,0.7333333333333333,58.66666666666667,1,1
12.0,3,0,1,1,60.0,90.0,24.0,0.8,58.0,1,1
1.0,0,0,0,0,231.0,105.0,22.0,0.0666666666666666,97.33333333333331,0,0
13.0,5,0,3,1,0.0,79.0,2.0,0.8666666666666667,47.33333333333333,1,1
8.0,0,0,1,0,120.0,27.0,15.0,0.5333333333333333,74.66666666666667,1,0
6.0,2,2,0,0,0.0,32.0,23.0,0.4,80.0,1,0
4.0,1,1,0,0,150.0,46.0,25.0,0.2666666666666666,87.33333333333333,1,0
5.0,2,2,0,0,30.0,23.0,3.0,0.3333333333333333,82.66666666666667,1,0
8.0,0,1,0,0,120.0,63.0,8.0,0.5333333333333333,76.66666666666667,1,0
3.0,0,0,0,0,360.0,67.0,15.0,0.2,92.0,0,0
4.0,1,0,0,0,310.0,97.0,15.0,0.2666666666666666,89.33333333333333,0,0
3.0,1,0,0,0,352.0,118.0,14.0,0.2,92.0,0,0
0.0,0,0,0,0,222.0,129.0,21.0,0.0,100.0,0,0
5.0,3,1,0,1,30.0,91.0,18.0,0.3333333333333333,78.66666666666667,1,1
8.0,2,0,2,0,0.0,37.0,18.0,0.5333333333333333,70.66666666666667,1,1
4.0,2,1,1,0,30.0,46.0,20.0,0.2666666666666666,83.33333333333333,1,0
3.0,1,1,0,0,120.0,106.0,16.0,0.2,90.0,1,0
6.0,2,1,0,0,60.0,28.0,18.0,0.4,82.0,1,0
12.0,2,1,0,0,90.0,73.0,18.0,0.8,66.0,1,1
2.0,0,0,0,0,282.0,82.0,25.0,0.1333333333333333,94.66666666666669,0,0
10.0,3,2,1,1,30.0,38.0,23.0,0.6666666666666666,59.33333333333334,1,1
4.0,2,1,0,0,30.0,77.0,15.0,0.2666666666666666,87.33333333333333,1,0
9.0,2,1,0,1,30.0,36.0,12.0,0.6,68.0,1,1
4.0,0,0,0,0,279.0,61.0,21.0,0.2666666666666666,89.33333333333333,0,0
10.0,4,1,1,2,0.0,25.0,15.0,0.6666666666666666,55.33333333333334,1,1
2.0,1,0,0,0,198.0,81.0,10.0,0.1333333333333333,94.66666666666669,0,0
2.0,0,0,0,0,345.0,100.0,2.0,0.1333333333333333,94.66666666666669,0,0
1.0,0,0,0,0,356.0,102.0,1.0,0.0666666666666666,97.33333333333331,0,0
7.0,0,0,0,0,238.0,67.0,20.0,0.4666666666666667,81.33333333333333,0,0
7.0,1,1,0,0,60.0,87.0,2.0,0.4666666666666667,79.33333333333333,1,0
11.0,4,1,2,1,30.0,63.0,7.0,0.7333333333333333,54.66666666666667,1,1
2.0,0,0,0,0,265.0,86.0,23.0,0.1333333333333333,94.66666666666669,0,0
6.0,0,0,0,1,150.0,115.0,12.0,0.4,78.0,1,1
2.0,0,0,0,0,307.0,133.0,7.0,0.1333333333333333,94.66666666666669,0,0
4.0,1,0,0,0,348.0,141.0,7.0,0.2666666666666666,89.33333333333333,0,0
4.0,0,0,1,0,0.0,76.0,7.0,0.2666666666666666,85.33333333333333,1,0
3.0,0,0,0,0,359.0,99.0,14.0,0.2,92.0,0,1
11.0,7,2,1,3,0.0,18.0,20.0,0.7333333333333333,44.66666666666667,1,1
3.0,0,0,0,0,353.0,97.0,9.0,0.2,92.0,0,0
1.0,0,0,0,0,308.0,113.0,11.0,0.0666666666666666,97.33333333333331,0,1
2.0,0,0,1,0,90.0,54.0,24.0,0.1333333333333333,90.66666666666669,1,0
5.0,2,2,0,0,0.0,123.0,4.0,0.3333333333333333,82.66666666666667,1,0
7.0,4,2,0,1,0.0,75.0,1.0,0.4666666666666667,71.33333333333333,1,1
10.0,4,0,1,2,90.0,104.0,24.0,0.6666666666666666,57.33333333333334,1,1
14.0,3,1,0,2,30.0,44.0,1.0,0.9333333333333332,48.66666666666666,1,1
2.0,2,1,0,0,0.0,97.0,25.0,0.1333333333333333,92.66666666666669,1,0
11.0,1,0,0,1,150.0,85.0,9.0,0.7333333333333333,64.66666666666667,1,1
11.0,2,2,0,1,0.0,100.0,5.0,0.7333333333333333,60.66666666666667,1,1
2.0,0,0,0,0,181.0,115.0,16.0,0.1333333333333333,94.66666666666669,0,0
5.0,0,0,0,0,332.0,50.0,18.0,0.3333333333333333,86.66666666666667,0,0
1.0,0,0,0,0,215.0,54.0,3.0,0.0666666666666666,97.33333333333331,0,0
12.0,6,0,2,4,0.0,76.0,17.0,0.8,36.0,1,1
12.0,2,2,0,1,30.0,33.0,17.0,0.8,58.0,1,1
12.0,4,0,1,2,0.0,95.0,15.0,0.8,52.0,1,1
0.0,2,1,0,0,150.0,85.0,7.0,0.0,98.0,1,0
3.0,1,0,0,1,60.0,103.0,6.0,0.2,86.0,1,1
6.0,3,1,1,0,0.0,23.0,16.0,0.4,78.0,1,1
7.0,0,0,0,0,233.0,82.0,8.0,0.4666666666666667,81.33333333333333,0,0
3.0,0,0,1,0,30.0,37.0,13.0,0.2,88.0,1,0
3.0,0,0,0,0,240.0,86.0,4.0,0.2,92.0,0,0
6.0,0,0,0,0,251.0,105.0,6.0,0.4,84.0,0,0
0.0,0,1,0,0,120.0,39.0,10.0,0.0,98.0,1,0
5.0,2,1,0,0,90.0,67.0,14.0,0.3333333333333333,84.66666666666667,1,0
6.0,0,0,0,1,120.0,40.0,21.0,0.4,78.0,1,0
4.0,0,0,0,0,319.0,81.0,19.0,0.2666666666666666,89.33333333333333,0,0
3.0,0,0,0,0,302.0,94.0,18.0,0.2,92.0,0,0
3.0,0,0,0,0,273.0,73.0,12.0,0.2,92.0,0,0
1.0,0,0,0,0,284.0,79.0,9.0,0.0666666666666666,97.33333333333331,0,0
2.0,3,1,1,1,180.0,122.0,5.0,0.17,60.33,0,0
1.0,0,0,0,0,350.0,142.0,23.0,0.0666666666666666,97.33333333333331,0,0
2.0,0,0,0,0,189.0,106.0,22.0,0.1333333333333333,94.66666666666669,0,0
4.0,0,0,0,0,333.0,77.0,6.0,0.2666666666666666,89.33333333333333,0,0
12.0,2,1,0,0,150.0,76.0,12.0,0.8,66.0,1,1
1.0,0,0,0,0,277.0,138.0,11.0,0.0666666666666666,97.33333333333331,0,0
10.0,3,1,2,0,60.0,16.0,4.0,0.6666666666666666,63.33333333333334,1,1
3.0,1,0,0,0,334.0,84.0,7.0,0.2,92.0,0,0
11.0,1,1,0,0,120.0,101.0,25.0,0.7333333333333333,68.66666666666667,1,0
3.0,0,0,0,0,195.0,103.0,7.0,0.2,92.0,0,0
8.0,0,0,0,0,205.0,57.0,20.0,0.5333333333333333,78.66666666666667,0,0
6.0,3,2,0,0,0.0,51.0,3.0,0.4,80.0,1,0
6.0,2,2,0,0,90.0,62.0,7.0,0.4,80.0,1,0
3.0,2,1,0,0,150.0,81.0,11.0,0.2,90.0,1,0
4.0,1,0,0,0,314.0,114.0,17.0,0.2666666666666666,89.33333333333333,0,0
7.0,4,2,0,1,60.0,64.0,7.0,0.4666666666666667,71.33333333333333,1,1
4.0,0,0,0,0,201.0,115.0,22.0,0.2666666666666666,89.33333333333333,0,0
0.0,0,0,0,0,216.0,80.0,15.0,0.0,100.0,0,0
7.0,2,1,0,0,30.0,103.0,14.0,0.4666666666666667,79.33333333333333,1,0
1.0,0,0,0,0,308.0,80.0,9.0,0.0666666666666666,97.33333333333331,0,0
3.0,0,0,0,0,288.0,140.0,7.0,0.2,92.0,0,0
8.0,0,0,0,0,226.0,103.0,6.0,0.5333333333333333,78.66666666666667,0,0
11.0,4,2,1,1,0.0,41.0,22.0,0.7333333333333333,56.66666666666667,1,1
2.0,0,0,0,0,229.0,77.0,11.0,0.1333333333333333,94.66666666666669,0,0
11.0,0,0,0,1,0.0,70.0,2.0,0.7333333333333333,64.66666666666667,1,1
12.0,3,1,1,0,0.0,66.0,18.0,0.8,62.0,1,1
4.0,1,1,0,0,60.0,90.0,15.0,0.2666666666666666,87.33333333333333,1,0
4.0,1,2,0,0,0.0,79.0,3.0,0.2666666666666666,85.33333333333333,1,0
2.0,1,0,0,0,213.0,95.0,23.0,0.1333333333333333,94.66666666666669,0,0
3.0,1,0,2,0,30.0,90.0,6.0,0.2,84.0,1,0
12.0,1,0,0,0,337.0,65.0,12.0,0.8,68.0,0,0
2.0,1,0,0,0,284.0,70.0,9.0,0.1333333333333333,94.66666666666669,0,0
7.0,1,1,0,0,150.0,61.0,6.0,0.4666666666666667,79.33333333333333,1,0
3.0,0,0,0,0,183.0,110.0,5.0,0.2,92.0,0,0
11.0,4,2,0,1,0.0,95.0,6.0,0.7333333333333333,60.66666666666667,1,1
1.0,0,0,0,0,346.0,94.0,16.0,0.0666666666666666,97.33333333333331,0,0
11.0,0,0,0,0,238.0,112.0,3.0,0.7333333333333333,70.66666666666667,0,0
0.0,0,0,0,0,220.0,102.0,11.0,0.0,100.0,0,0
12.0,4,0,1,2,0.0,62.0,11.0,0.8,52.0,1,1
4.0,2,1,0,0,150.0,119.0,3.0,0.2666666666666666,87.33333333333333,1,1
0.0,3,2,0,0,60.0,71.0,17.0,0.0,96.0,1,0
2.0,0,0,0,0,224.0,125.0,23.0,0.1333333333333333,94.66666666666669,0,0
3.0,1,1,0,0,120.0,54.0,8.0,0.2,90.0,1,0
8.0,0,0,0,0,187.0,82.0,16.0,0.5333333333333333,78.66666666666667,0,0
7.0,1,1,0,0,120.0,63.0,10.0,0.4666666666666667,79.33333333333333,1,0
7.0,2,0,2,1,0.0,28.0,9.0,0.4666666666666667,67.33333333333333,1,1
1.0,0,1,0,0,0.0,108.0,16.0,0.0666666666666666,95.33333333333331,1,0
4.0,0,0,0,0,243.0,61.0,5.0,0.2666666666666666,89.33333333333333,0,0
3.0,1,0,0,0,328.0,127.0,9.0,0.2,92.0,0,0
3.0,1,1,0,0,150.0,54.0,12.0,0.2,90.0,1,0
2.0,1,0,0,0,261.0,77.0,19.0,0.1333333333333333,94.66666666666669,0,0
0.0,1,1,0,0,150.0,105.0,4.0,0.0,98.0,1,0
5.0,2,1,1,0,60.0,83.0,6.0,0.3333333333333333,80.66666666666667,1,0
8.0,0,0,0,0,233.0,111.0,1.0,0.5333333333333333,78.66666666666667,0,0
12.0,2,2,0,0,60.0,58.0,13.0,0.8,64.0,1,0
5.0,1,1,0,0,0.0,53.0,16.0,0.3333333333333333,84.66666666666667,1,0
3.0,2,1,0,0,120.0,47.0,10.0,0.2,90.0,1,0
12.0,1,0,1,1,30.0,107.0,9.0,0.8,58.0,1,1
0.0,1,0,0,0,328.0,135.0,8.0,0.0,100.0,0,0
8.0,0,1,0,0,120.0,72.0,17.0,0.5333333333333333,76.66666666666667,1,0
2.0,0,0,0,0,274.0,114.0,12.0,0.1333333333333333,94.66666666666669,0,0
6.0,3,0,2,0,30.0,26.0,17.0,0.4,76.0,1,1
4.0,0,0,1,0,60.0,46.0,11.0,0.2666666666666666,85.33333333333333,1,0
7.0,2,1,0,1,60.0,50.0,6.0,0.4666666666666667,73.33333333333333,1,1
4.0,0,0,0,0,356.0,97.0,3.0,0.2666666666666666,89.33333333333333,0,0
3.0,0,0,0,0,232.0,67.0,10.0,0.2,92.0,0,0
9.0,3,3,0,0,0.0,19.0,10.0,0.6,70.0,1,1
4.0,0,0,0,0,236.0,87.0,7.0,0.2666666666666666,89.33333333333333,0,0
8.0,1,1,0,0,120.0,27.0,14.0,0.5333333333333333,76.66666666666667,1,0
8.0,0,0,1,0,120.0,34.0,7.0,0.5333333333333333,74.66666666666667,1,0
2.0,0,0,0,0,280.0,129.0,6.0,0.1333333333333333,94.66666666666669,0,0
3.0,2,1,0,0,60.0,54.0,10.0,0.2,90.0,1,0
4.0,0,1,0,0,0.0,125.0,13.0,0.2666666666666666,87.33333333333333,1,0
3.0,0,0,1,0,90.0,104.0,19.0,0.2,88.0,1,0
1.0,0,0,0,0,272.0,139.0,4.0,0.0666666666666666,97.33333333333331,0,0
7.0,0,1,0,0,120.0,49.0,7.0,0.4666666666666667,79.33333333333333,1,0
3.0,3,2,0,0,30.0,41.0,3.0,0.2,88.0,1,0
3.0,0,0,0,0,257.0,120.0,14.0,0.2,92.0,0,0
5.0,3,1,0,1,90.0,71.0,2.0,0.3333333333333333,78.66666666666667,1,1
4.0,1,1,0,1,0.0,61.0,2.0,0.2666666666666666,81.33333333333333,1,1
3.0,0,0,0,0,285.0,138.0,11.0,0.2,92.0,0,0
1.0,1,0,0,0,291.0,112.0,22.0,0.0666666666666666,97.33333333333331,0,0
13.0,0,0,0,0,324.0,140.0,22.0,0.8666666666666667,65.33333333333333,0,0
4.0,1,0,0,1,0.0,108.0,5.0,0.2666666666666666,83.33333333333333,1,0
3.0,2,1,0,0,90.0,49.0,11.0,0.2,90.0,1,0
0.0,0,0,0,0,346.0,92.0,25.0,0.0,100.0,0,0
4.0,0,0,0,0,283.0,97.0,5.0,0.2666666666666666,89.33333333333333,0,0
2.0,0,0,0,0,335.0,139.0,22.0,0.1333333333333333,94.66666666666669,0,0
6.0,1,0,2,0,30.0,32.0,15.0,0.4,76.0,1,1
3.0,0,0,0,0,253.0,80.0,5.0,0.2,92.0,0,0
2.0,1,1,0,0,150.0,86.0,9.0,0.1333333333333333,92.66666666666669,1,0
10.0,3,1,1,1,60.0,106.0,4.0,0.6666666666666666,61.33333333333334,1,1
4.0,2,1,0,0,90.0,117.0,21.0,0.2666666666666666,87.33333333333333,1,0
9.0,1,0,0,1,0.0,49.0,13.0,0.6,70.0,1,1
1.0,0,0,0,0,233.0,132.0,7.0,0.0666666666666666,97.33333333333331,0,0
0.0,0,0,0,0,328.0,97.0,13.0,0.0,100.0,0,0
13.0,4,0,1,3,0.0,61.0,1.0,0.8666666666666667,43.33333333333333,1,1
4.0,1,0,0,0,191.0,76.0,23.0,0.2666666666666666,89.33333333333333,0,0
12.0,2,2,0,0,0.0,58.0,22.0,0.8,64.0,1,1
11.0,2,1,0,1,0.0,20.0,24.0,0.7333333333333333,62.66666666666667,1,1
7.0,1,1,1,0,60.0,51.0,14.0,0.4666666666666667,75.33333333333333,1,1
0.0,0,0,0,0,217.0,119.0,14.0,0.0,100.0,0,0
2.0,1,0,0,0,342.0,90.0,14.0,0.1333333333333333,94.66666666666669,0,0
8.0,4,3,0,1,0.0,74.0,4.0,0.5333333333333333,66.66666666666667,1,1
4.0,0,0,0,0,277.0,61.0,21.0,0.2666666666666666,89.33333333333333,0,0
8.0,1,1,0,0,0.0,93.0,13.0,0.5333333333333333,76.66666666666667,1,0
8.0,1,1,0,0,30.0,37.0,9.0,0.5333333333333333,76.66666666666667,1,0
8.0,0,0,0,0,286.0,103.0,21.0,0.5333333333333333,78.66666666666667,0,0
3.0,2,1,1,0,120.0,31.0,17.0,0.2,86.0,1,0
7.0,2,0,0,1,0.0,44.0,24.0,0.4666666666666667,75.33333333333333,1,1
6.0,3,0,2,0,60.0,86.0,22.0,0.4,76.0,1,0
1.0,2,1,0,0,90.0,83.0,13.0,0.0666666666666666,95.33333333333331,1,0
4.0,3,2,0,0,30.0,104.0,2.0,0.2666666666666666,85.33333333333333,1,0
10.0,2,0,1,0,30.0,105.0,1.0,0.6666666666666666,69.33333333333334,1,1
7.0,1,0,1,0,30.0,89.0,16.0,0.4666666666666667,77.33333333333333,1,1
8.0,0,0,0,0,283.0,78.0,20.0,0.5333333333333333,78.66666666666667,0,0
7.0,2,0,1,0,30.0,117.0,4.0,0.4666666666666667,77.33333333333333,1,0
11.0,4,0,2,1,0.0,94.0,2.0,0.7333333333333333,56.66666666666667,1,1
2.0,0,0,0,0,315.0,78.0,4.0,0.1333333333333333,94.66666666666669,0,0
5.0,0,0,0,0,201.0,83.0,24.0,0.3333333333333333,86.66666666666667,0,0
4.0,0,1,0,0,150.0,63.0,13.0,0.2666666666666666,87.33333333333333,1,0
1.0,0,0,0,0,295.0,77.0,24.0,0.0666666666666666,97.33333333333331,0,0
4.0,0,0,0,0,308.0,106.0,25.0,0.2666666666666666,89.33333333333333,0,0
14.0,4,0,1,3,30.0,21.0,15.0,0.9333333333333332,40.66666666666666,1,1
3.0,2,1,1,0,90.0,21.0,21.0,0.2,86.0,1,0
1.0,2,0,0,1,120.0,77.0,9.0,0.0666666666666666,91.33333333333331,1,0
11.0,4,2,1,0,30.0,35.0,9.0,0.7333333333333333,62.66666666666667,1,1
6.0,0,0,0,0,308.0,80.0,5.0,0.4,84.0,0,0
2.0,1,0,0,0,209.0,95.0,9.0,0.1333333333333333,94.66666666666669,0,0
10.0,4,1,1,1,0.0,80.0,14.0,0.6666666666666666,61.33333333333334,1,1
14.0,4,0,1,4,30.0,52.0,7.0,0.9333333333333332,34.666666666666664,1,1
0.0,0,0,0,0,208.0,80.0,20.0,0.0,100.0,0,0
3.0,1,0,1,0,60.0,92.0,24.0,0.2,88.0,1,0
0.0,1,0,0,0,236.0,74.0,6.0,0.0,100.0,0,0
4.0,0,0,0,0,229.0,112.0,17.0,0.2666666666666666,89.33333333333333,0,0
9.0,1,0,1,0,150.0,32.0,18.0,0.6,72.0,1,0
3.0,1,1,0,0,60.0,38.0,16.0,0.2,90.0,1,0
8.0,1,0,0,0,319.0,59.0,8.0,0.5333333333333333,78.66666666666667,0,0
14.0,0,1,0,0,150.0,107.0,17.0,0.9333333333333332,60.66666666666666,1,1
9.0,2,1,1,1,0.0,63.0,6.0,0.6,64.0,1,1
10.0,1,0,1,1,0.0,62.0,11.0,0.6666666666666666,63.33333333333334,1,1
1.0,0,0,0,0,355.0,56.0,15.0,0.0666666666666666,97.33333333333331,0,0
1.0,0,0,0,0,231.0,115.0,11.0,0.0666666666666666,97.33333333333331,0,1
1.0,0,0,0,0,261.0,57.0,5.0,0.0666666666666666,97.33333333333331,0,0
6.0,1,0,2,0,30.0,44.0,19.0,0.4,76.0,1,1
11.0,4,1,1,1,60.0,68.0,6.0,0.7333333333333333,58.66666666666667,1,1
7.0,0,0,0,0,333.0,133.0,16.0,0.4666666666666667,81.33333333333333,0,0
7.0,2,1,0,0,60.0,55.0,11.0,0.4666666666666667,79.33333333333333,1,0
4.0,0,0,0,0,330.0,75.0,16.0,0.2666666666666666,89.33333333333333,0,0
0.0,1,0,0,0,282.0,132.0,12.0,0.0,100.0,0,0
6.0,1,1,0,0,120.0,106.0,24.0,0.4,82.0,1,0
4.0,1,0,0,0,340.0,140.0,11.0,0.2666666666666666,89.33333333333333,0,0
8.0,0,0,0,0,240.0,130.0,5.0,0.5333333333333333,78.66666666666667,0,0
0.0,0,0,0,0,327.0,70.0,15.0,0.0,100.0,0,0
7.0,1,0,1,0,60.0,76.0,10.0,0.4666666666666667,77.33333333333333,1,0
12.0,3,0,2,1,0.0,15.0,17.0,0.8,54.0,1,1
14.0,4,0,0,3,0.0,22.0,25.0,0.9333333333333332,44.66666666666666,1,1
3.0,1,0,0,0,344.0,114.0,17.0,0.2,92.0,0,0
11.0,0,0,1,0,0.0,77.0,23.0,0.7333333333333333,66.66666666666667,1,1
8.0,4,2,1,1,0.0,28.0,10.0,0.5333333333333333,64.66666666666667,1,1
4.0,1,0,0,0,214.0,120.0,24.0,0.2666666666666666,89.33333333333333,0,0
7.0,4,1,3,0,0.0,79.0,13.0,0.4666666666666667,67.33333333333333,1,1
2.0,0,0,0,0,218.0,94.0,15.0,0.1333333333333333,94.66666666666669,0,0
3.0,1,1,0,0,30.0,35.0,23.0,0.2,90.0,1,0
11.0,2,0,0,1,120.0,84.0,11.0,0.7333333333333333,64.66666666666667,1,1
4.0,1,1,0,0,30.0,110.0,17.0,0.2666666666666666,87.33333333333333,1,0
10.0,3,0,3,0,90.0,50.0,6.0,0.6666666666666666,61.33333333333334,1,1
3.0,0,1,0,0,90.0,45.0,22.0,0.2,90.0,1,0
1.0,1,1,0,0,90.0,81.0,2.0,0.0666666666666666,95.33333333333331,1,0
14.0,3,1,0,3,0.0,86.0,19.0,0.9333333333333332,42.66666666666666,1,1
2.0,0,0,0,0,259.0,87.0,2.0,0.1333333333333333,94.66666666666669,0,0
10.0,0,0,0,0,181.0,103.0,12.0,0.6666666666666666,73.33333333333334,0,0
7.0,2,2,0,0,90.0,44.0,10.0,0.4666666666666667,77.33333333333333,1,0
10.0,2,0,1,0,60.0,84.0,15.0,0.6666666666666666,69.33333333333334,1,1
0.0,1,0,0,0,338.0,85.0,1.0,0.0,100.0,0,0
6.0,0,0,1,0,120.0,111.0,14.0,0.4,80.0,1,0
3.0,0,0,0,0,341.0,101.0,12.0,0.2,92.0,0,0
1.0,2,1,0,0,30.0,70.0,6.0,0.0666666666666666,95.33333333333331,1,0
9.0,3,2,1,0,30.0,94.0,21.0,0.6,68.0,1,1
11.0,1,1,0,0,120.0,41.0,2.0,0.7333333333333333,68.66666666666667,1,0
7.0,2,1,1,0,30.0,104.0,23.0,0.4666666666666667,75.33333333333333,1,1
5.0,2,2,0,0,30.0,55.0,15.0,0.3333333333333333,82.66666666666667,1,0
7.0,5,2,2,0,0.0,60.0,24.0,0.4666666666666667,69.33333333333333,1,1
3.0,1,0,1,0,150.0,115.0,8.0,0.2,88.0,1,0
8.0,2,1,0,0,30.0,57.0,21.0,0.5333333333333333,76.66666666666667,1,0
2.0,0,0,0,0,238.0,132.0,18.0,0.1333333333333333,94.66666666666669,0,0
0.0,0,0,0,0,290.0,60.0,18.0,0.0,100.0,0,0
0.0,0,0,0,0,324.0,96.0,15.0,0.0,100.0,0,0
3.0,2,0,1,0,30.0,119.0,8.0,0.2,88.0,1,0
2.0,0,0,0,0,236.0,64.0,12.0,0.1333333333333333,94.66666666666669,0,0
7.0,1,0,0,0,316.0,133.0,11.0,0.4666666666666667,81.33333333333333,0,0
7.0,0,0,0,0,221.0,134.0,19.0,0.4666666666666667,81.33333333333333,0,0
5.0,0,0,0,0,328.0,119.0,23.0,0.3333333333333333,86.66666666666667,0,0
8.0,0,0,1,0,30.0,91.0,10.0,0.5333333333333333,74.66666666666667,1,0
12.0,2,1,0,1,60.0,53.0,24.0,0.8,60.0,1,1
0.0,0,0,0,0,256.0,87.0,12.0,0.0,100.0,0,0
3.0,0,0,0,0,314.0,48.0,7.0,0.2,92.0,0,0
11.0,1,1,1,0,0.0,39.0,16.0,0.7333333333333333,64.66666666666667,1,1
13.0,2,0,1,2,0.0,17.0,4.0,0.8666666666666667,49.33333333333333,1,1
0.0,0,0,0,0,283.0,139.0,18.0,0.0,100.0,0,0
2.0,1,0,0,0,294.0,113.0,25.0,0.1333333333333333,94.66666666666669,0,0
10.0,0,0,0,0,214.0,46.0,15.0,0.6666666666666666,73.33333333333334,0,0
9.0,4,2,0,1,0.0,41.0,11.0,0.6,66.0,1,1
4.0,1,0,0,0,196.0,112.0,12.0,0.2666666666666666,89.33333333333333,0,0
6.0,1,0,0,1,30.0,76.0,15.0,0.4,78.0,1,1
11.0,2,1,1,0,0.0,73.0,13.0,0.7333333333333333,64.66666666666667,1,1
12.0,2,0,2,1,30.0,68.0,22.0,0.8,54.0,1,1
2.0,0,0,0,0,231.0,91.0,16.0,0.1333333333333333,94.66666666666669,0,0
10.0,2,0,0,3,30.0,101.0,11.0,0.6666666666666666,55.33333333333334,1,1
7.0,0,0,1,0,150.0,118.0,9.0,0.4666666666666667,77.33333333333333,1,0
3.0,1,0,0,0,270.0,56.0,9.0,0.2,92.0,0,0
4.0,0,0,0,0,312.0,99.0,6.0,0.2666666666666666,89.33333333333333,0,0
11.0,2,0,1,0,150.0,33.0,21.0,0.7333333333333333,66.66666666666667,1,1
10.0,3,3,1,0,0.0,97.0,15.0,0.6666666666666666,63.33333333333334,1,1
8.0,3,2,0,0,30.0,64.0,18.0,0.5333333333333333,74.66666666666667,1,1
3.0,2,0,1,2,0.0,35.0,20.0,0.2,76.0,1,1
8.0,1,2,0,0,0.0,83.0,5.0,0.5333333333333333,74.66666666666667,1,0
4.0,0,0,0,0,299.0,131.0,5.0,0.2666666666666666,89.33333333333333,0,0
4.0,0,0,0,0,341.0,66.0,24.0,0.2666666666666666,89.33333333333333,0,0
11.0,2,1,0,1,30.0,106.0,5.0,0.7333333333333333,62.66666666666667,1,1
4.0,0,0,0,0,259.0,117.0,20.0,0.2666666666666666,89.33333333333333,0,0
5.0,1,0,0,0,305.0,60.0,17.0,0.3333333333333333,86.66666666666667,0,0
0.0,0,0,0,0,182.0,82.0,14.0,0.0,100.0,0,0
0.0,1,0,1,0,30.0,41.0,20.0,0.0,96.0,1,0
0.0,1,0,0,0,298.0,84.0,15.0,0.0,100.0,0,0
7.0,4,1,1,1,0.0,84.0,19.0,0.4666666666666667,69.33333333333333,1,1
0.0,0,0,0,0,223.0,121.0,13.0,0.0,100.0,0,0
3.0,2,2,0,0,30.0,41.0,6.0,0.2,88.0,1,0
1.0,0,0,0,0,297.0,126.0,8.0,0.0666666666666666,97.33333333333331,0,0
9.0,0,0,0,0,303.0,119.0,23.0,0.6,76.0,0,0
8.0,1,1,0,0,0.0,68.0,15.0,0.5333333333333333,76.66666666666667,1,0
12.0,2,0,1,1,60.0,57.0,10.0,0.8,58.0,1,1
2.0,1,0,0,0,187.0,74.0,7.0,0.1333333333333333,94.66666666666669,0,0
5.0,0,1,0,0,120.0,103.0,4.0,0.3333333333333333,84.66666666666667,1,0
8.0,2,2,0,0,60.0,69.0,2.0,0.5333333333333333,74.66666666666667,1,0
11.0,6,1,0,4,30.0,46.0,24.0,0.7333333333333333,44.66666666666667,1,1
4.0,2,2,1,0,60.0,63.0,8.0,0.2666666666666666,81.33333333333333,1,1
4.0,0,0,0,0,341.0,130.0,11.0,0.2666666666666666,89.33333333333333,0,0
4.0,1,0,0,0,342.0,58.0,24.0,0.2666666666666666,89.33333333333333,0,0
4.0,1,0,0,0,257.0,65.0,14.0,0.2666666666666666,89.33333333333333,0,0
0.0,1,0,1,0,150.0,51.0,19.0,0.0,96.0,1,0
8.0,2,1,1,0,30.0,86.0,9.0,0.5333333333333333,72.66666666666667,1,1
0.0,1,0,0,0,347.0,103.0,2.0,0.0,100.0,0,0
7.0,2,0,1,0,90.0,32.0,20.0,0.4666666666666667,77.33333333333333,1,0
10.0,3,0,1,2,0.0,26.0,18.0,0.6666666666666666,57.33333333333334,1,1
6.0,0,0,0,0,193.0,73.0,8.0,0.4,84.0,0,0
8.0,3,1,0,1,0.0,44.0,5.0,0.5333333333333333,70.66666666666667,1,1
10.0,3,2,1,0,0.0,42.0,14.0,0.6666666666666666,65.33333333333334,1,1
2.0,1,0,0,0,334.0,135.0,10.0,0.1333333333333333,94.66666666666669,0,0
6.0,3,0,2,0,90.0,29.0,18.0,0.4,76.0,1,1
0.0,0,0,0,0,300.0,81.0,1.0,0.0,100.0,0,0
4.0,0,0,0,0,225.0,129.0,15.0,0.2666666666666666,89.33333333333333,0,0
1.0,1,0,0,0,290.0,76.0,17.0,0.0666666666666666,97.33333333333331,0,0
6.0,3,1,1,0,30.0,43.0,11.0,0.4,78.0,1,0
3.0,0,0,0,0,243.0,75.0,22.0,0.2,92.0,0,0
4.0,0,1,0,0,0.0,102.0,18.0,0.2666666666666666,87.33333333333333,1,0
8.0,3,1,1,0,120.0,23.0,3.0,0.5333333333333333,72.66666666666667,1,1
9.0,2,1,0,0,30.0,88.0,13.0,0.6,74.0,1,0
3.0,0,0,0,0,198.0,104.0,13.0,0.2,92.0,0,0
11.0,1,0,1,0,0.0,115.0,20.0,0.7333333333333333,66.66666666666667,1,0
1.0,0,0,0,0,300.0,84.0,5.0,0.0666666666666666,97.33333333333331,0,0
2.0,1,1,0,0,30.0,79.0,19.0,0.1333333333333333,92.66666666666669,1,0
1.0,1,1,0,0,30.0,66.0,23.0,0.0666666666666666,95.33333333333331,1,0
12.0,4,1,1,2,0.0,57.0,1.0,0.8,50.0,1,1
3.0,0,0,0,0,280.0,81.0,1.0,0.2,92.0,0,0
4.0,1,0,0,0,329.0,128.0,8.0,0.2666666666666666,89.33333333333333,0,0
2.0,1,0,0,0,317.0,62.0,25.0,0.1333333333333333,94.66666666666669,0,0
10.0,5,0,4,0,0.0,88.0,7.0,0.6666666666666666,57.33333333333334,1,1
1.0,2,0,2,0,0.0,41.0,22.0,0.0666666666666666,89.33333333333333,1,0
4.0,1,0,0,0,308.0,58.0,12.0,0.2666666666666666,89.33333333333333,0,0
2.0,0,0,0,0,272.0,117.0,2.0,0.1333333333333333,94.66666666666669,0,1
10.0,3,0,2,0,30.0,70.0,6.0,0.6666666666666666,65.33333333333334,1,1
12.0,2,1,0,0,120.0,92.0,14.0,0.8,66.0,1,0
7.0,1,0,0,0,267.0,121.0,4.0,0.4666666666666667,81.33333333333333,0,0
12.0,5,0,3,2,0.0,100.0,2.0,0.8,44.0,1,1
4.0,0,0,0,0,276.0,82.0,23.0,0.2666666666666666,89.33333333333333,0,0
4.0,3,1,1,0,0.0,101.0,10.0,0.2666666666666666,83.33333333333333,1,0
0.0,0,0,0,0,207.0,51.0,21.0,0.0,100.0,0,0
13.0,5,1,1,3,30.0,48.0,12.0,0.8666666666666667,41.33333333333333,1,1
14.0,4,1,1,2,30.0,51.0,14.0,0.9333333333333332,44.66666666666666,1,1
2.0,1,1,0,0,150.0,34.0,15.0,0.1333333333333333,92.66666666666669,1,0
7.0,3,1,1,1,30.0,17.0,4.0,0.4666666666666667,69.33333333333333,1,1
7.0,0,0,0,0,222.0,111.0,23.0,0.4666666666666667,81.33333333333333,0,0
3.0,0,0,0,0,263.0,60.0,17.0,0.2,92.0,0,0
12.0,1,0,0,1,0.0,97.0,5.0,0.8,62.0,1,1
8.0,3,1,2,0,0.0,70.0,1.0,0.5333333333333333,68.66666666666667,1,1
3.0,1,0,0,0,338.0,54.0,3.0,0.2,92.0,0,0
1.0,0,0,0,0,311.0,81.0,23.0,0.0666666666666666,97.33333333333331,0,0
3.0,1,1,0,0,30.0,68.0,4.0,0.2,90.0,1,0
6.0,0,0,1,0,60.0,109.0,1.0,0.4,80.0,1,0
12.0,3,1,2,0,0.0,69.0,18.0,0.8,58.0,1,1
2.0,0,0,0,0,295.0,123.0,6.0,0.1333333333333333,94.66666666666669,0,0
4.0,0,0,0,0,238.0,124.0,13.0,0.2666666666666666,89.33333333333333,0,0
6.0,1,0,2,0,90.0,84.0,1.0,0.4,76.0,1,1
5.0,1,1,0,0,0.0,106.0,6.0,0.3333333333333333,84.66666666666667,1,0
11.0,1,0,0,0,309.0,140.0,1.0,0.7333333333333333,70.66666666666667,0,0
1.0,1,0,0,0,286.0,84.0,24.0,0.0666666666666666,97.33333333333331,0,0
2.0,0,0,0,0,241.0,53.0,3.0,0.1333333333333333,94.66666666666669,0,0
0.0,0,0,0,0,356.0,57.0,18.0,0.0,100.0,0,0
2.0,0,0,0,0,200.0,92.0,2.0,0.1333333333333333,94.66666666666669,0,0
0.0,0,0,0,0,354.0,97.0,22.0,0.0,100.0,0,0
12.0,4,1,3,0,30.0,55.0,6.0,0.8,54.0,1,1
6.0,1,1,0,0,150.0,45.0,19.0,0.4,82.0,1,0
9.0,2,2,0,0,30.0,94.0,16.0,0.6,72.0,1,0
4.0,0,0,0,0,342.0,59.0,6.0,0.2666666666666666,89.33333333333333,0,0
0.0,1,0,0,0,221.0,60.0,25.0,0.0,100.0,0,0
1.0,1,1,0,0,60.0,37.0,21.0,0.0666666666666666,95.33333333333331,1,0
12.0,2,1,1,0,0.0,45.0,20.0,0.8,62.0,1,1
12.0,3,1,0,1,0.0,53.0,2.0,0.8,60.0,1,1
1.0,0,0,0,0,250.0,64.0,24.0,0.0666666666666666,97.33333333333331,0,0
4.0,0,0,0,0,250.0,77.0,1.0,0.2666666666666666,89.33333333333333,0,0
10.0,0,0,0,0,296.0,77.0,25.0,0.6666666666666666,73.33333333333334,0,1
0.0,0,0,0,0,194.0,122.0,23.0,0.0,100.0,0,0
4.0,0,0,0,0,299.0,116.0,11.0,0.2666666666666666,89.33333333333333,0,0
7.0,1,0,1,0,60.0,98.0,10.0,0.4666666666666667,77.33333333333333,1,0
8.0,1,0,0,0,286.0,140.0,17.0,0.5333333333333333,78.66666666666667,0,0
5.0,0,0,0,0,212.0,111.0,11.0,0.3333333333333333,86.66666666666667,0,0
3.0,1,0,0,0,336.0,108.0,21.0,0.2,92.0,0,0
10.0,2,0,1,1,90.0,64.0,17.0,0.6666666666666666,63.33333333333334,1,1
12.0,1,0,0,1,150.0,35.0,24.0,0.8,62.0,1,1
3.0,1,0,0,0,312.0,75.0,24.0,0.2,92.0,0,0
6.0,2,1,1,1,30.0,82.0,10.0,0.4,72.0,1,1
1.0,0,0,0,0,328.0,89.0,10.0,0.0666666666666666,97.33333333333331,0,0
14.0,3,0,1,3,0.0,62.0,5.0,0.9333333333333332,40.66666666666666,1,1
11.0,4,0,0,3,0.0,89.0,22.0,0.7333333333333333,52.66666666666667,1,1
3.0,2,0,0,1,30.0,104.0,20.0,0.2,86.0,1,0
7.0,2,1,0,0,30.0,45.0,20.0,0.4666666666666667,79.33333333333333,1,0
10.0,4,1,0,2,0.0,89.0,16.0,0.6666666666666666,59.33333333333334,1,1
4.0,1,1,0,0,150.0,73.0,14.0,0.2666666666666666,87.33333333333333,1,0
3.0,1,0,1,0,60.0,29.0,15.0,0.2,88.0,1,0
3.0,0,0,0,0,273.0,137.0,12.0,0.2,92.0,0,0
3.0,0,0,0,0,266.0,103.0,18.0,0.2,92.0,0,0
1.0,1,0,1,0,60.0,108.0,8.0,0.0666666666666666,93.33333333333331,1,0
12.0,3,0,0,3,60.0,43.0,21.0,0.8,50.0,1,1
13.0,4,0,1,3,0.0,64.0,16.0,0.8666666666666667,43.33333333333333,1,1
3.0,0,0,0,0,218.0,93.0,2.0,0.2,92.0,0,0
13.0,2,0,3,0,0.0,73.0,6.0,0.8666666666666667,53.33333333333333,1,1
10.0,1,1,0,0,90.0,103.0,2.0,0.6666666666666666,71.33333333333334,1,0
9.0,2,1,0,1,30.0,32.0,20.0,0.6,68.0,1,1
2.0,1,0,1,0,60.0,40.0,11.0,0.1333333333333333,90.66666666666669,1,0
12.0,2,1,2,0,0.0,72.0,5.0,0.8,58.0,1,1
4.0,2,1,0,0,0.0,62.0,6.0,0.2666666666666666,87.33333333333333,1,0
6.0,0,0,0,0,235.0,46.0,2.0,0.4,84.0,0,0
10.0,3,1,3,0,30.0,65.0,13.0,0.6666666666666666,59.33333333333334,1,1
1.0,1,1,0,0,90.0,67.0,16.0,0.0666666666666666,95.33333333333331,1,0
4.0,0,0,0,0,216.0,114.0,11.0,0.2666666666666666,89.33333333333333,0,0
7.0,2,0,2,1,0.0,94.0,25.0,0.4666666666666667,67.33333333333333,1,1
3.0,1,0,1,0,150.0,36.0,8.0,0.2,88.0,1,0
7.0,2,1,1,0,0.0,32.0,7.0,0.4666666666666667,75.33333333333333,1,1
6.0,0,0,0,0,284.0,113.0,5.0,0.4,84.0,0,0
0.0,1,0,0,0,182.0,86.0,19.0,0.0,100.0,0,0
3.0,0,0,0,0,182.0,101.0,21.0,0.2,92.0,0,0
0.0,0,0,0,0,348.0,65.0,19.0,0.0,100.0,0,0
1.0,1,0,0,0,200.0,95.0,23.0,0.0666666666666666,97.33333333333331,0,0
7.0,1,1,0,0,30.0,118.0,15.0,0.4666666666666667,79.33333333333333,1,0
8.0,1,1,0,0,60.0,38.0,12.0,0.5333333333333333,76.66666666666667,1,0
5.0,1,1,0,0,150.0,92.0,15.0,0.3333333333333333,84.66666666666667,1,0
2.0,0,0,0,0,188.0,108.0,2.0,0.1333333333333333,94.66666666666669,0,0
8.0,2,1,0,0,150.0,63.0,2.0,0.5333333333333333,76.66666666666667,1,0
7.0,1,0,1,1,0.0,54.0,6.0,0.4666666666666667,71.33333333333333,1,1
2.0,0,0,0,0,209.0,119.0,10.0,0.1333333333333333,94.66666666666669,0,0
4.0,1,1,0,0,120.0,107.0,5.0,0.2666666666666666,87.33333333333333,1,0
5.0,1,0,0,0,200.0,62.0,10.0,0.3333333333333333,86.66666666666667,0,0
0.0,2,1,0,0,30.0,113.0,24.0,0.0,98.0,1,0
2.0,0,0,0,0,282.0,86.0,14.0,0.1333333333333333,94.66666666666669,0,0
7.0,0,0,0,0,197.0,116.0,15.0,0.4666666666666667,81.33333333333333,0,0
0.0,0,0,0,0,266.0,118.0,24.0,0.0,100.0,0,0
7.0,0,0,0,0,183.0,73.0,3.0,0.4666666666666667,81.33333333333333,0,0
8.0,0,0,0,0,281.0,66.0,24.0,0.5333333333333333,78.66666666666667,0,0
2.0,0,0,0,0,304.0,79.0,17.0,0.1333333333333333,94.66666666666669,0,0
0.0,0,0,0,0,236.0,53.0,19.0,0.0,100.0,0,0
4.0,1,0,0,0,297.0,124.0,21.0,0.2666666666666666,89.33333333333333,0,0
2.0,0,1,0,0,150.0,38.0,17.0,0.1333333333333333,92.66666666666669,1,0
7.0,0,0,0,0,189.0,120.0,25.0,0.4666666666666667,81.33333333333333,0,0
6.0,0,1,0,0,0.0,58.0,14.0,0.4,82.0,1,0
9.0,2,0,0,1,120.0,85.0,1.0,0.6,70.0,1,1
8.0,1,1,1,0,90.0,77.0,10.0,0.5333333333333333,72.66666666666667,1,1
1.0,1,1,0,0,150.0,95.0,3.0,0.0666666666666666,95.33333333333331,1,0
7.0,1,0,1,0,150.0,46.0,6.0,0.4666666666666667,77.33333333333333,1,0
1.0,0,0,0,0,251.0,103.0,3.0,0.0666666666666666,97.33333333333331,0,0
2.0,1,1,0,0,150.0,51.0,25.0,0.1333333333333333,92.66666666666669,1,0
6.0,2,0,1,1,0.0,47.0,21.0,0.4,74.0,1,1
14.0,5,2,2,1,30.0,70.0,22.0,0.9333333333333332,44.66666666666666,1,1
7.0,1,0,0,0,208.0,101.0,24.0,0.4666666666666667,81.33333333333333,0,0
0.0,0,0,0,0,217.0,60.0,10.0,0.0,100.0,0,0
8.0,3,2,0,0,30.0,55.0,24.0,0.5333333333333333,74.66666666666667,1,0
6.0,1,1,0,0,120.0,36.0,3.0,0.4,82.0,1,0
8.0,3,2,1,0,0.0,52.0,24.0,0.5333333333333333,70.66666666666667,1,1
10.0,0,0,0,1,30.0,42.0,22.0,0.6666666666666666,67.33333333333334,1,1
2.0,0,0,0,0,296.0,97.0,1.0,0.1333333333333333,94.66666666666669,0,0
13.0,4,0,2,2,0.0,46.0,16.0,0.8666666666666667,45.33333333333333,1,0
7.0,4,3,0,0,0.0,85.0,20.0,0.4666666666666667,75.33333333333333,1,1
11.0,2,0,0,1,150.0,98.0,15.0,0.7333333333333333,64.66666666666667,1,1
7.0,0,0,0,0,247.0,133.0,1.0,0.4666666666666667,81.33333333333333,0,0
1.0,0,0,0,0,322.0,110.0,8.0,0.0666666666666666,97.33333333333331,0,0
9.0,1,0,0,1,30.0,66.0,12.0,0.6,70.0,1,1
6.0,0,0,1,0,30.0,47.0,11.0,0.4,80.0,1,0
0.0,1,1,0,0,30.0,104.0,3.0,0.0,98.0,1,0
8.0,2,1,1,0,90.0,61.0,21.0,0.5333333333333333,72.66666666666667,1,1
14.0,4,0,1,3,0.0,102.0,20.0,0.9333333333333332,40.66666666666666,1,1
8.0,0,0,1,0,90.0,56.0,11.0,0.5333333333333333,74.66666666666667,1,0
8.0,2,1,0,0,0.0,95.0,12.0,0.5333333333333333,76.66666666666667,1,0
0.0,2,1,1,0,0.0,87.0,2.0,0.0,94.0,1,0
5.0,0,0,0,0,204.0,56.0,17.0,0.3333333333333333,86.66666666666667,0,0
8.0,1,1,0,0,150.0,105.0,23.0,0.5333333333333333,76.66666666666667,1,1
2.0,0,0,0,0,284.0,94.0,23.0,0.1333333333333333,94.66666666666669,0,0
4.0,0,0,0,0,245.0,52.0,16.0,0.2666666666666666,89.33333333333333,0,0
12.0,2,2,1,0,30.0,66.0,20.0,0.8,60.0,1,1
14.0,1,0,0,2,0.0,96.0,14.0,0.9333333333333332,50.66666666666666,1,1
9.0,2,0,2,0,0.0,87.0,10.0,0.6,68.0,1,1
14.0,4,1,0,3,0.0,95.0,1.0,0.9333333333333332,42.66666666666666,1,1
4.0,0,0,0,0,359.0,60.0,12.0,0.2666666666666666,89.33333333333333,0,0
4.0,0,1,0,0,150.0,110.0,7.0,0.2666666666666666,87.33333333333333,1,0
3.0,0,1,0,0,90.0,58.0,22.0,0.2,90.0,1,0
1.0,0,0,0,0,274.0,102.0,23.0,0.0666666666666666,97.33333333333331,0,0
4.0,1,0,0,0,262.0,97.0,13.0,0.2666666666666666,89.33333333333333,0,0
3.0,0,0,0,0,195.0,45.0,3.0,0.2,92.0,0,0
1.0,0,0,0,0,338.0,84.0,24.0,0.0666666666666666,97.33333333333331,0,0
11.0,2,0,2,0,0.0,88.0,21.0,0.7333333333333333,62.66666666666667,1,1
1.0,1,0,0,0,273.0,51.0,5.0,0.0666666666666666,97.33333333333331,0,0
0.0,0,0,0,0,241.0,56.0,4.0,0.0,100.0,0,0
5.0,1,0,0,0,220.0,100.0,19.0,0.3333333333333333,86.66666666666667,0,0
4.0,1,0,0,0,238.0,65.0,13.0,0.2666666666666666,89.33333333333333,0,0
11.0,3,0,2,0,0.0,75.0,8.0,0.7333333333333333,62.66666666666667,1,1
4.0,1,0,0,0,243.0,116.0,19.0,0.2666666666666666,89.33333333333333,0,0
3.0,2,1,0,0,30.0,60.0,21.0,0.2,90.0,1,0
4.0,1,0,1,0,0.0,111.0,10.0,0.2666666666666666,85.33333333333333,1,0
6.0,1,0,0,0,269.0,119.0,25.0,0.4,84.0,0,0
4.0,2,0,1,0,60.0,98.0,13.0,0.2666666666666666,85.33333333333333,1,0
6.0,1,1,0,0,120.0,94.0,13.0,0.4,82.0,1,0
3.0,0,0,0,0,249.0,113.0,19.0,0.2,92.0,0,0
11.0,3,0,1,2,60.0,23.0,13.0,0.7333333333333333,54.66666666666667,1,1
9.0,2,2,0,0,0.0,67.0,3.0,0.6,72.0,1,0
1.0,1,0,0,0,305.0,98.0,12.0,0.0666666666666666,97.33333333333331,0,0
3.0,0,1,0,0,60.0,50.0,11.0,0.2,90.0,1,0
3.0,0,0,0,0,273.0,116.0,6.0,0.2,92.0,0,0
3.0,0,0,0,0,296.0,104.0,7.0,0.2,92.0,0,0
4.0,0,0,0,1,150.0,89.0,18.0,0.2666666666666666,83.33333333333333,1,0
8.0,0,0,0,0,212.0,89.0,14.0,0.5333333333333333,78.66666666666667,0,0
5.0,1,0,1,0,60.0,66.0,16.0,0.3333333333333333,82.66666666666667,1,0
7.0,1,0,0,0,327.0,52.0,21.0,0.4666666666666667,81.33333333333333,0,0
3.0,1,2,0,0,60.0,49.0,18.0,0.2,88.0,1,0
2.0,0,0,0,0,351.0,110.0,17.0,0.1333333333333333,94.66666666666669,0,0
5.0,0,0,0,0,242.0,86.0,7.0,0.3333333333333333,86.66666666666667,0,0
8.0,0,0,0,0,228.0,68.0,7.0,0.5333333333333333,78.66666666666667,0,0
8.0,1,0,0,0,322.0,113.0,12.0,0.5333333333333333,78.66666666666667,0,0
6.0,4,2,1,1,0.0,59.0,23.0,0.4,70.0,1,1
6.0,3,1,1,1,0.0,61.0,13.0,0.4,72.0,1,1
11.0,2,2,0,0,60.0,63.0,3.0,0.7333333333333333,66.66666666666667,1,1
10.0,5,0,1,3,0.0,101.0,23.0,0.6666666666666666,51.33333333333334,1,1
1.0,1,0,1,0,120.0,89.0,23.0,0.0666666666666666,93.33333333333331,1,0
5.0,0,0,0,1,150.0,69.0,14.0,0.3333333333333333,80.66666666666667,1,0
0.0,1,0,0,0,240.0,116.0,9.0,0.0,100.0,0,0
2.0,0,1,0,0,120.0,108.0,19.0,0.1333333333333333,92.66666666666669,1,0
2.0,1,1,0,0,90.0,76.0,18.0,0.1333333333333333,92.66666666666669,1,0
5.0,2,0,1,0,150.0,67.0,18.0,0.3333333333333333,82.66666666666667,1,0
11.0,3,0,2,0,30.0,107.0,1.0,0.7333333333333333,62.66666666666667,1,1
6.0,4,0,3,0,30.0,30.0,24.0,0.4,72.0,1,1
6.0,2,1,0,0,90.0,73.0,15.0,0.4,82.0,1,0
3.0,0,0,0,0,331.0,113.0,23.0,0.2,92.0,0,0
2.0,1,0,0,0,246.0,110.0,14.0,0.1333333333333333,94.66666666666669,0,0
12.0,1,0,2,0,0.0,109.0,6.0,0.8,60.0,1,1
12.0,1,1,0,0,150.0,116.0,9.0,0.8,66.0,1,1
8.0,2,2,0,0,0.0,44.0,14.0,0.5333333333333333,74.66666666666667,1,0
3.0,0,0,0,0,325.0,82.0,23.0,0.2,92.0,0,0
0.0,0,0,0,0,242.0,48.0,24.0,0.0,100.0,0,0
4.0,1,0,0,0,237.0,93.0,18.0,0.2666666666666666,89.33333333333333,0,0
1.0,1,0,0,0,256.0,83.0,19.0,0.0666666666666666,97.33333333333331,0,0
3.0,0,1,0,0,0.0,67.0,8.0,0.2,90.0,1,0
4.0,0,0,0,0,180.0,56.0,1.0,0.2666666666666666,89.33333333333333,0,0
3.0,0,0,0,0,358.0,120.0,23.0,0.2,92.0,0,0
10.0,3,0,1,2,30.0,34.0,22.0,0.6666666666666666,57.33333333333334,1,0
4.0,0,1,0,0,150.0,76.0,1.0,0.2666666666666666,87.33333333333333,1,0
12.0,0,0,0,0,255.0,92.0,12.0,0.8,68.0,0,0
1.0,0,0,0,0,301.0,83.0,19.0,0.0666666666666666,97.33333333333331,0,0
12.0,3,0,4,0,30.0,32.0,7.0,0.8,52.0,1,0
7.0,0,0,0,0,234.0,83.0,16.0,0.4666666666666667,81.33333333333333,0,0
3.0,3,2,0,0,30.0,61.0,25.0,0.2,88.0,1,0
2.0,1,0,1,0,90.0,54.0,2.0,0.1333333333333333,90.66666666666669,1,0
6.0,0,0,0,0,316.0,101.0,6.0,0.4,84.0,0,0
3.0,0,0,0,0,301.0,134.0,13.0,0.2,92.0,0,0
5.0,1,1,0,0,60.0,101.0,7.0,0.3333333333333333,84.66666666666667,1,0
2.0,0,0,0,0,349.0,77.0,19.0,0.1333333333333333,94.66666666666669,0,0
7.0,0,0,0,0,184.0,111.0,25.0,0.4666666666666667,81.33333333333333,0,0
12.0,2,1,2,0,30.0,71.0,24.0,0.8,58.0,1,1
7.0,0,0,0,0,200.0,118.0,22.0,0.4666666666666667,81.33333333333333,0,0
8.0,0,0,1,0,0.0,99.0,2.0,0.5333333333333333,74.66666666666667,1,0
7.0,0,0,0,0,181.0,80.0,16.0,0.4666666666666667,81.33333333333333,0,0
6.0,1,0,1,1,30.0,46.0,10.0,0.4,74.0,1,0
4.0,3,2,0,0,60.0,60.0,20.0,0.2666666666666666,85.33333333333333,1,0
6.0,2,2,1,0,60.0,72.0,9.0,0.4,76.0,1,1
1.0,1,0,0,0,288.0,97.0,14.0,0.0666666666666666,97.33333333333331,0,0
12.0,2,1,0,1,30.0,87.0,9.0,0.8,60.0,1,1
11.0,2,0,1,0,120.0,97.0,22.0,0.7333333333333333,66.66666666666667,1,1
13.0,2,0,1,1,30.0,112.0,11.0,0.8666666666666667,55.33333333333333,1,1
5.0,0,0,0,0,204.0,86.0,12.0,0.3333333333333333,86.66666666666667,0,0
0.0,1,0,0,0,242.0,53.0,17.0,0.0,100.0,0,0
3.0,0,0,0,0,219.0,107.0,11.0,0.2,92.0,0,0
7.0,1,0,1,0,90.0,106.0,8.0,0.4666666666666667,77.33333333333333,1,0
4.0,1,0,0,0,208.0,117.0,15.0,0.2666666666666666,89.33333333333333,0,0
2.0,1,0,0,0,352.0,67.0,12.0,0.1333333333333333,94.66666666666669,0,0
7.0,2,1,0,0,60.0,45.0,23.0,0.4666666666666667,79.33333333333333,1,0
0.0,1,0,0,0,258.0,90.0,4.0,0.0,100.0,0,0
4.0,1,0,0,0,358.0,129.0,18.0,0.2666666666666666,89.33333333333333,0,0
4.0,3,2,0,0,0.0,98.0,8.0,0.2666666666666666,85.33333333333333,1,0
4.0,1,0,0,0,320.0,56.0,15.0,0.2666666666666666,89.33333333333333,0,1
3.0,0,0,0,0,275.0,108.0,7.0,0.2,92.0,0,0
3.0,1,0,1,0,60.0,92.0,16.0,0.2,88.0,1,0
6.0,0,0,0,0,298.0,54.0,6.0,0.4,84.0,0,0
3.0,1,0,0,0,343.0,120.0,6.0,0.2,92.0,0,0
2.0,0,0,0,0,204.0,130.0,25.0,0.1333333333333333,94.66666666666669,0,0
3.0,3,1,0,1,120.0,38.0,14.0,0.2,84.0,1,1
2.0,0,0,0,0,347.0,81.0,4.0,0.1333333333333333,94.66666666666669,0,0
8.0,0,0,0,0,227.0,114.0,16.0,0.5333333333333333,78.66666666666667,0,0
7.0,0,0,0,0,194.0,113.0,15.0,0.4666666666666667,81.33333333333333,0,0
8.0,6,2,3,0,0.0,43.0,24.0,0.5333333333333333,62.66666666666667,1,1
12.0,4,4,0,0,0.0,60.0,20.0,0.8,60.0,1,1
7.0,1,0,1,0,150.0,27.0,12.0,0.4666666666666667,77.33333333333333,1,0
10.0,1,0,1,0,0.0,47.0,1.0,0.6666666666666666,69.33333333333334,1,1
3.0,0,0,0,0,189.0,104.0,25.0,0.2,92.0,0,0
4.0,2,1,0,0,150.0,52.0,5.0,0.2666666666666666,87.33333333333333,1,0
1.0,1,0,0,0,269.0,71.0,13.0,0.0666666666666666,97.33333333333331,0,0
5.0,3,2,0,0,30.0,89.0,13.0,0.3333333333333333,82.66666666666667,1,0
4.0,0,0,0,0,354.0,102.0,9.0,0.2666666666666666,89.33333333333333,0,0
4.0,2,1,0,0,90.0,120.0,13.0,0.2666666666666666,87.33333333333333,1,0
0.0,0,0,0,0,200.0,58.0,24.0,0.0,100.0,0,0
6.0,0,0,0,0,281.0,104.0,4.0,0.4,84.0,0,0
11.0,3,0,2,1,60.0,78.0,20.0,0.7333333333333333,56.66666666666667,1,1
6.0,3,1,1,1,30.0,19.0,19.0,0.4,72.0,1,1
3.0,1,0,0,0,223.0,128.0,7.0,0.2,92.0,0,0
3.0,2,0,1,0,120.0,34.0,8.0,0.2,88.0,1,0
3.0,2,2,0,0,60.0,71.0,14.0,0.2,88.0,1,0
8.0,1,0,0,1,90.0,36.0,22.0,0.5333333333333333,72.66666666666667,1,1
6.0,1,1,0,1,30.0,55.0,10.0,0.4,76.0,1,1
10.0,3,0,3,1,0.0,57.0,23.0,0.6666666666666666,55.33333333333334,1,1
13.0,6,1,1,3,0.0,39.0,10.0,0.8666666666666667,41.33333333333333,1,1
4.0,0,1,0,0,60.0,115.0,3.0,0.2666666666666666,87.33333333333333,1,0
3.0,0,0,0,0,232.0,53.0,17.0,0.2,92.0,0,0
10.0,2,0,1,1,60.0,71.0,22.0,0.6666666666666666,63.33333333333334,1,1
1.0,0,0,0,0,349.0,85.0,5.0,0.0666666666666666,97.33333333333331,0,0
8.0,0,0,1,0,90.0,94.0,4.0,0.5333333333333333,74.66666666666667,1,0
0.0,0,0,0,0,331.0,72.0,5.0,0.0,100.0,0,0
9.0,4,2,0,1,0.0,29.0,17.0,0.6,66.0,1,1
7.0,2,2,0,0,0.0,34.0,2.0,0.4666666666666667,77.33333333333333,1,0
1.0,0,0,0,0,197.0,118.0,3.0,0.0666666666666666,97.33333333333331,0,0
7.0,0,0,0,0,304.0,140.0,2.0,0.4666666666666667,81.33333333333333,0,0
1.0,1,0,0,0,184.0,100.0,17.0,0.0666666666666666,97.33333333333331,0,0
3.0,1,0,0,0,300.0,106.0,17.0,0.2,92.0,0,0
5.0,1,1,0,0,60.0,73.0,3.0,0.3333333333333333,84.66666666666667,1,0
